Charge Type,Charge Description,row_count,total_value,Major Category,Subcategory,Method
(CL175) CLASS 175.0 (EX175) 393 EX175 66803,(CL175) CLASS 175.0 (EX175) 393 EX175 66803,1,2625.36,Other / Uncategorized,Unclassified,none
(EX175) 103 EX175 84977,(EX175) 103 EX175 84977,1,875.26,Other / Uncategorized,Unclassified,none
(EX175) 117 EX175 42389,(EX175) 117 EX175 42389,1,495.95,Other / Uncategorized,Unclassified,none
(EX175) 123 EX175 91831,(EX175) 123 EX175 91831,1,1129.52,Other / Uncategorized,Unclassified,none
(EX175) 129 EX175 27658,(EX175) 129 EX175 27658,1,356.79,Other / Uncategorized,Unclassified,none
(EX175) 130 EX175 93006,(EX175) 130 EX175 93006,1,1209.08,Other / Uncategorized,Unclassified,none
(EX175) 135 EX175 21592,(EX175) 135 EX175 21592,1,291.49,Other / Uncategorized,Unclassified,none
(EX175) 135 EX175 66263,(EX175) 135 EX175 66263,1,894.55,Other / Uncategorized,Unclassified,none
(EX175) 135 EX175 76639,(EX175) 135 EX175 76639,1,1034.63,Other / Uncategorized,Unclassified,none
(EX175) 139 EX175 68804,(EX175) 139 EX175 68804,1,956.38,Other / Uncategorized,Unclassified,none
(EX175) 142 EX175 111431,(EX175) 142 EX175 111431,1,1582.32,Other / Uncategorized,Unclassified,none
(EX175) 143 EX175 66263,(EX175) 143 EX175 66263,1,947.56,Other / Uncategorized,Unclassified,none
(EX175) 145 EX175 77588,(EX175) 145 EX175 77588,1,1125.03,Other / Uncategorized,Unclassified,none
(EX175) 147 EX175 53975,(EX175) 147 EX175 53975,1,793.43,Other / Uncategorized,Unclassified,none
(EX175) 159 EX175 51808,(EX175) 159 EX175 51808,1,823.75,Other / Uncategorized,Unclassified,none
(EX175) 168 EX175 90538,(EX175) 168 EX175 90538,1,1521.04,Other / Uncategorized,Unclassified,none
(EX175) 174 EX175 24152,(EX175) 174 EX175 24152,1,420.24,Other / Uncategorized,Unclassified,none
(EX175) 205 EX175 105109,(EX175) 205 EX175 105109,1,2154.73,Other / Uncategorized,Unclassified,none
(EX175) 219 EX175 81785,(EX175) 219 EX175 81785,1,1791.09,Other / Uncategorized,Unclassified,none
(EX175) 220 EX175 56272,(EX175) 220 EX175 56272,1,1237.98,Other / Uncategorized,Unclassified,none
(EX175) 221 EX175 71316,(EX175) 221 EX175 71316,1,1576.08,Other / Uncategorized,Unclassified,none
(EX175) 227 EX175 71316,(EX175) 227 EX175 71316,1,1618.87,Other / Uncategorized,Unclassified,none
(EX175) 230 EX175 62232,(EX175) 230 EX175 62232,1,1431.34,Other / Uncategorized,Unclassified,none
(EX175) 231 EX175 82620,(EX175) 231 EX175 82620,1,1908.52,Other / Uncategorized,Unclassified,none
(EX175) 233 EX175 32391,(EX175) 233 EX175 32391,1,754.71,Other / Uncategorized,Unclassified,none
(EX175) 233 EX175 66057,(EX175) 233 EX175 66057,1,1539.13,Other / Uncategorized,Unclassified,none
(EX175) 235 EX175 82620,(EX175) 235 EX175 82620,1,1941.57,Other / Uncategorized,Unclassified,none
(EX175) 239 EX175 90631,(EX175) 239 EX175 90631,1,2166.08,Other / Uncategorized,Unclassified,none
(EX175) 263 EX175 56272,(EX175) 263 EX175 56272,1,1479.95,Other / Uncategorized,Unclassified,none
(EX175) 286 EX175 32391,(EX175) 286 EX175 32391,1,926.38,Other / Uncategorized,Unclassified,none
(EX175) 342 EX175 18515,(EX175) 342 EX175 18515,1,633.21,Other / Uncategorized,Unclassified,none
(EX175) 355 EX175 90538,(EX175) 355 EX175 90538,1,3214.1,Other / Uncategorized,Unclassified,none
(EX175) 427 EX175 16553,(EX175) 427 EX175 16553,1,706.81,Other / Uncategorized,Unclassified,none
(EX175) 43 EX175 90538,(EX175) 43 EX175 90538,1,389.31,Other / Uncategorized,Unclassified,none
(EX175) 435 EX175 21592,(EX175) 435 EX175 21592,1,939.25,Other / Uncategorized,Unclassified,none
(EX175) 57 EX175 16553,(EX175) 57 EX175 16553,1,94.35,Other / Uncategorized,Unclassified,none
(EX175) 65 EX175 64814,(EX175) 65 EX175 64814,1,421.29,Other / Uncategorized,Unclassified,none
(EX175) 66 EX175 77588,(EX175) 66 EX175 77588,1,512.08,Other / Uncategorized,Unclassified,none
(EX175) 68 EX175 52780,(EX175) 68 EX175 52780,1,358.9,Other / Uncategorized,Unclassified,none
(EX175) 73 EX175 89532,(EX175) 73 EX175 89532,1,653.58,Other / Uncategorized,Unclassified,none
(EX175) 83 EX175 57301,(EX175) 83 EX175 57301,1,475.6,Other / Uncategorized,Unclassified,none
(EX175) 84 EX175 64814,(EX175) 84 EX175 64814,1,544.44,Other / Uncategorized,Unclassified,none
(EX175) 84 EX175 73008,(EX175) 84 EX175 73008,1,613.27,Other / Uncategorized,Unclassified,none
(EX175) 85 EX175 55646,(EX175) 85 EX175 55646,1,472.99,Other / Uncategorized,Unclassified,none
(EX175) 86 EX175 50855,(EX175) 86 EX175 50855,1,437.35,Other / Uncategorized,Unclassified,none
(EX175) 87 EX175 90538,(EX175) 87 EX175 90538,1,787.68,Other / Uncategorized,Unclassified,none
(EX175) 88 EX175 76639,(EX175) 88 EX175 76639,1,674.42,Other / Uncategorized,Unclassified,none
(EX175) 90 EX175 27658,(EX175) 90 EX175 27658,1,248.92,Other / Uncategorized,Unclassified,none
(EX175) 93 EX175 34306,(EX175) 93 EX175 34306,1,319.05,Other / Uncategorized,Unclassified,none
(EX175) 96 EX175 90538,(EX175) 96 EX175 90538,1,869.16,Other / Uncategorized,Unclassified,none
(EX175) 97 EX175 84977,(EX175) 97 EX175 84977,1,824.28,Other / Uncategorized,Unclassified,none
(EX175) 99 EX175 76639,(EX175) 99 EX175 76639,1,758.73,Other / Uncategorized,Unclassified,none
* DEFICIT WEIGHT CHARGE *,* DEFICIT WEIGHT CHARGE *,1,58.23,Line Haul / Base Transportation,General / Mode Not Specified,tfidf_fallback
* NMFC 061700-03 ELECTRICAL APPLIANCE 250 169 MIN,* NMFC 061700-03 ELECTRICAL APPLIANCE 250 169 MIN,1,173.02,Other / Uncategorized,Unclassified,none
* NMFC 062070-01 GEAR-MOTORS OR PARTS 70 914 29.65,* NMFC 062070-01 GEAR-MOTORS OR PARTS 70 914 29.65,1,271.0,Administrative & Service Fees,Third Party Billing,tfidf_fallback
"* NMFC 133300-02 MACHINERY, NOI, OR 250 375 71.02","* NMFC 133300-02 MACHINERY, NOI, OR 250 375 71.02",1,266.33,Other / Uncategorized,Unclassified,none
* NMFC 133300-02 MACHINERY; NOI; OR 250 141 MIN,* NMFC 133300-02 MACHINERY; NOI; OR 250 141 MIN,1,173.02,Other / Uncategorized,Unclassified,none
* NMFC 133300-02 MACHINERY; NOI; OR 250 150 MIN,* NMFC 133300-02 MACHINERY; NOI; OR 250 150 MIN,1,173.02,Other / Uncategorized,Unclassified,none
* NMFC 133300-02 MACHINERY; NOI; OR 250 207 MIN,* NMFC 133300-02 MACHINERY; NOI; OR 250 207 MIN,1,173.02,Other / Uncategorized,Unclassified,none
* NMFC 133300-02 MACHINERY; NOI; OR 250 210 MIN,* NMFC 133300-02 MACHINERY; NOI; OR 250 210 MIN,1,173.02,Other / Uncategorized,Unclassified,none
* NMFC 133300-02 MACHINERY; NOI; OR 250 220 MIN,* NMFC 133300-02 MACHINERY; NOI; OR 250 220 MIN,1,173.02,Other / Uncategorized,Unclassified,none
* NMFC 133300-02 MACHINERY; NOI; OR 250 292 MIN,* NMFC 133300-02 MACHINERY; NOI; OR 250 292 MIN,1,158.29,Other / Uncategorized,Unclassified,none
* NMFC 133300-02 MACHINERY; NOI; OR 250 3334 30.63,* NMFC 133300-02 MACHINERY; NOI; OR 250 3334 30.63,1,1021.2,Other / Uncategorized,Unclassified,none
* NMFC 133300-02 MACHINERY; NOI; OR 250 380 48.16,* NMFC 133300-02 MACHINERY; NOI; OR 250 380 48.16,1,183.01,Other / Uncategorized,Unclassified,none
* NMFC 133300-02 MACHINERY; NOI; OR 250 460 46.46,* NMFC 133300-02 MACHINERY; NOI; OR 250 460 46.46,1,213.72,Other / Uncategorized,Unclassified,none
"* NMFC 133300-03 MACHINERY, NOI, OR 125 294 MIN","* NMFC 133300-03 MACHINERY, NOI, OR 125 294 MIN",1,254.09,Other / Uncategorized,Unclassified,none
* NMFC 133300-03 MACHINERY; NOI; OR 125 100 MIN,* NMFC 133300-03 MACHINERY; NOI; OR 125 100 MIN,1,158.29,Other / Uncategorized,Unclassified,none
* NMFC 133300-03 MACHINERY; NOI; OR 125 105 MIN,* NMFC 133300-03 MACHINERY; NOI; OR 125 105 MIN,1,158.29,Other / Uncategorized,Unclassified,none
* NMFC 133300-03 MACHINERY; NOI; OR 125 120 MIN,* NMFC 133300-03 MACHINERY; NOI; OR 125 120 MIN,1,173.02,Other / Uncategorized,Unclassified,none
* NMFC 133300-03 MACHINERY; NOI; OR 125 163 MIN,* NMFC 133300-03 MACHINERY; NOI; OR 125 163 MIN,1,173.02,Other / Uncategorized,Unclassified,none
* NMFC 133300-03 MACHINERY; NOI; OR 125 1655 34.77,* NMFC 133300-03 MACHINERY; NOI; OR 125 1655 34.77,1,575.44,Other / Uncategorized,Unclassified,none
* NMFC 133300-03 MACHINERY; NOI; OR 125 212 MIN,* NMFC 133300-03 MACHINERY; NOI; OR 125 212 MIN,1,173.02,Other / Uncategorized,Unclassified,none
* NMFC 133300-03 MACHINERY; NOI; OR 125 214 MIN,* NMFC 133300-03 MACHINERY; NOI; OR 125 214 MIN,1,158.29,Other / Uncategorized,Unclassified,none
* NMFC 133300-03 MACHINERY; NOI; OR 125 252 MIN,* NMFC 133300-03 MACHINERY; NOI; OR 125 252 MIN,1,173.02,Other / Uncategorized,Unclassified,none
* NMFC 133300-03 MACHINERY; NOI; OR 125 281 MIN,* NMFC 133300-03 MACHINERY; NOI; OR 125 281 MIN,1,173.02,Other / Uncategorized,Unclassified,none
* NMFC 133300-03 MACHINERY; NOI; OR 125 330 MIN,* NMFC 133300-03 MACHINERY; NOI; OR 125 330 MIN,1,173.02,Other / Uncategorized,Unclassified,none
"* NMFC UNKNOWN, TARIFF ITEM 170 SUB 13 50 561 37.20","* NMFC UNKNOWN, TARIFF ITEM 170 SUB 13 50 561 37.20",1,208.69,Other / Uncategorized,Unclassified,none
*** SUM *** WEIGHT,*** SUM *** WEIGHT,2,207.34,Line Haul / Base Transportation,General / Mode Not Specified,tfidf_fallback
*** SUM *** WEIGHT & CHARGE,*** SUM *** WEIGHT & CHARGE,1,155.93,Line Haul / Base Transportation,General / Mode Not Specified,tfidf_fallback
************AMOUNT DUE************,************AMOUNT DUE************,1,690.39,Discounts,General Discount,tfidf_fallback
--> R&L'S DISCOUNT SAVES YOU,--> R&L'S DISCOUNT SAVES YOU,1,-159.79,Discounts,General Discount,rule
0000009 DEFICIT WT=LOWER CHARGES ** **,0000009 DEFICIT WT=LOWER CHARGES ** **,1,40.55,Other / Uncategorized,Unclassified,none
0002264 WEIGHT VALIDATION FEE,0002264 WEIGHT VALIDATION FEE,1,22.64,Line Haul / Base Transportation,General / Mode Not Specified,tfidf_fallback
002650 CALIFORNIA COMPLIANCE,002650 CALIFORNIA COMPLIANCE,1,26.5,Other / Uncategorized,Unclassified,none
008422,008422,1,84.22,Other / Uncategorized,Unclassified,none
013400 CLOSE OF BUSINESS DELV,013400 CLOSE OF BUSINESS DELV,2,268.0,Other / Uncategorized,Unclassified,none
05.30% DISC,05.30% DISC,2,-54.230000000000004,Discounts,General Discount,tfidf_fallback
056590-04 (CL175) CLASS 175.0 (EX175) 144 EX175 77040,056590-04 (CL175) CLASS 175.0 (EX175) 144 EX175 77040,1,1109.38,Other / Uncategorized,Unclassified,none
056590-04 (CL175) CLASS 175.0 (EX175) 392 EX175 84337,056590-04 (CL175) CLASS 175.0 (EX175) 392 EX175 84337,1,3306.01,Other / Uncategorized,Unclassified,none
1 DIVISION 1.4; LIMITED QUANTITY L: 48 W: 40 H: 48 IN 64300-2 322 64.83,1 DIVISION 1.4; LIMITED QUANTITY L: 48 W: 40 H: 48 IN 64300-2 322 64.83,1,208.75,Other / Uncategorized,Unclassified,none
1 Each Extreme Length $175.00,1 Each Extreme Length $175.00,1,175.0,Other / Uncategorized,Unclassified,none
1 SKD CONTROL VALVE CLASS 70 156 M,1 SKD CONTROL VALVE CLASS 70 156 M,1,1190.52,Administrative & Service Fees,Declared Value / Insurance,tfidf_fallback
1. Org. Cargo Screening Base Rate EUR 60;00 Zero Rated,1. Org. Cargo Screening Base Rate EUR 60;00 Zero Rated,1,60.0,Accessorial / Delivery Surcharge,Security Surcharge,rule
1. Org. Terminal Handling-Forwarder Greater of (Min Zero Rated,1. Org. Terminal Handling-Forwarder Greater of (Min Zero Rated,1,30.0,Accessorial / Delivery Surcharge,Additional Handling,tfidf_fallback
10.40% DISC,10.40% DISC,2,-105.38,Discounts,General Discount,tfidf_fallback
12.986 %  HST,12.986 %  HST,1,1.87,Taxes & Customs,GST / HST,rule
13.000 %  HST,13.000 %  HST,134,634.15,Taxes & Customs,GST / HST,rule
13.006 %  HST,13.006 %  HST,1,4.37,Taxes & Customs,GST / HST,rule
15 15 MISC PARTS FOR STORAGE 4974,15 15 MISC PARTS FOR STORAGE 4974,1,515.0,Administrative & Service Fees,Package Handling / Storage,rule
15.000 %  HST,15.000 %  HST,13,159.4,Taxes & Customs,GST / HST,rule
175.0 48.0 X 1.0 X 1.0 (EX175) 135 EX175 66803,175.0 48.0 X 1.0 X 1.0 (EX175) 135 EX175 66803,1,901.84,Other / Uncategorized,Unclassified,none
2 DIVISION 1.4; LIMITED QUANTITY L: 48 W: 40 H: 48 IN 64300-2 5;690 12.66,2 DIVISION 1.4; LIMITED QUANTITY L: 48 W: 40 H: 48 IN 64300-2 5;690 12.66,1,720.35,Other / Uncategorized,Unclassified,none
2 DIVISION 1.4; LIMITED QUANTITY L: 48 W: 40 H: 48 IN 64300-2 6;760 9.84,2 DIVISION 1.4; LIMITED QUANTITY L: 48 W: 40 H: 48 IN 64300-2 6;760 9.84,1,665.18,Other / Uncategorized,Unclassified,none
20   x 20   x 12   box,20   x 20   x 12   box,1,9.5,Other / Uncategorized,Unclassified,none
26 26 SKIDS 999,26 26 SKIDS 999,1,515.0,Other / Uncategorized,Unclassified,none
27.0 235 87215,27.0 235 87215,1,2049.55,Other / Uncategorized,Unclassified,none
28.60% DISC,28.60% DISC,1,-117.37,Discounts,General Discount,tfidf_fallback
2nd Day Air Hundredweight,2nd Day Air Hundredweight,28,2341.25,Line Haul / Base Transportation,Air Freight,rule
2nd Day Air Residential,2nd Day Air Residential,27,844.02,Line Haul / Base Transportation,Air Freight,rule
3 Day Select Residential,3 Day Select Residential,7,151.77,Line Haul / Base Transportation,Air Freight,rule
3 Day Select Undeliverable Return,3 Day Select Undeliverable Return,27,315.86,Line Haul / Base Transportation,Air Freight,rule
3 SKD DIGITAL CABLE MODEMS (640 SAX; 384 100 CLASS 100 FAK 1;758 22.51,3 SKD DIGITAL CABLE MODEMS (640 SAX; 384 100 CLASS 100 FAK 1;758 22.51,1,395.73,Other / Uncategorized,Unclassified,none
32.8% FUEL SURCHARGE,32.8% FUEL SURCHARGE,1,310.66,Fuel Surcharge,Domestic Fuel Surcharge,rule
32X24X16 IT-62070-1 CL70 70 601 37.20,32X24X16 IT-62070-1 CL70 70 601 37.20,1,223.57,Other / Uncategorized,Unclassified,none
33.1% FUEL SURCHARGE,33.1% FUEL SURCHARGE,3,1048.25,Fuel Surcharge,Domestic Fuel Surcharge,rule
33.9% FUEL SURCHARGE,33.9% FUEL SURCHARGE,2,285.64,Fuel Surcharge,Domestic Fuel Surcharge,rule
34% FUEL SURCHARGE,34% FUEL SURCHARGE,1,193.04,Fuel Surcharge,Domestic Fuel Surcharge,rule
36 36 MISC PARTS FOR STORAGE 070 34974,36 36 MISC PARTS FOR STORAGE 070 34974,1,515.0,Administrative & Service Fees,Package Handling / Storage,rule
38 38 SHUTTLE TO BELIMO 2600,38 38 SHUTTLE TO BELIMO 2600,1,515.0,Other / Uncategorized,Unclassified,none
4 4 MISC PARTS FOR STORAGE 070 2000,4 4 MISC PARTS FOR STORAGE 070 2000,1,515.0,Administrative & Service Fees,Package Handling / Storage,rule
40.0 X 20.0 (EX175) 88 EX175 77588,40.0 X 20.0 (EX175) 88 EX175 77588,1,682.77,Other / Uncategorized,Unclassified,none
40.0 X 36.0 (EX175) 136 EX175 77588,40.0 X 36.0 (EX175) 136 EX175 77588,1,1055.2,Other / Uncategorized,Unclassified,none
40X24X28IN 70 276 MIN,40X24X28IN 70 276 MIN,1,173.02,Other / Uncategorized,Unclassified,none
40X24X28IN 70 554 35.93,40X24X28IN 70 554 35.93,1,199.05,Other / Uncategorized,Unclassified,none
4570004072 SHPR# PRINTED ADHESIVE LABELS *FXF PZONE01/05/26 ILS 11115,4570004072 SHPR# PRINTED ADHESIVE LABELS *FXF PZONE01/05/26 ILS 11115,1,885.1,Administrative & Service Fees,Returns / Print Label Fee,rule
48.0 X 42.0 X 61.0 608 62092,48.0 X 42.0 X 61.0 608 62092,1,3775.19,Other / Uncategorized,Unclassified,none
49.0 280 EX175 71316 (EX175),49.0 280 EX175 71316 (EX175),1,1996.85,Other / Uncategorized,Unclassified,none
5.000 %  GST,5.000 %  GST,59,149.5,Taxes & Customs,GST / HST,rule
50 3;158 22.49,50 3;158 22.49,1,710.23,Other / Uncategorized,Unclassified,none
53.0 287 EX175 84600 (EX175),53.0 287 EX175 84600 (EX175),1,2428.02,Other / Uncategorized,Unclassified,none
61.0 338 EX175 81785 (EX175),61.0 338 EX175 81785 (EX175),1,2764.33,Other / Uncategorized,Unclassified,none
65.0 379 EX175 76639 (EX175),65.0 379 EX175 76639 (EX175),1,2904.62,Other / Uncategorized,Unclassified,none
68246558 SHPR# CONTROL VALVE *FXF 50101/05/26 ILS 04245 FAK RATES APPLIED,68246558 SHPR# CONTROL VALVE *FXF 50101/05/26 ILS 04245 FAK RATES APPLIED,1,954.89,Other / Uncategorized,Unclassified,none
70 FAK 55 1;051 26.17,70 FAK 55 1;051 26.17,1,275.05,Other / Uncategorized,Unclassified,none
74.0 433 EX175 56272 (EX175),74.0 433 EX175 56272 (EX175),1,2436.58,Other / Uncategorized,Unclassified,none
75.00% DISCOUNT,75.00% DISCOUNT,1,-1033.42,Discounts,General Discount,rule
78.00% DISC 0.00,78.00% DISC 0.00,1,-1816.02,Discounts,General Discount,tfidf_fallback
78.00% DISC FLAT,78.00% DISC FLAT,1,-7015.71,Discounts,General Discount,tfidf_fallback
795 LESS DISCOUNT,795 LESS DISCOUNT,1,-823.65,Discounts,General Discount,rule
800 LESS DISCOUNT,800 LESS DISCOUNT,3,-15553.29,Discounts,General Discount,rule
9.975 %  QST,9.975 %  QST,3,24.71,Taxes & Customs,GST / HST,tfidf_fallback
<> ELIVERY ESTES GUARANTEE 12PM - EXPRESS ,<> ELIVERY ESTES GUARANTEE 12PM - EXPRESS ,1,25.0,Line Haul / Base Transportation,International / Export / Import Freight,tfidf_fallback
ACCESSORIAL FEE ADJUSTMENT,ACCESSORIAL FEE ADJUSTMENT,1,10.0,Administrative & Service Fees,Billing Adjustment / Correction,tfidf_fallback
ACMS FEE,ACMS FEE,16,240.0,Other / Uncategorized,Unclassified,none
ACTUATOR 70 105 MIN,ACTUATOR 70 105 MIN,1,173.02,Other / Uncategorized,Unclassified,none
ACTUATOR 70 175 MIN,ACTUATOR 70 175 MIN,1,173.02,Other / Uncategorized,Unclassified,none
ACTUATOR 70 180 MIN,ACTUATOR 70 180 MIN,1,158.29,Other / Uncategorized,Unclassified,none
ACTUATOR 70 86 MIN,ACTUATOR 70 86 MIN,1,173.02,Other / Uncategorized,Unclassified,none
ACTUATOR 70 90 MIN,ACTUATOR 70 90 MIN,1,158.29,Other / Uncategorized,Unclassified,none
ACTUATOR 70 95 MIN,ACTUATOR 70 95 MIN,1,158.29,Other / Uncategorized,Unclassified,none
ACTUATOR 70 960 23.58,ACTUATOR 70 960 23.58,1,226.37,Other / Uncategorized,Unclassified,none
ACTUATORS,ACTUATORS,3,8064.33,Other / Uncategorized,Unclassified,none
ACTUATORS 100 178 MIN,ACTUATORS 100 178 MIN,1,158.29,Other / Uncategorized,Unclassified,none
ACTUATORS 100 224 MIN,ACTUATORS 100 224 MIN,1,158.29,Other / Uncategorized,Unclassified,none
ACTUATORS 100 241 MIN,ACTUATORS 100 241 MIN,1,158.29,Other / Uncategorized,Unclassified,none
ACTUATORS 100 355 MIN,ACTUATORS 100 355 MIN,1,158.29,Other / Uncategorized,Unclassified,none
ACTUATORS 100 550 MIN,ACTUATORS 100 550 MIN,1,158.29,Other / Uncategorized,Unclassified,none
ACTUATORS 125 122 MIN,ACTUATORS 125 122 MIN,1,158.29,Other / Uncategorized,Unclassified,none
ACTUATORS 125 140 MIN,ACTUATORS 125 140 MIN,1,158.29,Other / Uncategorized,Unclassified,none
ACTUATORS 125 242 MIN,ACTUATORS 125 242 MIN,1,158.29,Other / Uncategorized,Unclassified,none
ACTUATORS 125 244 MIN,ACTUATORS 125 244 MIN,1,158.29,Other / Uncategorized,Unclassified,none
ACTUATORS 125 269 MIN,ACTUATORS 125 269 MIN,1,158.29,Other / Uncategorized,Unclassified,none
ACTUATORS 125 320 MIN,ACTUATORS 125 320 MIN,1,158.29,Other / Uncategorized,Unclassified,none
ACTUATORS 92.5 162 MIN,ACTUATORS 92.5 162 MIN,1,158.29,Other / Uncategorized,Unclassified,none
ACTUATORS 92.5 314 MIN,ACTUATORS 92.5 314 MIN,1,158.29,Other / Uncategorized,Unclassified,none
ACTUATORS 92.5 390 MIN,ACTUATORS 92.5 390 MIN,1,158.29,Other / Uncategorized,Unclassified,none
ACUATORS 70 165 MIN,ACUATORS 70 165 MIN,1,173.02,Other / Uncategorized,Unclassified,none
ADDITIONAL CLASSIFICATIONS,ADDITIONAL CLASSIFICATIONS,13,398.0,Accessorial / Delivery Surcharge,Wait Time / Mileage / Toll,tfidf_fallback
ADDITIONAL HTS,ADDITIONAL HTS,22,549.5,Accessorial / Delivery Surcharge,Wait Time / Mileage / Toll,tfidf_fallback
ADDITIONAL INVOICES,ADDITIONAL INVOICES,2,120.0,Accessorial / Delivery Surcharge,Wait Time / Mileage / Toll,tfidf_fallback
ADDL INVOICE,ADDL INVOICE,6,175.0,Other / Uncategorized,Unclassified,none
ADDL LINE FEE,ADDL LINE FEE,8,107.0,Other / Uncategorized,Unclassified,none
ADDRESS CORRECTION,ADDRESS CORRECTION,3,33.0,Accessorial / Delivery Surcharge,Address Correction,rule
ADMI I N DOCS,ADMI I N DOCS,1,45.0,Administrative & Service Fees,Document Fee,tfidf_fallback
ADMI N DOCS,ADMI N DOCS,4,180.0,Administrative & Service Fees,Document Fee,tfidf_fallback
ADMI N DOCS E,ADMI N DOCS E,7,315.0,Administrative & Service Fees,Document Fee,tfidf_fallback
ADMIN DOCS,ADMIN DOCS,14,630.0,Administrative & Service Fees,Document Fee,tfidf_fallback
ADMIN DOCS E,ADMIN DOCS E,4,180.0,Administrative & Service Fees,Document Fee,tfidf_fallback
ADMIN.KOSTEN,ADMIN.KOSTEN,3,75.0,Other / Uncategorized,Unclassified,none
ADML N DOCS E,ADML N DOCS E,1,45.0,Administrative & Service Fees,Document Fee,tfidf_fallback
ADSTOP ADDITIONAL STOP,ADSTOP ADDITIONAL STOP,1,45.0,Accessorial / Delivery Surcharge,Wait Time / Mileage / Toll,tfidf_fallback
ADSTOP ADDITIONAL STOP UN LABEL,ADSTOP ADDITIONAL STOP UN LABEL,1,45.0,Accessorial / Delivery Surcharge,Wait Time / Mileage / Toll,tfidf_fallback
ADVANCE AT DESTINATION,ADVANCE AT DESTINATION,7,1341.92,Taxes & Customs,Customs / Brokerage,tfidf_fallback
ADVANCE MANIFEST,ADVANCE MANIFEST,6,190.0,Taxes & Customs,GST / HST,tfidf_fallback
ADVANCES,ADVANCES,1,575.0,Other / Uncategorized,Unclassified,none
ADVANCES CONCORDIA SYDNEY,ADVANCES CONCORDIA SYDNEY,1,1599.1,Other / Uncategorized,Unclassified,none
AES / ACE Fee (Air),AES / ACE Fee (Air),3,75.0,Other / Uncategorized,Unclassified,none
AES Filing Fee,AES Filing Fee,1,25.0,Other / Uncategorized,Unclassified,none
AFS AIR FREIGHT SURCHARGE,AFS AIR FREIGHT SURCHARGE,23,729.2700000000001,Line Haul / Base Transportation,Air Freight,rule
AFS AIR FREIGHT SURCHARGE 2.000 27.0100,AFS AIR FREIGHT SURCHARGE 2.000 27.0100,2,108.04,Line Haul / Base Transportation,Air Freight,rule
AFS AIR FREIGHT SURCHARGE AA,AFS AIR FREIGHT SURCHARGE AA,4,108.04,Line Haul / Base Transportation,Air Freight,rule
AFS AIR FREIGHT SURCHARGE DELTA,AFS AIR FREIGHT SURCHARGE DELTA,21,675.25,Line Haul / Base Transportation,Air Freight,rule
AFS AIR FREIGHT SURCHARGE DL 2.000 27.0100,AFS AIR FREIGHT SURCHARGE DL 2.000 27.0100,1,54.02,Line Haul / Base Transportation,Air Freight,rule
AFS AIR FREIGHT SURCHARGE WN,AFS AIR FREIGHT SURCHARGE WN,1,53.85,Line Haul / Base Transportation,Air Freight,rule
AHPD AFTER HOURS RECOVERY,AHPD AFTER HOURS RECOVERY,26,650.0,Accessorial / Delivery Surcharge,Saturday / After Hours / Holiday,rule
AHPD AFTER HOURS TENDER,AHPD AFTER HOURS TENDER,1,50.0,Accessorial / Delivery Surcharge,Saturday / After Hours / Holiday,rule
AHS - Dimensions,AHS - Dimensions,12,354.0,Accessorial / Delivery Surcharge,Additional Handling,tfidf_fallback
AHS - Weight,AHS - Weight,2,80.0,Line Haul / Base Transportation,General / Mode Not Specified,tfidf_fallback
AI RPORT TRANSFER,AI RPORT TRANSFER,2,75.84,Line Haul / Base Transportation,Air Freight,rule
AI RPORT TRANSFER E,AI RPORT TRANSFER E,3,97.88,Line Haul / Base Transportation,Air Freight,rule
AIR AMS FEE,AIR AMS FEE,28,700.0,Other / Uncategorized,Unclassified,none
AIR AMS FEES,AIR AMS FEES,17,425.0,Other / Uncategorized,Unclassified,none
AIR FREI IGHT E,AIR FREI IGHT E,3,1126.8,Line Haul / Base Transportation,General / Mode Not Specified,tfidf_fallback
AIR FREIGHT,AIR FREIGHT,123,504756.97,Line Haul / Base Transportation,Air Freight,rule
AIR FREIGHT E,AIR FREIGHT E,8,3256.1,Line Haul / Base Transportation,Air Freight,rule
AIR FREIGHT USD,AIR FREIGHT USD,14,77128.39,Line Haul / Base Transportation,Air Freight,rule
AIR FREIGHTÂ ,AIR FREIGHTÂ ,1,11056.5,Line Haul / Base Transportation,General / Mode Not Specified,tfidf_fallback
AIR IMPORT ENTRY,AIR IMPORT ENTRY,90,8550.0,Line Haul / Base Transportation,International / Export / Import Freight,rule
AIR REIGHT E,AIR REIGHT E,1,175.0,Line Haul / Base Transportation,General / Mode Not Specified,tfidf_fallback
AIR SWITCHES 100 346 MIN,AIR SWITCHES 100 346 MIN,1,118.25,Other / Uncategorized,Unclassified,none
AIRLINE PHARMA FEE,AIRLINE PHARMA FEE,8,600.0,Other / Uncategorized,Unclassified,none
AIRLINE PHARMA FEE E,AIRLINE PHARMA FEE E,6,450.0,Other / Uncategorized,Unclassified,none
AIRPORT FEE,AIRPORT FEE,13,82.27,Taxes & Customs,Duty & Import Tax,tfidf_fallback
AIRPORT TAX & HANDL. USD,AIRPORT TAX & HANDL. USD,2,95.0,Taxes & Customs,Sales / General Tax,rule
AIRPORT TRANSFER,AIRPORT TRANSFER,42,2260.11,Line Haul / Base Transportation,Air Freight,rule
AIRWAY BILL PREPARATION FEE,AIRWAY BILL PREPARATION FEE,16,610.3,Administrative & Service Fees,Document Fee,tfidf_fallback
ALR FREIGHT 7,ALR FREIGHT 7,1,855.64,Line Haul / Base Transportation,General / Mode Not Specified,rule
ALUM CAST 60 2732 21.51,ALUM CAST 60 2732 21.51,1,587.65,Taxes & Customs,GST / HST,tfidf_fallback
ALUMINUM CASTINGS 70 4310 17.00,ALUMINUM CASTINGS 70 4310 17.00,1,732.7,Other / Uncategorized,Unclassified,none
AMS (Automated Manifest System),AMS (Automated Manifest System),1,35.0,Other / Uncategorized,Unclassified,none
AMS Fee,AMS Fee,1,35.0,Other / Uncategorized,Unclassified,none
AOG Handling,AOG Handling,1,225.0,Accessorial / Delivery Surcharge,Additional Handling,tfidf_fallback
APPOINTMENT DELIVERY REQUESTED APPDR,APPOINTMENT DELIVERY REQUESTED APPDR,24,840.0,Accessorial / Delivery Surcharge,Delivery Area Surcharge (DAS),tfidf_fallback
APT APPOINTMENT,APT APPOINTMENT,2,102.5,Other / Uncategorized,Unclassified,none
AS 5000 POUNDS DEFICIT WEIGHT 318 45.57,AS 5000 POUNDS DEFICIT WEIGHT 318 45.57,1,144.91,Line Haul / Base Transportation,General / Mode Not Specified,tfidf_fallback
ASSEMBLED 40X24X28 IT-62070-1 CL70 70 555 35.93,ASSEMBLED 40X24X28 IT-62070-1 CL70 70 555 35.93,1,199.41,Other / Uncategorized,Unclassified,none
ASSEMBLED 40X24X28~ IT-62070-1 CL70 70 285 MIN,ASSEMBLED 40X24X28~ IT-62070-1 CL70 70 285 MIN,1,173.02,Other / Uncategorized,Unclassified,none
ASSEMBLED IT-062070-1 CL70 70 268 MIN,ASSEMBLED IT-062070-1 CL70 70 268 MIN,1,226.29,Other / Uncategorized,Unclassified,none
ASSEMBLED IT-62070-1 CL70 40X24X28 70 328 29.65,ASSEMBLED IT-62070-1 CL70 40X24X28 70 328 29.65,1,97.25,Other / Uncategorized,Unclassified,none
ATDL ATTEMPTED TENDER,ATDL ATTEMPTED TENDER,1,75.0,Other / Uncategorized,Unclassified,none
ATDL ATTEMPTED TENDER UA,ATDL ATTEMPTED TENDER UA,1,45.0,Other / Uncategorized,Unclassified,none
ATPU ATTEMPTED PICKUP,ATPU ATTEMPTED PICKUP,5,600.0,Administrative & Service Fees,Pickup Service,rule
ATPU ATTEMPTED PICKUP X 2 2.000 75.0000,ATPU ATTEMPTED PICKUP X 2 2.000 75.0000,1,150.0,Administrative & Service Fees,Pickup Service,rule
ATPU ATTEMPTED RECOVERY,ATPU ATTEMPTED RECOVERY,3,135.0,Accessorial / Delivery Surcharge,Delivery Area Surcharge (DAS),tfidf_fallback
AWB,AWB,45,191.25,Other / Uncategorized,Unclassified,none
AWB (Air waybill),AWB (Air waybill),2,36.989999999999995,Other / Uncategorized,Unclassified,none
AWB Revalidation,AWB Revalidation,1,22.05,Other / Uncategorized,Unclassified,none
AXP DECLARATION,AXP DECLARATION,10,640.0,Administrative & Service Fees,Declared Value / Insurance,tfidf_fallback
Accessorial,46.16 DEFICIT WGT. CHARGE 70 3,1,1.38,Other / Uncategorized,Unclassified,none
Accessorial,46.16 DEFICIT WGT. CHARGE 70 8,1,3.69,Other / Uncategorized,Unclassified,none
Accessorial,AMS Fee,1,50.0,Other / Uncategorized,Unclassified,none
Accessorial,APT APPOINTMENT,19,945.0,Other / Uncategorized,Unclassified,none
Accessorial,Address Correction 2nd Day Air,44,627.29,Accessorial / Delivery Surcharge,Address Correction,rule
Accessorial,Address Correction 3 Day Select,5,82.05,Accessorial / Delivery Surcharge,Address Correction,rule
Accessorial,Address Correction Expedited,3,65.64,Accessorial / Delivery Surcharge,Address Correction,rule
Accessorial,Address Correction Express,7,121.35,Accessorial / Delivery Surcharge,Address Correction,rule
Accessorial,Address Correction Fuel Surcharge,596,1871.37,Fuel Surcharge,Fuel Surcharge Correction,rule
Accessorial,Address Correction Next Day Air,34,459.4,Accessorial / Delivery Surcharge,Address Correction,rule
Accessorial,Address Correction Next Day Air Saver,1,16.41,Accessorial / Delivery Surcharge,Address Correction,rule
Accessorial,Address Correction Standard,1,31.44,Accessorial / Delivery Surcharge,Address Correction,rule
Accessorial,Address Correction Worldwide Saver,4,65.64,Accessorial / Delivery Surcharge,Address Correction,rule
Accessorial,Airway Bill (AWB) Fee,16,1320.0,Other / Uncategorized,Unclassified,none
Accessorial,BEFORE HOURS PICK UP CHARGE,3,525.0,Administrative & Service Fees,Pickup Service,tfidf_fallback
Accessorial,CANADIAN BORDER PROCESSING FEE,1,15.0,Taxes & Customs,Customs / Brokerage,tfidf_fallback
Accessorial,CBI INSPECTION OF SHIPMENT FEE,11,140.0,Administrative & Service Fees,Billing Adjustment / Correction,tfidf_fallback
Accessorial,CBL BILL OF LADING CORRECTION,2,20.0,Fuel Surcharge,Fuel Surcharge Correction,tfidf_fallback
Accessorial,CBR REWEIGH OF SHIPMENT FEE,10,143.0,Other / Uncategorized,Unclassified,none
Accessorial,CCS CALIFORNIA COMPLIANCE SURCHARGE,52,1404.0,Accessorial / Delivery Surcharge,Demand / Peak Surcharge,tfidf_fallback
Accessorial,CIB CUSTOMS INBOND U.S. M,2,401.0,Taxes & Customs,Customs / Brokerage,rule
Accessorial,COMPLIANCE SURCHARGE FLAT,46,644.0,Accessorial / Delivery Surcharge,Demand / Peak Surcharge,tfidf_fallback
Accessorial,Cargo Screening/X-Ray,38,2539.24,Accessorial / Delivery Surcharge,Security Surcharge,rule
Accessorial,Customs Clearance/Entry Fee,28,1270.0,Taxes & Customs,Customs / Brokerage,rule
Accessorial,Customs Processing and Admin Fees,6,30.0,Taxes & Customs,Customs / Brokerage,rule
Accessorial,Customs Processing and Admin Fees DIMENSIONS: 40 X 48 X 30 DAY AND ROSS FB# A11133503 P o # A11133503,1,5.0,Taxes & Customs,Customs / Brokerage,rule
Accessorial,Customs Processing and Admin Fees GENERAL LEDGER# 124-3785-64420,1,5.0,Taxes & Customs,Customs / Brokerage,rule
Accessorial,Customs Processing and Admin Fees ,1,5.0,Taxes & Customs,Customs / Brokerage,rule
Accessorial,DC VA METRO CHARGE FLAT,8,496.0,Other / Uncategorized,Unclassified,none
Accessorial,DEFICIT 170 2052,1,34.88,Other / Uncategorized,Unclassified,none
Accessorial,DEFICIT 95 3192,1,30.32,Other / Uncategorized,Unclassified,none
Accessorial,DEFICIT WGT ADDED TO RATE AS 1;000 100 330.97,1,330.97,Other / Uncategorized,Unclassified,none
Accessorial,DEFICIT WGT ADDED TO RATE AS 1;000 29 107.35,1,31.13,Other / Uncategorized,Unclassified,none
Accessorial,DEFICIT WGT ADDED TO RATE AS 1;000 6 114.39,1,6.86,Other / Uncategorized,Unclassified,none
Accessorial,DEFICIT WGT ADDED TO RATE AS 5;000 949 73.03,1,693.05,Other / Uncategorized,Unclassified,none
Accessorial,DEFICIT WGT. CHARGE 125 46 35.62,1,16.39,Other / Uncategorized,Unclassified,none
Accessorial,DEFICIT WGT. CHARGE 125 60 23.20,1,13.92,Other / Uncategorized,Unclassified,none
Accessorial,DEFICIT WGT. CHARGE 250 35 60.53,1,21.19,Other / Uncategorized,Unclassified,none
Accessorial,DEFICIT WGT. CHARGE 250 40 46.46,1,18.58,Other / Uncategorized,Unclassified,none
Accessorial,DEFICIT WGT. CHARGE 50 70 26.77,1,18.74,Other / Uncategorized,Unclassified,none
Accessorial,DEFICIT WGT. CHARGE 50 812 17.70,1,143.72,Other / Uncategorized,Unclassified,none
Accessorial,DEFICIT WGT. CHARGE 55 160 17.56,1,28.1,Other / Uncategorized,Unclassified,none
Accessorial,DEFICIT WGT. CHARGE 55 49 17.56,1,8.6,Other / Uncategorized,Unclassified,none
Accessorial,DEFICIT WGT. CHARGE 60 5 26.74,1,1.34,Other / Uncategorized,Unclassified,none
Accessorial,DEFICIT WGT. CHARGE 60 55 25.13,1,13.82,Other / Uncategorized,Unclassified,none
Accessorial,DEFICIT WGT. CHARGE 60 89 23.51,1,20.92,Other / Uncategorized,Unclassified,none
Accessorial,DEFICIT WGT. CHARGE 70 10 39.78,1,3.98,Other / Uncategorized,Unclassified,none
Accessorial,DEFICIT WGT. CHARGE 70 10 44.08,1,4.41,Other / Uncategorized,Unclassified,none
Accessorial,DEFICIT WGT. CHARGE 70 100 24.73,1,24.73,Other / Uncategorized,Unclassified,none
Accessorial,DEFICIT WGT. CHARGE 70 102 17.60,1,17.95,Other / Uncategorized,Unclassified,none
Accessorial,DEFICIT WGT. CHARGE 70 105 17.60,2,36.96,Other / Uncategorized,Unclassified,none
Accessorial,DEFICIT WGT. CHARGE 70 105 25.68,1,26.96,Other / Uncategorized,Unclassified,none
Accessorial,DEFICIT WGT. CHARGE 70 105 38.56,1,40.49,Other / Uncategorized,Unclassified,none
Accessorial,DEFICIT WGT. CHARGE 70 108 34.77,1,37.55,Other / Uncategorized,Unclassified,none
Accessorial,DEFICIT WGT. CHARGE 70 110 23.75,1,26.13,Other / Uncategorized,Unclassified,none
Accessorial,DEFICIT WGT. CHARGE 70 12 29.55,1,3.55,Other / Uncategorized,Unclassified,none
Accessorial,DEFICIT WGT. CHARGE 70 12 44.84,1,5.38,Other / Uncategorized,Unclassified,none
Accessorial,DEFICIT WGT. CHARGE 70 120 35.16,1,42.19,Other / Uncategorized,Unclassified,none
Accessorial,DEFICIT WGT. CHARGE 70 123 30.29,1,37.26,Other / Uncategorized,Unclassified,none
Accessorial,DEFICIT WGT. CHARGE 70 125 13.97,1,17.46,Other / Uncategorized,Unclassified,none
Accessorial,DEFICIT WGT. CHARGE 70 127 48.37,1,61.43,Other / Uncategorized,Unclassified,none
Accessorial,DEFICIT WGT. CHARGE 70 128 25.35,1,32.45,Other / Uncategorized,Unclassified,none
Accessorial,DEFICIT WGT. CHARGE 70 136 48.37,1,65.78,Other / Uncategorized,Unclassified,none
Accessorial,DEFICIT WGT. CHARGE 70 145 34.77,1,50.42,Other / Uncategorized,Unclassified,none
Accessorial,DEFICIT WGT. CHARGE 70 146 28.20,1,41.17,Other / Uncategorized,Unclassified,none
Accessorial,DEFICIT WGT. CHARGE 70 150 21.25,1,31.88,Other / Uncategorized,Unclassified,none
Accessorial,DEFICIT WGT. CHARGE 70 168 25.28,1,42.47,Other / Uncategorized,Unclassified,none
Accessorial,DEFICIT WGT. CHARGE 70 170 14.95,1,25.42,Other / Uncategorized,Unclassified,none
Accessorial,DEFICIT WGT. CHARGE 70 18 34.29,1,6.17,Other / Uncategorized,Unclassified,none
Accessorial,DEFICIT WGT. CHARGE 70 182 17.59,1,32.01,Other / Uncategorized,Unclassified,none
Accessorial,DEFICIT WGT. CHARGE 70 196 30.13,1,59.05,Other / Uncategorized,Unclassified,none
Accessorial,DEFICIT WGT. CHARGE 70 197 30.85,1,60.77,Other / Uncategorized,Unclassified,none
Accessorial,DEFICIT WGT. CHARGE 70 2 48.74,1,0.97,Other / Uncategorized,Unclassified,none
Accessorial,DEFICIT WGT. CHARGE 70 20 17.60,1,3.52,Other / Uncategorized,Unclassified,none
Accessorial,DEFICIT WGT. CHARGE 70 20 28.66,1,5.73,Other / Uncategorized,Unclassified,none
Accessorial,DEFICIT WGT. CHARGE 70 200 25.28,1,50.56,Other / Uncategorized,Unclassified,none
Accessorial,DEFICIT WGT. CHARGE 70 203 31.21,1,63.36,Other / Uncategorized,Unclassified,none
Accessorial,DEFICIT WGT. CHARGE 70 204 30.85,1,62.93,Other / Uncategorized,Unclassified,none
Accessorial,DEFICIT WGT. CHARGE 70 21 24.24,1,5.09,Other / Uncategorized,Unclassified,none
Accessorial,DEFICIT WGT. CHARGE 70 216 19.80,1,42.77,Other / Uncategorized,Unclassified,none
Accessorial,DEFICIT WGT. CHARGE 70 220 24.37,1,53.61,Other / Uncategorized,Unclassified,none
Accessorial,DEFICIT WGT. CHARGE 70 250 17.60,1,44.0,Other / Uncategorized,Unclassified,none
Accessorial,DEFICIT WGT. CHARGE 70 259 28.20,1,73.04,Other / Uncategorized,Unclassified,none
Accessorial,DEFICIT WGT. CHARGE 70 26 38.01,1,9.88,Other / Uncategorized,Unclassified,none
Accessorial,DEFICIT WGT. CHARGE 70 28 24.15,1,6.76,Other / Uncategorized,Unclassified,none
Accessorial,DEFICIT WGT. CHARGE 70 29 25.70,1,7.45,Other / Uncategorized,Unclassified,none
Accessorial,DEFICIT WGT. CHARGE 70 298 40.67,1,121.2,Other / Uncategorized,Unclassified,none
Accessorial,DEFICIT WGT. CHARGE 70 30 27.63,1,8.29,Other / Uncategorized,Unclassified,none
Accessorial,DEFICIT WGT. CHARGE 70 31 27.76,1,8.61,Other / Uncategorized,Unclassified,none
Accessorial,DEFICIT WGT. CHARGE 70 32 19.00,1,6.08,Other / Uncategorized,Unclassified,none
Accessorial,DEFICIT WGT. CHARGE 70 36 59.56,1,21.44,Other / Uncategorized,Unclassified,none
Accessorial,DEFICIT WGT. CHARGE 70 40 23.58,1,9.43,Other / Uncategorized,Unclassified,none
Accessorial,DEFICIT WGT. CHARGE 70 40 41.64,1,16.66,Other / Uncategorized,Unclassified,none
Accessorial,DEFICIT WGT. CHARGE 70 40 50.72,1,20.29,Other / Uncategorized,Unclassified,none
Accessorial,DEFICIT WGT. CHARGE 70 41 11.87,1,4.87,Other / Uncategorized,Unclassified,none
Accessorial,DEFICIT WGT. CHARGE 70 455 26.53,1,120.71,Other / Uncategorized,Unclassified,none
Accessorial,DEFICIT WGT. CHARGE 70 460 22.12,1,101.75,Other / Uncategorized,Unclassified,none
Accessorial,DEFICIT WGT. CHARGE 70 47 42.10,1,19.79,Other / Uncategorized,Unclassified,none
Accessorial,DEFICIT WGT. CHARGE 70 47 59.56,1,27.99,Other / Uncategorized,Unclassified,none
Accessorial,DEFICIT WGT. CHARGE 70 5 46.16,1,2.31,Other / Uncategorized,Unclassified,none
Accessorial,DEFICIT WGT. CHARGE 70 50 29.55,1,14.78,Other / Uncategorized,Unclassified,none
Accessorial,DEFICIT WGT. CHARGE 70 509 25.34,1,128.98,Other / Uncategorized,Unclassified,none
Accessorial,DEFICIT WGT. CHARGE 70 55 16.18,1,8.9,Other / Uncategorized,Unclassified,none
Accessorial,DEFICIT WGT. CHARGE 70 55 24.79,1,13.63,Other / Uncategorized,Unclassified,none
Accessorial,DEFICIT WGT. CHARGE 70 55 27.76,1,15.27,Other / Uncategorized,Unclassified,none
Accessorial,DEFICIT WGT. CHARGE 70 55 29.18,1,16.05,Other / Uncategorized,Unclassified,none
Accessorial,DEFICIT WGT. CHARGE 70 550 17.00,1,93.5,Other / Uncategorized,Unclassified,none
Accessorial,DEFICIT WGT. CHARGE 70 58 17.60,1,10.21,Other / Uncategorized,Unclassified,none
Accessorial,DEFICIT WGT. CHARGE 70 59 24.70,1,14.57,Other / Uncategorized,Unclassified,none
Accessorial,DEFICIT WGT. CHARGE 70 60 42.10,1,25.26,Other / Uncategorized,Unclassified,none
Accessorial,DEFICIT WGT. CHARGE 70 600 22.12,1,132.72,Other / Uncategorized,Unclassified,none
Accessorial,DEFICIT WGT. CHARGE 70 62 46.16,1,28.62,Other / Uncategorized,Unclassified,none
Accessorial,DEFICIT WGT. CHARGE 70 65 17.60,1,11.44,Other / Uncategorized,Unclassified,none
Accessorial,DEFICIT WGT. CHARGE 70 66 38.56,1,25.45,Other / Uncategorized,Unclassified,none
Accessorial,DEFICIT WGT. CHARGE 70 68 56.83,1,38.64,Other / Uncategorized,Unclassified,none
Accessorial,DEFICIT WGT. CHARGE 70 690 17.00,1,117.3,Other / Uncategorized,Unclassified,none
Accessorial,DEFICIT WGT. CHARGE 70 7 47.96,1,3.36,Other / Uncategorized,Unclassified,none
Accessorial,DEFICIT WGT. CHARGE 70 72 24.94,1,17.96,Other / Uncategorized,Unclassified,none
Accessorial,DEFICIT WGT. CHARGE 70 72 38.45,1,27.68,Other / Uncategorized,Unclassified,none
Accessorial,DEFICIT WGT. CHARGE 70 73 42.10,1,30.73,Other / Uncategorized,Unclassified,none
Accessorial,DEFICIT WGT. CHARGE 70 74 29.65,1,21.94,Other / Uncategorized,Unclassified,none
Accessorial,DEFICIT WGT. CHARGE 70 75 17.60,1,13.2,Other / Uncategorized,Unclassified,none
Accessorial,DEFICIT WGT. CHARGE 70 75 27.60,1,20.7,Other / Uncategorized,Unclassified,none
Accessorial,DEFICIT WGT. CHARGE 70 76 21.87,1,16.62,Other / Uncategorized,Unclassified,none
Accessorial,DEFICIT WGT. CHARGE 70 79 50.72,1,40.07,Other / Uncategorized,Unclassified,none
Accessorial,DEFICIT WGT. CHARGE 70 82 45.50,1,37.31,Other / Uncategorized,Unclassified,none
Accessorial,DEFICIT WGT. CHARGE 70 83 36.98,1,30.69,Other / Uncategorized,Unclassified,none
Accessorial,DEFICIT WGT. CHARGE 70 85 26.47,1,22.5,Other / Uncategorized,Unclassified,none
Accessorial,DEFICIT WGT. CHARGE 70 85 34.22,1,29.09,Other / Uncategorized,Unclassified,none
Accessorial,DEFICIT WGT. CHARGE 70 86 29.65,1,25.5,Other / Uncategorized,Unclassified,none
Accessorial,DEFICIT WGT. CHARGE 70 9 35.16,1,3.16,Other / Uncategorized,Unclassified,none
Accessorial,DEFICIT WGT. CHARGE 70 90 17.60,1,15.84,Other / Uncategorized,Unclassified,none
Accessorial,DEFICIT WGT. CHARGE 70 95 38.23,1,36.32,Other / Uncategorized,Unclassified,none
Accessorial,DEFICIT WGT. CHARGE 70 950 22.12,1,210.14,Other / Uncategorized,Unclassified,none
Accessorial,DEFICIT WGT. CHARGE 70 96 25.67,1,24.64,Other / Uncategorized,Unclassified,none
Accessorial,DEFICIT WGT. CHARGE 70 98 26.47,1,25.94,Other / Uncategorized,Unclassified,none
Accessorial,DEFICIT WGT. CHARGE 85 110 13.98,1,15.38,Other / Uncategorized,Unclassified,none
Accessorial,DELMARVA PENINSULA ARBITRARY FLAT,2,124.0,Other / Uncategorized,Unclassified,none
Accessorial,DET - CHARGE FOR DETENTION OF EQUIPMENT FLAT,10,1419.71,Other / Uncategorized,Unclassified,none
Accessorial,DID DEST INSIDE DELIVERY,2,60.0,Accessorial / Delivery Surcharge,Delivery Area Surcharge (DAS),tfidf_fallback
Accessorial,DLA DEST LIMITED ACCESS DELIVERY,3,225.0,Accessorial / Delivery Surcharge,Delivery Area Surcharge (DAS),tfidf_fallback
Accessorial,DLA DEST LIMITED ACCESS DELIVERY M,1,180.0,Accessorial / Delivery Surcharge,Delivery Area Surcharge (DAS),tfidf_fallback
Accessorial,DLG DEST LIFTGATE HAND-UNLOAD,47,2540.0,Accessorial / Delivery Surcharge,Additional Handling,rule
Accessorial,DMS GOVT AIRPORT MINE GAS OIL DLVRY,8,380.0,Other / Uncategorized,Unclassified,none
Accessorial,DST DEST STORAGE,3,348.75,Administrative & Service Fees,Package Handling / Storage,rule
Accessorial,DWD DEST DETENTION WITH POWER,5,673.5,Other / Uncategorized,Unclassified,none
Accessorial,DWD DEST DETENTION WITH POWER M,1,144.5,Other / Uncategorized,Unclassified,none
Accessorial,Destination Handling Fee,1,42.78,Accessorial / Delivery Surcharge,Additional Handling,tfidf_fallback
Accessorial,Destination Terminal Handling,5,187.8,Accessorial / Delivery Surcharge,Additional Handling,tfidf_fallback
Accessorial,Destination Terminal Handling (DTHC),22,3303.37,Accessorial / Delivery Surcharge,Additional Handling,tfidf_fallback
Accessorial,Destination Transfer Fee,3,822.0,Other / Uncategorized,Unclassified,none
Accessorial,Detention,1,97.0,Accessorial / Delivery Surcharge,Residential Delivery/Surcharge,tfidf_fallback
Accessorial,ELS Excess Ln 116.0X00.00X00.00,1,200.0,Other / Uncategorized,Unclassified,none
Accessorial,ELS Excess Ln 120.0X00.00X00.00,1,200.0,Other / Uncategorized,Unclassified,none
Accessorial,Export Clearance,11,778.2,Line Haul / Base Transportation,International / Export / Import Freight,rule
Accessorial,FLAT LIMITED ACCESS CHARGE,2,107.64,Other / Uncategorized,Unclassified,none
Accessorial,FLAT NWCARBEA SURCHARGE,1,8.0,Accessorial / Delivery Surcharge,Delivery Area Surcharge (DAS),tfidf_fallback
Accessorial,FULL VALUE INSURANCE MIN,1,53.0,Administrative & Service Fees,Declared Value / Insurance,tfidf_fallback
Accessorial,Farm/Country Club/Estate P/U Fee,1,25.0,Other / Uncategorized,Unclassified,none
Accessorial,HAZARDOUS MATERIALS CHARGE,1,30.0,Other / Uncategorized,Unclassified,none
Accessorial,HCD HIGH COST DELIVERY REGION SRCHG,1,297.0,Accessorial / Delivery Surcharge,Delivery Area Surcharge (DAS),tfidf_fallback
Accessorial,HOME PICKUP CHARGE,2,110.0,Administrative & Service Fees,Pickup Service,rule
Accessorial,HOME PICKUP CHARGE 8303859641 ,1,55.0,Administrative & Service Fees,Pickup Service,rule
Accessorial,HOUSE/RESIDENTIAL DELIVERY FEE,1,55.0,Accessorial / Delivery Surcharge,Residential Delivery/Surcharge,rule
Accessorial,Hawaii Ocean Fuel Surcharge,1,193.49,Fuel Surcharge,Domestic Fuel Surcharge,rule
Accessorial,INSIDE DELIVERY CHARGE 10.00,1,160.5,Accessorial / Delivery Surcharge,Delivery Area Surcharge (DAS),tfidf_fallback
Accessorial,INSIDE DELIVERY CHARGE MIN,12,1476.0,Accessorial / Delivery Surcharge,Delivery Area Surcharge (DAS),tfidf_fallback
Accessorial,INSPECTION FEE,28,1120.0,Fuel Surcharge,Fuel Surcharge Correction,tfidf_fallback
Accessorial,INSPECTION FEE ,1,40.0,Fuel Surcharge,Fuel Surcharge Correction,tfidf_fallback
Accessorial,IST IN-BOND STORAGE,1,603.5,Administrative & Service Fees,Package Handling / Storage,rule
Accessorial,LIFTGATE DELIVERY CHARGE,6,150.0,Accessorial / Delivery Surcharge,Additional Handling,rule
Accessorial,LIFTGATE DELIVERY CHARGE NO APPOINTMENT CHARGE,1,25.0,Accessorial / Delivery Surcharge,Additional Handling,rule
Accessorial,LIFTGATE DELIVERY CHARGE UNATTENDED DELIVERY ,1,25.0,Accessorial / Delivery Surcharge,Additional Handling,rule
Accessorial,LIFTGATE DELIVERY FLAT,30,2340.0,Accessorial / Delivery Surcharge,Additional Handling,rule
Accessorial,LIFTGATE REQUIRED @P/U FEE,2,50.0,Accessorial / Delivery Surcharge,Additional Handling,rule
Accessorial,LIMITED ACCESS,1,25.0,Other / Uncategorized,Unclassified,none
Accessorial,LIMITED ACCESS CHARGE FLAT,57,3067.7400000000002,Other / Uncategorized,Unclassified,none
Accessorial,Layover Charge,1,325.0,Other / Uncategorized,Unclassified,none
Accessorial,NEW YORK METRO CHARGE FLAT,22,913.2900000000001,Other / Uncategorized,Unclassified,none
Accessorial,NOTIFICATION / SUSPENSION OF SVC CHARGE FLAT,10,107.6,Other / Uncategorized,Unclassified,none
Accessorial,NOTIFICATION CHARGES FLAT,15,161.4,Taxes & Customs,Customs / Brokerage,tfidf_fallback
Accessorial,NWCARBEA SURCHARGE 3665 MAXIMUM,1,214.0,Accessorial / Delivery Surcharge,Delivery Area Surcharge (DAS),tfidf_fallback
Accessorial,NWCARBEA SURCHARGE 3923 FLAT,1,8.0,Accessorial / Delivery Surcharge,Delivery Area Surcharge (DAS),tfidf_fallback
Accessorial,NWCARBEA SURCHARGE 833 FLAT,1,8.0,Accessorial / Delivery Surcharge,Delivery Area Surcharge (DAS),tfidf_fallback
Accessorial,NWCARBEA SURCHARGE FLAT,1,8.0,Accessorial / Delivery Surcharge,Delivery Area Surcharge (DAS),tfidf_fallback
Accessorial,NWCARBEA SURCHARGE MAXIMUM,1,214.0,Accessorial / Delivery Surcharge,Delivery Area Surcharge (DAS),tfidf_fallback
Accessorial,NWCARBEA SURCHARGE MIN,4,188.0,Accessorial / Delivery Surcharge,Delivery Area Surcharge (DAS),tfidf_fallback
Accessorial,NYC TOLLING DISTRICT CHARGE FLAT,3,27.0,Other / Uncategorized,Unclassified,none
Accessorial,ODD ORIG DETENTION WITH POWER,44,662.79,Other / Uncategorized,Unclassified,none
Accessorial,OLG ORIG LIFTGATE HAND-UNLOAD,1,75.0,Accessorial / Delivery Surcharge,Additional Handling,rule
Accessorial,OLG ORIG LIFTGATE HAND-UNLOAD M,1,259.0,Accessorial / Delivery Surcharge,Additional Handling,rule
Accessorial,OST ORIG STORAGE,1,139.5,Administrative & Service Fees,Package Handling / Storage,rule
Accessorial,OTHER COMMERCIAL LIMITED ACCESS DEL,2,50.0,Accessorial / Delivery Surcharge,Commercial / Business Delivery Surcharge,rule
Accessorial,OVER DIMENSION FEE,1,275.0,Other / Uncategorized,Unclassified,none
Accessorial,OVERLENGTH,1,100.0,Other / Uncategorized,Unclassified,none
Accessorial,Origin CFS Fee ,1,36.19,Other / Uncategorized,Unclassified,none
Accessorial,Origin Dangerous Goods (DG),4,252.95,Other / Uncategorized,Unclassified,none
Accessorial,Origin Dangerous Goods (DG) Handling Fee,7,525.0,Accessorial / Delivery Surcharge,Additional Handling,tfidf_fallback
Accessorial,Origin Documentation Fee,29,1025.0,Administrative & Service Fees,Document Fee,tfidf_fallback
Accessorial,Origin Terminal Handling Charge (THC),20,1808.05,Accessorial / Delivery Surcharge,Additional Handling,tfidf_fallback
Accessorial,Origin Transfer Fee,2,76.56,Other / Uncategorized,Unclassified,none
Accessorial,P/U LIFTGATE FEE,2,50.0,Accessorial / Delivery Surcharge,Additional Handling,rule
Accessorial,PAPERWORK FEE FLAT,3,153.0,Other / Uncategorized,Unclassified,none
Accessorial,PIECE TENDERED ON SHIPPER WRAPPED SKIDS HOUSE/RESIDENTIAL DELIVERY FEE,1,55.0,Accessorial / Delivery Surcharge,Residential Delivery/Surcharge,rule
Accessorial,Pickup,42,10717.84,Administrative & Service Fees,Pickup Service,rule
Accessorial,Pickup Origin Documentation Fee,1,250.0,Administrative & Service Fees,Pickup Service,rule
Accessorial,RCD DEST RECONSIGNMENT,2,252.0,Other / Uncategorized,Unclassified,none
Accessorial,RECONSIGNMENT CHARGES FLAT,1,99.0,Other / Uncategorized,Unclassified,none
Accessorial,RED DEST REDELIVERY,2,100.0,Accessorial / Delivery Surcharge,Delivery Area Surcharge (DAS),tfidf_fallback
Accessorial,RED DEST REDELIVERY M,5,877.5,Accessorial / Delivery Surcharge,Delivery Area Surcharge (DAS),tfidf_fallback
Accessorial,RESIDENTIAL DELIVERY CHRG FLAT,4,215.28,Accessorial / Delivery Surcharge,Residential Delivery/Surcharge,rule
Accessorial,RSD DEST RESIDENTIAL DELIVERY,2,150.0,Accessorial / Delivery Surcharge,Residential Delivery/Surcharge,rule
Accessorial,SSC ORIG SINGLE SHIPMENT,5,10.0,Other / Uncategorized,Unclassified,none
Accessorial,School Delivery Fee,1,25.0,Accessorial / Delivery Surcharge,Delivery Area Surcharge (DAS),tfidf_fallback
Accessorial,TO REMOTE ACCESS AREA - TABLE B,1,35.0,Other / Uncategorized,Unclassified,none
Accessorial,W&I COR FEE,4,60.0,Other / Uncategorized,Unclassified,none
Accessorial,WHD HAWAII PICK-UP/DELIVERY CHARGE,1,144.27,Accessorial / Delivery Surcharge,Delivery Area Surcharge (DAS),tfidf_fallback
Accessorial,WHO HAWAII OCEAN CHARGE,1,614.25,Line Haul / Base Transportation,Ocean Freight,rule
Accessorial,WHW WHW HAWAII DEST. WHARFAGE CHARGE,1,40.95,Other / Uncategorized,Unclassified,none
Accessorial,WTH WTH HAWAII DEST TERMINAL HANDLING,1,126.0,Accessorial / Delivery Surcharge,Additional Handling,tfidf_fallback
Accessorial 1,BROKER NOTIFICATION,1,55.0,Taxes & Customs,Customs / Brokerage,tfidf_fallback
Accessorial 1,Customers Services,1,21.53,Taxes & Customs,Customs / Brokerage,rule
Accessorial 1,DUTY TAX PAID,1,17.0,Taxes & Customs,Duty & Import Tax,rule
Accessorial 1,ELEVATED RISK,1,30.0,Other / Uncategorized,Unclassified,none
Accessorial 1,FUEL SURCHARGE,69,7824.29,Fuel Surcharge,Domestic Fuel Surcharge,rule
Accessorial 1,GOGREEN PLUS - CARBON REDUCED,50,223.96,Administrative & Service Fees,Sustainability / Carbon Fee,rule
Accessorial 1,IMPORT EXPORT DUTIES,4,23.97,Taxes & Customs,Duty & Import Tax,rule
Accessorial 1,IMPORT EXPORT TAXES,2,61.21,Taxes & Customs,Sales / General Tax,rule
Accessorial 1,MERCHANDISE PROCESS,7,235.06,Other / Uncategorized,Unclassified,none
Accessorial 1,NON STANDARD PICKUP,1,4.4,Administrative & Service Fees,Pickup Service,rule
Accessorial 1,PERMITS & LICENCES,2,56.0,Other / Uncategorized,Unclassified,none
Accessorial 1,PREMIUM 12:00,22,138.6,Other / Uncategorized,Unclassified,none
Accessorial 1,REGULATORY CHARGES,31,41.54,Other / Uncategorized,Unclassified,none
Accessorial 1,REMOTE AREA PICKUP,1,58.0,Administrative & Service Fees,Pickup Service,rule
Accessorial 2,BONDED STORAGE,2,100.0,Administrative & Service Fees,Package Handling / Storage,rule
Accessorial 2,CLEARANCE PROCESSING,1,15.0,Taxes & Customs,Customs / Brokerage,tfidf_fallback
Accessorial 2,DUTY TAX PAID,2,34.0,Taxes & Customs,Duty & Import Tax,rule
Accessorial 2,DUTY TAX PROCESSING-ACCOUNT,38,692.49,Taxes & Customs,Duty & Import Tax,rule
Accessorial 2,FUEL SURCHARGE,58,4962.46,Fuel Surcharge,Domestic Fuel Surcharge,rule
Accessorial 2,GOGREEN PLUS - CARBON REDUCED,71,313.02,Administrative & Service Fees,Sustainability / Carbon Fee,rule
Accessorial 2,IMPORT EXPORT DUTIES,1,0.42,Taxes & Customs,Duty & Import Tax,rule
Accessorial 2,IMPORT EXPORT TAXES,2,510.40999999999997,Taxes & Customs,Sales / General Tax,rule
Accessorial 2,NON-CONVEYABLE PIECE - IRREGULAR,1,30.0,Accessorial / Delivery Surcharge,Additional Handling,rule
Accessorial 2,OVERWEIGHT PIECE,1,100.0,Other / Uncategorized,Unclassified,none
Accessorial 2,PREMIUM 12:00,9,56.699999999999996,Other / Uncategorized,Unclassified,none
Accessorial 2,REMOTE AREA PICKUP,4,200.0,Administrative & Service Fees,Pickup Service,rule
Accessorial 3,BONDED STORAGE,1,50.0,Administrative & Service Fees,Package Handling / Storage,rule
Accessorial 3,DUTY TAX PAID,3,51.0,Taxes & Customs,Duty & Import Tax,rule
Accessorial 3,FUEL SURCHARGE,15,470.92,Fuel Surcharge,Domestic Fuel Surcharge,rule
Accessorial 3,GOGREEN PLUS - CARBON REDUCED,22,169.94,Administrative & Service Fees,Sustainability / Carbon Fee,rule
Accessorial 3,IMPORT EXPORT DUTIES,38,8910.41,Taxes & Customs,Duty & Import Tax,rule
Accessorial 3,IMPORT EXPORT TAXES,2,234.79,Taxes & Customs,Sales / General Tax,rule
Accessorial 3,NON-CONVEYABLE PIECE - IRREGULAR,1,30.0,Accessorial / Delivery Surcharge,Additional Handling,rule
Accessorial 3,NON-ROUTINE ENTRY,1,35.0,Other / Uncategorized,Unclassified,none
Accessorial 3,PREMIUM 12:00,16,100.8,Other / Uncategorized,Unclassified,none
Accessorial 3,REMOTE AREA PICKUP,2,100.0,Administrative & Service Fees,Pickup Service,rule
Accessorial 3,Shipment value protection,13,150.15,Administrative & Service Fees,Declared Value / Insurance,tfidf_fallback
Accessorial 4,CLEARANCE PROCESSING,4,60.0,Taxes & Customs,Customs / Brokerage,tfidf_fallback
Accessorial 4,DUTY TAX PAID,1,17.0,Taxes & Customs,Duty & Import Tax,rule
Accessorial 4,FUEL SURCHARGE,2,698.76,Fuel Surcharge,Domestic Fuel Surcharge,rule
Accessorial 4,GOGREEN PLUS - CARBON REDUCED,1,0.68,Administrative & Service Fees,Sustainability / Carbon Fee,rule
Accessorial 4,IMPORT EXPORT DUTIES,1,151.72,Taxes & Customs,Duty & Import Tax,rule
Accessorial 4,IMPORT EXPORT TAXES,1,171.93,Taxes & Customs,Sales / General Tax,rule
Accessorial 4,PERMITS & LICENCES,4,112.0,Other / Uncategorized,Unclassified,none
Accessorial 4,PREMIUM 12:00,1,6.3,Other / Uncategorized,Unclassified,none
Accessorial 4,Shipment value protection,7,80.85000000000001,Administrative & Service Fees,Declared Value / Insurance,tfidf_fallback
Accessorial 5,BONDED STORAGE,2,157.64,Administrative & Service Fees,Package Handling / Storage,rule
Accessorial 5,CLEARANCE PROCESSING,3,45.0,Taxes & Customs,Customs / Brokerage,tfidf_fallback
Accessorial 5,Shipment value protection,1,11.55,Administrative & Service Fees,Declared Value / Insurance,tfidf_fallback
Accessorial 6,BONDED STORAGE,1,150.0,Administrative & Service Fees,Package Handling / Storage,rule
Accessorials,Accessorials,2,586.28,Other / Uncategorized,Unclassified,none
Add Stop Car,Add Stop Car,7,270.2,Other / Uncategorized,Unclassified,none
Add Stop Same Address,Add Stop Same Address,1,15.0,Accessorial / Delivery Surcharge,Address Correction,tfidf_fallback
Add'l Handling-Dimension,Add'l Handling-Dimension,462,17573.5,Accessorial / Delivery Surcharge,Additional Handling,rule
Add'l Handling-Packaging,Add'l Handling-Packaging,122,3816.25,Accessorial / Delivery Surcharge,Additional Handling,rule
Add'l Handling-Weight,Add'l Handling-Weight,163,8960.25,Accessorial / Delivery Surcharge,Additional Handling,rule
Additional Handling,Additional Handling,69,1579.89,Accessorial / Delivery Surcharge,Additional Handling,rule
Additional Handling - Length+Girth,Additional Handling - Length+Girth,43,1314.33,Accessorial / Delivery Surcharge,Additional Handling,rule
Additional Handling Charge,Additional Handling Charge,1,14.54,Accessorial / Delivery Surcharge,Additional Handling,rule
Additional Handling Charge - Packaging,Additional Handling Charge - Packaging,23,585.0,Accessorial / Delivery Surcharge,Additional Handling,rule
Additional Handling Charge - Weight,Additional Handling Charge - Weight,2,59.7,Accessorial / Delivery Surcharge,Additional Handling,rule
Additional Handling Charge-Non-stackable,Additional Handling Charge-Non-stackable,5,1790.0,Accessorial / Delivery Surcharge,Additional Handling,rule
Additional Piece Fee,Additional Piece Fee,26,2550.0,Accessorial / Delivery Surcharge,Wait Time / Mileage / Toll,tfidf_fallback
Additional handling DIM,Additional handling DIM,2,70.0,Accessorial / Delivery Surcharge,Additional Handling,rule
Additionele afhandelingskosten,Additionele afhandelingskosten,21,817.15,Accessorial / Delivery Surcharge,Additional Handling,tfidf_fallback
Addl. Handling longest side,Addl. Handling longest side,5,141.24,Accessorial / Delivery Surcharge,Additional Handling,tfidf_fallback
Addl. Handling weight,Addl. Handling weight,77,2602.58,Accessorial / Delivery Surcharge,Additional Handling,tfidf_fallback
Address Correction,Address Correction,176,3308.1800000000003,Accessorial / Delivery Surcharge,Address Correction,rule
Administration fee duties/VAT,Administration fee duties/VAT,44,5883.99,Taxes & Customs,VAT,rule
Adrescorrectie TB Express,Adrescorrectie TB Express,3,44.6,Accessorial / Delivery Surcharge,Address Correction,tfidf_fallback
Adrescorrectie TB Express Saver,Adrescorrectie TB Express Saver,66,892.0,Accessorial / Delivery Surcharge,Address Correction,tfidf_fallback
Adrescorrectie WW Express,Adrescorrectie WW Express,2,22.3,Line Haul / Base Transportation,International / Export / Import Freight,rule
Adrescorrectie WW Express Saver,Adrescorrectie WW Express Saver,1,11.15,Line Haul / Base Transportation,International / Export / Import Freight,rule
Adult Signature Req.,Adult Signature Req.,245,2450.0,Accessorial / Delivery Surcharge,Signature Required,rule
Adult Signature Required,Adult Signature Required,1,9.35,Accessorial / Delivery Surcharge,Signature Required,rule
Advance Fee,Advance Fee,3,8.82,Other / Uncategorized,Unclassified,none
After Hours,After Hours,351,9330.23,Accessorial / Delivery Surcharge,Saturday / After Hours / Holiday,rule
Air Freight,Air Freight,2,1574.21,Line Haul / Base Transportation,Air Freight,rule
Airfreight charges,Airfreight charges,3,1912.65,Line Haul / Base Transportation,Air Freight,rule
Airfreight charges 0,Airfreight charges 0,5,4757.38,Line Haul / Base Transportation,Air Freight,rule
Airfreight charges ,Airfreight charges ,3,1646.75,Line Haul / Base Transportation,Air Freight,rule
Airline Airfreight Surcharge,Airline Airfreight Surcharge,14,1190.0,Line Haul / Base Transportation,Air Freight,rule
Airline Airfreight Surcharge - Base Rate EUR 85;00 ,Airline Airfreight Surcharge - Base Rate EUR 85;00 ,1,85.0,Line Haul / Base Transportation,Air Freight,rule
Airline Airfreight Surcharge Base Rate EUR 85;00 Zero Rated 1.,Airline Airfreight Surcharge Base Rate EUR 85;00 Zero Rated 1.,1,85.0,Line Haul / Base Transportation,Air Freight,rule
Airline Handling,Airline Handling,3,231.37,Accessorial / Delivery Surcharge,Additional Handling,tfidf_fallback
Airline Transfer Fee,Airline Transfer Fee,2,12.719999999999999,Other / Uncategorized,Unclassified,none
Airline Transfer Fee 0,Airline Transfer Fee 0,4,52.879999999999995,Other / Uncategorized,Unclassified,none
Airline Transfer Fee ,Airline Transfer Fee ,4,35.68,Other / Uncategorized,Unclassified,none
Airport Transfer,Airport Transfer,2,281.4,Line Haul / Base Transportation,Air Freight,rule
Al RPORT TRANSFER,Al RPORT TRANSFER,3,59.4,Line Haul / Base Transportation,Air Freight,rule
Al RPORT TRANSFER E,Al RPORT TRANSFER E,9,440.48,Line Haul / Base Transportation,Air Freight,rule
AlRPORT TRANSFER,AlRPORT TRANSFER,6,244.0,Line Haul / Base Transportation,Air Freight,rule
All in rate,All in rate,21,23407.47,Other / Uncategorized,Unclassified,none
Alternate Broker,Alternate Broker,4,100.13,Taxes & Customs,Customs / Brokerage,tfidf_fallback
Angles; NOI 060 675 23507,Angles; NOI 060 675 23507,1,1586.72,Other / Uncategorized,Unclassified,none
Appointment,Appointment,1,30.0,Other / Uncategorized,Unclassified,none
Appointment Delivery,Appointment Delivery,2,20.0,Accessorial / Delivery Surcharge,Delivery Area Surcharge (DAS),tfidf_fallback
Appointment Delivery 1 Each $39.00,Appointment Delivery 1 Each $39.00,1,39.0,Accessorial / Delivery Surcharge,Delivery Area Surcharge (DAS),tfidf_fallback
Argentina Export Duty,Argentina Export Duty,1,0.06,Taxes & Customs,Duty & Import Tax,rule
Attempt Car,Attempt Car,31,1277.78,Other / Uncategorized,Unclassified,none
BASE BASE RATE,BASE BASE RATE,95,28725.0,Line Haul / Base Transportation,General / Mode Not Specified,rule
BASE BASE RATE AMEXJFK,BASE BASE RATE AMEXJFK,1,76.0,Line Haul / Base Transportation,General / Mode Not Specified,rule
BASE MISSING CHARGE1059121,BASE MISSING CHARGE1059121,1,85.0,Line Haul / Base Transportation,General / Mode Not Specified,rule
BEFORE HOURS DELIVERY CHARGE,BEFORE HOURS DELIVERY CHARGE,1,125.0,Accessorial / Delivery Surcharge,Delivery Area Surcharge (DAS),tfidf_fallback
BELIMO US INC PRODUCT 70 180 MIN,BELIMO US INC PRODUCT 70 180 MIN,1,158.29,Other / Uncategorized,Unclassified,none
BELIMO US INC PRODUCT 70 250 MIN,BELIMO US INC PRODUCT 70 250 MIN,1,158.29,Other / Uncategorized,Unclassified,none
BELIMO US INC PRODUCT 70 380 MIN,BELIMO US INC PRODUCT 70 380 MIN,1,158.29,Other / Uncategorized,Unclassified,none
BELIMO US INC PRODUCT 70 500 24.73,BELIMO US INC PRODUCT 70 500 24.73,1,123.65,Other / Uncategorized,Unclassified,none
BELIMO US INC PRODUCT 70 500 MIN,BELIMO US INC PRODUCT 70 500 MIN,1,158.29,Other / Uncategorized,Unclassified,none
BELIMO US INC PRODUCT 70 70 MIN,BELIMO US INC PRODUCT 70 70 MIN,1,118.25,Other / Uncategorized,Unclassified,none
BEYD DELIVERY MILES ADDITONAL,BEYD DELIVERY MILES ADDITONAL,1,210.0,Accessorial / Delivery Surcharge,Delivery Area Surcharge (DAS),tfidf_fallback
BILL OF LADING,BILL OF LADING,2,230.0,Administrative & Service Fees,Third Party Billing,tfidf_fallback
BONDED STORAGE,BONDED STORAGE,1,86.0,Administrative & Service Fees,Package Handling / Storage,rule
BOOKING FEE,BOOKING FEE,1,85.0,Other / Uncategorized,Unclassified,none
BORDER BROKERAGE,BORDER BROKERAGE,2,190.0,Taxes & Customs,Customs / Brokerage,rule
BORDER PROCESSING SERVICE CHARGE,BORDER PROCESSING SERVICE CHARGE,1,15.0,Taxes & Customs,Customs / Brokerage,tfidf_fallback
BORDER SECURITY SURCHARGE,BORDER SECURITY SURCHARGE,2,22.0,Accessorial / Delivery Surcharge,Security Surcharge,rule
BRANDSTOFTOESLAG,BRANDSTOFTOESLAG,6,137.16,Fuel Surcharge,Domestic Fuel Surcharge,rule
BTW,BTW,1,-16.05,Taxes & Customs,VAT,rule
BYDL DELIVERY MILES ADDITIONAL 15.000 3.5000,BYDL DELIVERY MILES ADDITIONAL 15.000 3.5000,1,52.5,Accessorial / Delivery Surcharge,Wait Time / Mileage / Toll,tfidf_fallback
BYPU PICKUP MILES ADDITIONAL 1.000 2.5000,BYPU PICKUP MILES ADDITIONAL 1.000 2.5000,9,22.5,Administrative & Service Fees,Pickup Service,rule
BYPU PICKUP MILES ADDITIONAL 10.000 2.5000,BYPU PICKUP MILES ADDITIONAL 10.000 2.5000,5,125.0,Administrative & Service Fees,Pickup Service,rule
BYPU PICKUP MILES ADDITIONAL 11.000 2.5000,BYPU PICKUP MILES ADDITIONAL 11.000 2.5000,2,55.0,Administrative & Service Fees,Pickup Service,rule
BYPU PICKUP MILES ADDITIONAL 12.000 2.5000,BYPU PICKUP MILES ADDITIONAL 12.000 2.5000,17,510.0,Administrative & Service Fees,Pickup Service,rule
BYPU PICKUP MILES ADDITIONAL 13.000 2.5000,BYPU PICKUP MILES ADDITIONAL 13.000 2.5000,22,715.0,Administrative & Service Fees,Pickup Service,rule
BYPU PICKUP MILES ADDITIONAL 14.000 2.5000,BYPU PICKUP MILES ADDITIONAL 14.000 2.5000,14,490.0,Administrative & Service Fees,Pickup Service,rule
BYPU PICKUP MILES ADDITIONAL 145.000 3.0000,BYPU PICKUP MILES ADDITIONAL 145.000 3.0000,1,435.0,Administrative & Service Fees,Pickup Service,rule
BYPU PICKUP MILES ADDITIONAL 145.000 3.5000,BYPU PICKUP MILES ADDITIONAL 145.000 3.5000,1,507.5,Administrative & Service Fees,Pickup Service,rule
BYPU PICKUP MILES ADDITIONAL 16.000 2.5000,BYPU PICKUP MILES ADDITIONAL 16.000 2.5000,1,40.0,Administrative & Service Fees,Pickup Service,rule
BYPU PICKUP MILES ADDITIONAL 2.000 2.5000,BYPU PICKUP MILES ADDITIONAL 2.000 2.5000,11,55.0,Administrative & Service Fees,Pickup Service,rule
BYPU PICKUP MILES ADDITIONAL 20.000 2.5000,BYPU PICKUP MILES ADDITIONAL 20.000 2.5000,26,1300.0,Administrative & Service Fees,Pickup Service,rule
BYPU PICKUP MILES ADDITIONAL 21.000 2.5000,BYPU PICKUP MILES ADDITIONAL 21.000 2.5000,5,262.5,Administrative & Service Fees,Pickup Service,rule
BYPU PICKUP MILES ADDITIONAL 22.000 2.5000,BYPU PICKUP MILES ADDITIONAL 22.000 2.5000,2,110.0,Administrative & Service Fees,Pickup Service,rule
BYPU PICKUP MILES ADDITIONAL 23.000 2.5000,BYPU PICKUP MILES ADDITIONAL 23.000 2.5000,8,460.0,Administrative & Service Fees,Pickup Service,rule
BYPU PICKUP MILES ADDITIONAL 24.000 2.5000,BYPU PICKUP MILES ADDITIONAL 24.000 2.5000,4,240.0,Administrative & Service Fees,Pickup Service,rule
BYPU PICKUP MILES ADDITIONAL 3.000 2.5000,BYPU PICKUP MILES ADDITIONAL 3.000 2.5000,7,52.5,Administrative & Service Fees,Pickup Service,rule
BYPU PICKUP MILES ADDITIONAL 30.000 2.5000,BYPU PICKUP MILES ADDITIONAL 30.000 2.5000,3,225.0,Administrative & Service Fees,Pickup Service,rule
BYPU PICKUP MILES ADDITIONAL 35.000 2.5000,BYPU PICKUP MILES ADDITIONAL 35.000 2.5000,7,612.5,Administrative & Service Fees,Pickup Service,rule
BYPU PICKUP MILES ADDITIONAL 42.000 2.5000,BYPU PICKUP MILES ADDITIONAL 42.000 2.5000,16,1680.0,Administrative & Service Fees,Pickup Service,rule
BYPU PICKUP MILES ADDITIONAL 5.000 2.5000,BYPU PICKUP MILES ADDITIONAL 5.000 2.5000,5,62.5,Administrative & Service Fees,Pickup Service,rule
BYPU PICKUP MILES ADDITIONAL 51.000 2.5000,BYPU PICKUP MILES ADDITIONAL 51.000 2.5000,1,127.5,Administrative & Service Fees,Pickup Service,rule
BYPU PICKUP MILES ADDITIONAL 58.000 2.5000,BYPU PICKUP MILES ADDITIONAL 58.000 2.5000,1,145.0,Administrative & Service Fees,Pickup Service,rule
BYPU PICKUP MILES ADDITIONAL 6.000 2.5000,BYPU PICKUP MILES ADDITIONAL 6.000 2.5000,1,15.0,Administrative & Service Fees,Pickup Service,rule
BYPU PICKUP MILES ADDITIONAL 7.000 2.5000,BYPU PICKUP MILES ADDITIONAL 7.000 2.5000,1,17.5,Administrative & Service Fees,Pickup Service,rule
BYPU PICKUP MILES ADDITIONAL 72.000 2.5000,BYPU PICKUP MILES ADDITIONAL 72.000 2.5000,1,180.0,Administrative & Service Fees,Pickup Service,rule
BYPU PICKUP MILES ADDITIONAL 8.000 2.5000,BYPU PICKUP MILES ADDITIONAL 8.000 2.5000,22,440.0,Administrative & Service Fees,Pickup Service,rule
BYPU PICKUP MILES ADDITIONAL 9.000 2.5000,BYPU PICKUP MILES ADDITIONAL 9.000 2.5000,1,22.5,Administrative & Service Fees,Pickup Service,rule
BYPU PICKUP MILES ADDITIONAL 91.000 2.5000,BYPU PICKUP MILES ADDITIONAL 91.000 2.5000,1,227.5,Administrative & Service Fees,Pickup Service,rule
Base,Base,1830,178660.89,Line Haul / Base Transportation,General / Mode Not Specified,rule
Beyond Area PU,Beyond Area PU,4,338.2,Accessorial / Delivery Surcharge,Delivery Area Surcharge (DAS),tfidf_fallback
Billing Adjustment for  W/E 07/04/2026,Billing Adjustment for  W/E 07/04/2026,1,1.67,Administrative & Service Fees,Billing Adjustment / Correction,rule
Billing Adjustment for  W/E 07/11/2026,Billing Adjustment for  W/E 07/11/2026,6,229.93,Administrative & Service Fees,Billing Adjustment / Correction,rule
Billing Adjustment for  W/E 07/18/2026,Billing Adjustment for  W/E 07/18/2026,2,3.3099999999999996,Administrative & Service Fees,Billing Adjustment / Correction,rule
Billing Adjustment for  W/E 07/25/2026,Billing Adjustment for  W/E 07/25/2026,1,10.0,Administrative & Service Fees,Billing Adjustment / Correction,rule
Border Processing Service Charge,Border Processing Service Charge,1,15.0,Taxes & Customs,Customs / Brokerage,tfidf_fallback
Border Security,Border Security,1,11.0,Accessorial / Delivery Surcharge,Security Surcharge,tfidf_fallback
Border Security Charge,Border Security Charge,2,125.2,Accessorial / Delivery Surcharge,Security Surcharge,tfidf_fallback
Brandstof toeslag,Brandstof toeslag,2979,22470.29,Fuel Surcharge,Domestic Fuel Surcharge,rule
British Columbia PST,British Columbia PST,15,70.91,Taxes & Customs,GST / HST,tfidf_fallback
Broker Document Transfer Fee,Broker Document Transfer Fee,2,110.0,Administrative & Service Fees,Document Fee,tfidf_fallback
Broker Selection Option,Broker Selection Option,1,30.0,Fuel Surcharge,Fuel Surcharge Correction,tfidf_fallback
Brokerage,Brokerage,3,191.62,Taxes & Customs,Customs / Brokerage,rule
Brokerage GST,Brokerage GST,250,699.83,Taxes & Customs,GST / HST,rule
Brokerage GST/HST,Brokerage GST/HST,1,15.02,Taxes & Customs,GST / HST,rule
Btw,Btw,3,48.31,Taxes & Customs,VAT,rule
"Business or Office Machines, viz.","Business or Office Machines, viz.",1,348.06,Other / Uncategorized,Unclassified,none
Business or Office Machines; viz. 060 2711 7749,Business or Office Machines; viz. 060 2711 7749,1,2100.75,Other / Uncategorized,Unclassified,none
Business or Office Machines; viz. 060 4400 9149,Business or Office Machines; viz. 060 4400 9149,1,4025.56,Other / Uncategorized,Unclassified,none
CALIFORNIA COMPLIANCE CHARGE,CALIFORNIA COMPLIANCE CHARGE,17,442.0,Other / Uncategorized,Unclassified,none
CALIFORNIA COMPLIANCE CHARGE ,CALIFORNIA COMPLIANCE CHARGE ,2,52.0,Other / Uncategorized,Unclassified,none
CALIFORNIA COMPLIANCE CHARGEÂ ,CALIFORNIA COMPLIANCE CHARGEÂ ,1,26.0,Other / Uncategorized,Unclassified,none
CALIFORNIA COMPLIANCE SURCHARGE,CALIFORNIA COMPLIANCE SURCHARGE,19,475.0,Accessorial / Delivery Surcharge,Demand / Peak Surcharge,tfidf_fallback
CALIFORNIA COMPLIANCE SURCHARGE CCS,CALIFORNIA COMPLIANCE SURCHARGE CCS,26,483.0,Accessorial / Delivery Surcharge,Demand / Peak Surcharge,tfidf_fallback
CALIFORNIA COMPLIANCE SURCHARGE ,CALIFORNIA COMPLIANCE SURCHARGE ,1,25.0,Accessorial / Delivery Surcharge,Demand / Peak Surcharge,tfidf_fallback
CARGO SCREENING,CARGO SCREENING,6,108.06,Accessorial / Delivery Surcharge,Security Surcharge,rule
CARRIER CAPACITY SURCHARGE,CARRIER CAPACITY SURCHARGE,1,36.16,Credits,Credit From Carrier,tfidf_fallback
CARRIER CAPACITY SURCHARGE 1;600 0.08,CARRIER CAPACITY SURCHARGE 1;600 0.08,1,128.0,Credits,Credit From Carrier,tfidf_fallback
CARRIER CHARGES,CARRIER CHARGES,1,1284.35,Credits,Credit From Carrier,tfidf_fallback
CARRIER DOC FEE,CARRIER DOC FEE,1,95.0,Credits,Credit From Carrier,tfidf_fallback
CARTAGE,CARTAGE,1,69.3,Other / Uncategorized,Unclassified,none
CASCADES CONTAINERBOARD,CASCADES CONTAINERBOARD,1,125.0,Other / Uncategorized,Unclassified,none
CASTERS 1 SKID *FXF EZONE01/05/26 ILC 13108 BILLING REVISION,CASTERS 1 SKID *FXF EZONE01/05/26 ILC 13108 BILLING REVISION,2,1792.69,Administrative & Service Fees,Third Party Billing,tfidf_fallback
CASTINGS 50 320 MIN,CASTINGS 50 320 MIN,1,118.25,Other / Uncategorized,Unclassified,none
CASTINGS 60 2575 21.51,CASTINGS 60 2575 21.51,1,553.88,Other / Uncategorized,Unclassified,none
CASTINGS 60 3210 21.51,CASTINGS 60 3210 21.51,1,690.47,Other / Uncategorized,Unclassified,none
CASTINGS 60 3506 21.51,CASTINGS 60 3506 21.51,1,754.14,Other / Uncategorized,Unclassified,none
CASTINGS 70 4450 17.00,CASTINGS 70 4450 17.00,1,756.5,Other / Uncategorized,Unclassified,none
CERTIFICATE Z,CERTIFICATE Z,1,14.73,Other / Uncategorized,Unclassified,none
CFS,CFS,1,34.44,Other / Uncategorized,Unclassified,none
CFS CHARGES,CFS CHARGES,28,8017.900000000001,Other / Uncategorized,Unclassified,none
CFS Charges - Destination,CFS Charges - Destination,1,221.11,Taxes & Customs,Customs / Brokerage,tfidf_fallback
CFS HANDLING,CFS HANDLING,17,5307.1,Accessorial / Delivery Surcharge,Additional Handling,tfidf_fallback
CFS HANDLING DEST,CFS HANDLING DEST,5,375.0,Accessorial / Delivery Surcharge,Additional Handling,tfidf_fallback
CHANGE IN PAYMENT TERMS-PAYOR-SFB CHGIP,CHANGE IN PAYMENT TERMS-PAYOR-SFB CHGIP,2,104.0,Other / Uncategorized,Unclassified,none
CHARGEABLE PALLET WEIGHT 60 110 24.26,CHARGEABLE PALLET WEIGHT 60 110 24.26,1,26.69,Line Haul / Base Transportation,General / Mode Not Specified,tfidf_fallback
CHARGEABLE PALLET WEIGHT 60 198 21.51,CHARGEABLE PALLET WEIGHT 60 198 21.51,1,42.59,Line Haul / Base Transportation,General / Mode Not Specified,tfidf_fallback
CHARGEABLE PALLET WEIGHT 60 200 23.51,CHARGEABLE PALLET WEIGHT 60 200 23.51,1,47.02,Line Haul / Base Transportation,General / Mode Not Specified,tfidf_fallback
CHARGEABLE PALLET WEIGHT 85 800 15.43,CHARGEABLE PALLET WEIGHT 85 800 15.43,1,123.44,Line Haul / Base Transportation,General / Mode Not Specified,tfidf_fallback
CHASSIS,CHASSIS,7,1015.0,Other / Uncategorized,Unclassified,none
CHASSIS SPLIT,CHASSIS SPLIT,1,150.0,Other / Uncategorized,Unclassified,none
CHC 7,CHC 7,1,23.01,Other / Uncategorized,Unclassified,none
CHICAGO METRO CHARGE FLAT,CHICAGO METRO CHARGE FLAT,3,258.0,Other / Uncategorized,Unclassified,none
CL50 50 156 MIN,CL50 50 156 MIN,1,158.29,Other / Uncategorized,Unclassified,none
CL50 50 380 MIN,CL50 50 380 MIN,1,158.29,Other / Uncategorized,Unclassified,none
CL50 50 405 MIN,CL50 50 405 MIN,1,158.29,Other / Uncategorized,Unclassified,none
CL60 60 1055 22.34,CL60 60 1055 22.34,1,235.69,Other / Uncategorized,Unclassified,none
CL60 60 1055 22;34,CL60 60 1055 22;34,1,235.69,Other / Uncategorized,Unclassified,none
CL60 60 197 22.34,CL60 60 197 22.34,1,44.01,Other / Uncategorized,Unclassified,none
CL60 60 416 26.74,CL60 60 416 26.74,2,222.48,Other / Uncategorized,Unclassified,none
CL60 60 476 26.74,CL60 60 476 26.74,1,127.28,Other / Uncategorized,Unclassified,none
CL60 60 685 26.74,CL60 60 685 26.74,1,183.17,Other / Uncategorized,Unclassified,none
CL60 60 693 33.56,CL60 60 693 33.56,1,232.57,Other / Uncategorized,Unclassified,none
CL60 60 695 33.56,CL60 60 695 33.56,1,233.24,Other / Uncategorized,Unclassified,none
CL60 60 715 26.74,CL60 60 715 26.74,2,382.38,Other / Uncategorized,Unclassified,none
CL60 60 735 26.74,CL60 60 735 26.74,1,196.54,Other / Uncategorized,Unclassified,none
CL60 60 995 26.74,CL60 60 995 26.74,1,266.06,Other / Uncategorized,Unclassified,none
CL70 32X24X15 70 190 37.20,CL70 32X24X15 70 190 37.20,1,70.68,Other / Uncategorized,Unclassified,none
CLASS 85.0 48.0 X 42.0 X 53.0 (EX85) 815 EX85 30216,CLASS 85.0 48.0 X 42.0 X 53.0 (EX85) 815 EX85 30216,1,2462.6,Other / Uncategorized,Unclassified,none
CONSTRUCTION SITE DELIVERY FEE,CONSTRUCTION SITE DELIVERY FEE,1,25.0,Accessorial / Delivery Surcharge,Delivery Area Surcharge (DAS),tfidf_fallback
CONSTRUCTION SITE DELIVERY FLAT,CONSTRUCTION SITE DELIVERY FLAT,1,53.82,Accessorial / Delivery Surcharge,Delivery Area Surcharge (DAS),tfidf_fallback
CONSUMPTI ON TAX,CONSUMPTI ON TAX,3,60.75,Taxes & Customs,Sales / General Tax,rule
CONSUMPTION TAX,CONSUMPTION TAX,3,84.12,Taxes & Customs,Sales / General Tax,rule
CONTRACT MINIMUM REACHED MCADJ ADJ,CONTRACT MINIMUM REACHED MCADJ ADJ,122,9482.55,Other / Uncategorized,Unclassified,none
CONTRACT REACHED MCADJ MINIMUM ADJ,CONTRACT REACHED MCADJ MINIMUM ADJ,1,34.22,Other / Uncategorized,Unclassified,none
CONTRAPRESTACIONCNT,CONTRAPRESTACIONCNT,1,1.14,Other / Uncategorized,Unclassified,none
CONTROL VALVE 70 210 MIN,CONTROL VALVE 70 210 MIN,1,173.02,Other / Uncategorized,Unclassified,none
CONTROL VALVES *FXF 100001/05/26 ILC 04245,CONTROL VALVES *FXF 100001/05/26 ILC 04245,1,1036.04,Other / Uncategorized,Unclassified,none
COR BOL,COR BOL,1,40.0,Fuel Surcharge,Fuel Surcharge Correction,tfidf_fallback
CORRECTED BILL OF LADING CHARGE,CORRECTED BILL OF LADING CHARGE,2,80.0,Administrative & Service Fees,Billing Adjustment / Correction,tfidf_fallback
CORRECTIONAL INSTITUTIONS FLAT,CORRECTIONAL INSTITUTIONS FLAT,1,53.82,Fuel Surcharge,Fuel Surcharge Correction,tfidf_fallback
CORRUGATED BOXES,CORRUGATED BOXES,2,8921.93,Fuel Surcharge,Fuel Surcharge Correction,tfidf_fallback
CPLUS LOCAL DRIVE CHARGES 111.000 1.4300,CPLUS LOCAL DRIVE CHARGES 111.000 1.4300,1,158.73,Other / Uncategorized,Unclassified,none
CPLUS LOCAL DRIVE CHARGES 170.560 1.4300,CPLUS LOCAL DRIVE CHARGES 170.560 1.4300,1,243.9,Other / Uncategorized,Unclassified,none
CRATES 70 250 MIN (WOODEN),CRATES 70 250 MIN (WOODEN),1,158.29,Other / Uncategorized,Unclassified,none
CROSS-BORDER ADMINISTRATIVE FEE CUAF,CROSS-BORDER ADMINISTRATIVE FEE CUAF,2,415.5,Other / Uncategorized,Unclassified,none
CRT VALVES I&S OR NP IT-51080-7 60 1911 23.51,CRT VALVES I&S OR NP IT-51080-7 60 1911 23.51,1,449.28,Other / Uncategorized,Unclassified,none
CRT VALVES I&S OR NP IT-51080-7 60 4380 FLAT,CRT VALVES I&S OR NP IT-51080-7 60 4380 FLAT,1,7879.18,Other / Uncategorized,Unclassified,none
CRT VALVES I&S OR NP IT-51080-7 60 5275 18.37,CRT VALVES I&S OR NP IT-51080-7 60 5275 18.37,1,969.02,Other / Uncategorized,Unclassified,none
CRT VALVES I&S OR NP IT-51080-7 60 617 FLAT,CRT VALVES I&S OR NP IT-51080-7 60 617 FLAT,1,2153.7,Other / Uncategorized,Unclassified,none
CRT VALVES I&S OR NP IT-51080-7 60 7770 FLAT,CRT VALVES I&S OR NP IT-51080-7 60 7770 FLAT,1,3352.07,Other / Uncategorized,Unclassified,none
CRTS VALVES I/S IT-51080-7 CL 85 & 85 9809 15.43,CRTS VALVES I/S IT-51080-7 CL 85 & 85 9809 15.43,1,1513.53,Other / Uncategorized,Unclassified,none
CSA FEE 1.37,CSA FEE 1.37,9,12.330000000000002,Other / Uncategorized,Unclassified,none
CUSTOMS,CUSTOMS,1,50.0,Taxes & Customs,Customs / Brokerage,rule
CUSTOMS BROKERAGE CHARGE,CUSTOMS BROKERAGE CHARGE,2,184.0,Taxes & Customs,Customs / Brokerage,rule
CUSTOMS BROKERAGE CHARGE - DEST,CUSTOMS BROKERAGE CHARGE - DEST,15,2090.0,Taxes & Customs,Customs / Brokerage,rule
CUSTOMS BROKERAGE CHARGE - DEST (NO VAT),CUSTOMS BROKERAGE CHARGE - DEST (NO VAT),1,68.25,Taxes & Customs,VAT,rule
CUSTOMS BROKERAGE CHARGE - ORIG,CUSTOMS BROKERAGE CHARGE - ORIG,12,1045.0,Taxes & Customs,Customs / Brokerage,rule
CUSTOMS CLEARANCE,CUSTOMS CLEARANCE,5,795.0,Taxes & Customs,Customs / Brokerage,rule
CUSTOMS FEE,CUSTOMS FEE,10,7295.0,Taxes & Customs,Customs / Brokerage,rule
CUSTOMS OR TRANS-BORDER FEE,CUSTOMS OR TRANS-BORDER FEE,2,48.0,Taxes & Customs,Customs / Brokerage,rule
CUSTOMS SUFFERANCE WHSE CHARGE,CUSTOMS SUFFERANCE WHSE CHARGE,1,50.0,Taxes & Customs,Customs / Brokerage,rule
CUstoms Services,CUstoms Services,1,35.0,Taxes & Customs,Customs / Brokerage,rule
CVO bh3j2648m7,CVO bh3j2648m7,1,52.2,Other / Uncategorized,Unclassified,none
CVO ,CVO ,2,104.4,Other / Uncategorized,Unclassified,none
California Compliance Surcharge,California Compliance Surcharge,2,50.0,Accessorial / Delivery Surcharge,Demand / Peak Surcharge,tfidf_fallback
Call Tag,Call Tag,23,312.40000000000003,Other / Uncategorized,Unclassified,none
Canada GST,Canada GST,128,10323.27,Taxes & Customs,GST / HST,rule
Canada HST,Canada HST,236,2216.84,Taxes & Customs,GST / HST,rule
Canada HST (NB),Canada HST (NB),1,15.33,Taxes & Customs,GST / HST,rule
Canada HST (ON),Canada HST (ON),15,74.98,Taxes & Customs,GST / HST,rule
Canada QST,Canada QST,6,1.34,Taxes & Customs,GST / HST,tfidf_fallback
Cancellation Fee,Cancellation Fee,8,247.1,Administrative & Service Fees,Document Fee,tfidf_fallback
Cargo Insurance,Cargo Insurance,2,55.0,Other / Uncategorized,Unclassified,none
Cargo Screening Fee,Cargo Screening Fee,3,574.65,Accessorial / Delivery Surcharge,Security Surcharge,rule
Cargo Screening/X-Ray,Cargo Screening/X-Ray,2,185.2,Accessorial / Delivery Surcharge,Security Surcharge,rule
Cayman Islands Stamp Duty,Cayman Islands Stamp Duty,2,4.88,Taxes & Customs,Duty & Import Tax,rule
Cell Phone 10x5x3,Cell Phone 10x5x3,8,113.68,Other / Uncategorized,Unclassified,none
Chargeback Additional Handling - Length+Girth,Chargeback Additional Handling - Length+Girth,2,81.0,Administrative & Service Fees,Chargeback / Reversal,rule
Chargeback Addl. Handling weight,Chargeback Addl. Handling weight,1,58.75,Administrative & Service Fees,Chargeback / Reversal,rule
Chargeback Chargeback Surcharge,Chargeback Chargeback Surcharge,32,768.0,Administrative & Service Fees,Chargeback / Reversal,rule
Chargeback Delivery Area Surcharge,Chargeback Delivery Area Surcharge,100,292.0,Administrative & Service Fees,Chargeback / Reversal,rule
Chargeback Delivery Area Surcharge - Extended,Chargeback Delivery Area Surcharge - Extended,6,22.200000000000003,Administrative & Service Fees,Chargeback / Reversal,rule
Chargeback Fuel Surcharge,Chargeback Fuel Surcharge,340,1108.82,Fuel Surcharge,Chargeback Fuel Surcharge,rule
China VAT - Duty/Tax,China VAT - Duty/Tax,1,0.31,Taxes & Customs,VAT,rule
Clearance End-use Fee,Clearance End-use Fee,13,1219.63,Other / Uncategorized,Unclassified,none
Clearance Entry Fee,Clearance Entry Fee,6,148.29,Other / Uncategorized,Unclassified,none
Corrected BOL,Corrected BOL,1,33.6,Fuel Surcharge,Fuel Surcharge Correction,tfidf_fallback
Corrected BOL Charge,Corrected BOL Charge,3,120.0,Fuel Surcharge,Fuel Surcharge Correction,tfidf_fallback
Courier Package Fees,Courier Package Fees,1,5.13,Administrative & Service Fees,Package Handling / Storage,tfidf_fallback
Courier service DHL 0,Courier service DHL 0,1,22.5,Credits,Credit From Carrier,tfidf_fallback
Courier/Messenger/(In case is needed),Courier/Messenger/(In case is needed),1,85.0,Other / Uncategorized,Unclassified,none
Credit Memo,Credit Memo,1,-3582.0,Credits,Credit From Carrier,tfidf_fallback
Cross Border/Homeland Security Fee,Cross Border/Homeland Security Fee,1,17.0,Accessorial / Delivery Surcharge,Security Surcharge,tfidf_fallback
Custom Clearance Road International,Custom Clearance Road International,5,1250.0,Taxes & Customs,Customs / Brokerage,rule
Custom Clearance Road International 2 ENTRIES,Custom Clearance Road International 2 ENTRIES,1,400.0,Taxes & Customs,Customs / Brokerage,rule
Customer Solution Service Fee,Customer Solution Service Fee,2,16.0,Taxes & Customs,Customs / Brokerage,rule
Customs,Customs,2,89.63,Taxes & Customs,Customs / Brokerage,rule
Customs Authorization,Customs Authorization,1,40.0,Taxes & Customs,Customs / Brokerage,rule
Customs Border Fee,Customs Border Fee,1,24.0,Taxes & Customs,Customs / Brokerage,rule
Customs Clearance,Customs Clearance,2,74.62,Taxes & Customs,Customs / Brokerage,rule
Customs Clearance (AH/WK/H),Customs Clearance (AH/WK/H),40,8930.0,Taxes & Customs,Customs / Brokerage,rule
Customs Clearance (USA/CA),Customs Clearance (USA/CA),33,6608.0,Taxes & Customs,Customs / Brokerage,rule
Customs Clearance Fee,Customs Clearance Fee,2,30.59,Taxes & Customs,Customs / Brokerage,rule
Customs Duty,Customs Duty,86,12283.500000000002,Taxes & Customs,Duty & Import Tax,rule
Customs Gst,Customs Gst,46,3464.89,Taxes & Customs,GST / HST,rule
Customs Processing and Admin Fees,Customs Processing and Admin Fees,1,5.0,Taxes & Customs,Customs / Brokerage,rule
Customs Services,Customs Services,203,11941.25,Taxes & Customs,Customs / Brokerage,rule
Customs Trans border,Customs Trans border,1,24.0,Taxes & Customs,Customs / Brokerage,rule
Customs clearance,Customs clearance,39,2860.0,Taxes & Customs,Customs / Brokerage,rule
D&T Forwarding 3rd Party,D&T Forwarding 3rd Party,1,36.48,Administrative & Service Fees,Third Party Billing,tfidf_fallback
D/O FEE,D/O FEE,2,158.62,Other / Uncategorized,Unclassified,none
D/O FEE E,D/O FEE E,1,79.31,Other / Uncategorized,Unclassified,none
DAD,DAD,1,45.0,Other / Uncategorized,Unclassified,none
DAS AK Commercial,DAS AK Commercial,7,322.0,Accessorial / Delivery Surcharge,Delivery Area Surcharge (DAS),rule
DAS AK Residential,DAS AK Residential,1,46.0,Accessorial / Delivery Surcharge,Delivery Area Surcharge (DAS),rule
DAS Commercial,DAS Commercial,3087,6862.42,Accessorial / Delivery Surcharge,Delivery Area Surcharge (DAS),rule
DAS Extended Commercial,DAS Extended Commercial,608,1684.78,Accessorial / Delivery Surcharge,Delivery Area Surcharge (DAS),rule
DAS Extended Residential,DAS Extended Residential,111,488.40000000000003,Accessorial / Delivery Surcharge,Delivery Area Surcharge (DAS),rule
DAS HI Residential,DAS HI Residential,16,260.0,Accessorial / Delivery Surcharge,Delivery Area Surcharge (DAS),rule
DAS Hawaii Resi,DAS Hawaii Resi,1,16.25,Accessorial / Delivery Surcharge,Delivery Area Surcharge (DAS),rule
DAS Remote Comm,DAS Remote Comm,47,393.4,Accessorial / Delivery Surcharge,Delivery Area Surcharge (DAS),rule
DAS Remote Residential,DAS Remote Residential,13,108.91000000000001,Accessorial / Delivery Surcharge,Delivery Area Surcharge (DAS),rule
DAS Resi,DAS Resi,3,9.899999999999999,Accessorial / Delivery Surcharge,Delivery Area Surcharge (DAS),rule
DAS Residential,DAS Residential,468,1551.0,Accessorial / Delivery Surcharge,Delivery Area Surcharge (DAS),rule
DC DELIVERY SURCHARGE DCDEL,DC DELIVERY SURCHARGE DCDEL,2,270.0,Accessorial / Delivery Surcharge,Delivery Area Surcharge (DAS),tfidf_fallback
DDP/DDU SERVICE FEE,DDP/DDU SERVICE FEE,2,120.0,Other / Uncategorized,Unclassified,none
DEFICIT DEF114 11505,DEFICIT DEF114 11505,1,131.16,Other / Uncategorized,Unclassified,none
DEFICIT DEF130 110322,DEFICIT DEF130 110322,1,1434.19,Other / Uncategorized,Unclassified,none
DEFICIT DEF185 30216,DEFICIT DEF185 30216,1,559.0,Other / Uncategorized,Unclassified,none
DEFICIT DEF32 32607,DEFICIT DEF32 32607,1,104.34,Other / Uncategorized,Unclassified,none
DEFICIT DEF50 66803,DEFICIT DEF50 66803,1,334.02,Other / Uncategorized,Unclassified,none
DEFICIT DEF78 84337,DEFICIT DEF78 84337,1,657.83,Other / Uncategorized,Unclassified,none
DEFICIT DEF93 62092,DEFICIT DEF93 62092,1,577.46,Other / Uncategorized,Unclassified,none
DEFICIT WEIGHT,DEFICIT WEIGHT,1,548.94,Line Haul / Base Transportation,General / Mode Not Specified,tfidf_fallback
DEFICIT WEIGHT CHARGE,DEFICIT WEIGHT CHARGE,4,599.53,Line Haul / Base Transportation,General / Mode Not Specified,tfidf_fallback
DEFICIT WEIGHT CHARGE *,DEFICIT WEIGHT CHARGE *,12,516.61,Line Haul / Base Transportation,General / Mode Not Specified,tfidf_fallback
DEFICIT WGHT 50 320 FLAT,DEFICIT WGHT 50 320 FLAT,1,575.65,Other / Uncategorized,Unclassified,none
DEFICIT WGT. 41.64 CHARGE 70 66,DEFICIT WGT. 41.64 CHARGE 70 66,1,27.48,Accessorial / Delivery Surcharge,Demand / Peak Surcharge,tfidf_fallback
DEFICIT WGT. CHARGE 175 50 36.04,DEFICIT WGT. CHARGE 175 50 36.04,1,18.02,Accessorial / Delivery Surcharge,Demand / Peak Surcharge,tfidf_fallback
DEFICIT WGT. CHARGE 92.5 60 25.21,DEFICIT WGT. CHARGE 92.5 60 25.21,1,15.13,Accessorial / Delivery Surcharge,Demand / Peak Surcharge,tfidf_fallback
DEFICIT WT=LOWER CHARGES,DEFICIT WT=LOWER CHARGES,3,650.6700000000001,Other / Uncategorized,Unclassified,none
DELI VERY,DELI VERY,1,232.93,Accessorial / Delivery Surcharge,Delivery Area Surcharge (DAS),tfidf_fallback
DELIVERY,DELIVERY,103,36471.409999999996,Accessorial / Delivery Surcharge,Delivery Area Surcharge (DAS),tfidf_fallback
DELIVERY CHARGE,DELIVERY CHARGE,5,1168.5,Accessorial / Delivery Surcharge,Delivery Area Surcharge (DAS),tfidf_fallback
DELIVERY E,DELIVERY E,1,109.9,Accessorial / Delivery Surcharge,Delivery Area Surcharge (DAS),tfidf_fallback
DELIVERY FSC,DELIVERY FSC,4,270.0,Accessorial / Delivery Surcharge,Delivery Area Surcharge (DAS),tfidf_fallback
DELIVERY ORDER FEE,DELIVERY ORDER FEE,1,75.0,Accessorial / Delivery Surcharge,Delivery Area Surcharge (DAS),tfidf_fallback
DELIVERY ,DELIVERY ,1,450.0,Accessorial / Delivery Surcharge,Delivery Area Surcharge (DAS),tfidf_fallback
DEMAND SURCHARGE TIER,DEMAND SURCHARGE TIER,2,161.01,Accessorial / Delivery Surcharge,Demand / Peak Surcharge,rule
DEMAND SURCHARGE TIER 2,DEMAND SURCHARGE TIER 2,4,180.0,Accessorial / Delivery Surcharge,Demand / Peak Surcharge,rule
DENSITY 1 Each $1;906.07,DENSITY 1 Each $1;906.07,1,1906.07,Other / Uncategorized,Unclassified,none
DEST DELIVERY,DEST DELIVERY,25,4360.22,Accessorial / Delivery Surcharge,Delivery Area Surcharge (DAS),tfidf_fallback
DESTINATION,DESTINATION,2,491.47999999999996,Taxes & Customs,Customs / Brokerage,tfidf_fallback
DESTINATION CHARGES,DESTINATION CHARGES,1,341.6,Taxes & Customs,Customs / Brokerage,tfidf_fallback
DESTINATION TERMINAL,DESTINATION TERMINAL,27,4050.0,Taxes & Customs,Customs / Brokerage,tfidf_fallback
DESTINATION THC,DESTINATION THC,27,5631.82,Taxes & Customs,Customs / Brokerage,tfidf_fallback
DESTINATION THC E,DESTINATION THC E,1,120.0,Taxes & Customs,Customs / Brokerage,tfidf_fallback
DETENTION 307PM-330PM,DETENTION 307PM-330PM,1,46.0,Other / Uncategorized,Unclassified,none
DETENTION BELIMO 1043AM-1156AM,DETENTION BELIMO 1043AM-1156AM,1,120.0,Other / Uncategorized,Unclassified,none
DETENTION BELIMO 844AM-1101AM,DETENTION BELIMO 844AM-1101AM,1,274.0,Other / Uncategorized,Unclassified,none
DETENTION SHEPARDS 127PM-339PM,DETENTION SHEPARDS 127PM-339PM,1,240.0,Other / Uncategorized,Unclassified,none
DETENTION WITH POWER,DETENTION WITH POWER,1,97.0,Other / Uncategorized,Unclassified,none
DGAC,DGAC,35,411.0,Other / Uncategorized,Unclassified,none
DIGIT DOC/VUCEM FEE,DIGIT DOC/VUCEM FEE,1,10.0,Administrative & Service Fees,Document Fee,tfidf_fallback
DIGITAL CABLE COMPONENTS NMFC# 061130,DIGITAL CABLE COMPONENTS NMFC# 061130,1,191.57,Other / Uncategorized,Unclassified,none
DIGITAL CABLE MODEMS,DIGITAL CABLE MODEMS,1,4742.75,Other / Uncategorized,Unclassified,none
DIGITAL CABLE NMFC# 061130 S3,DIGITAL CABLE NMFC# 061130 S3,1,263.95,Other / Uncategorized,Unclassified,none
DISCOUNT,DISCOUNT,3,-2875.34,Discounts,General Discount,rule
DISPUTE WON- PER KRISTEN,DISPUTE WON- PER KRISTEN,1,196.11,Other / Uncategorized,Unclassified,none
DN 611,DN 611,1,9169.84,Other / Uncategorized,Unclassified,none
DOC,DOC,46,673.0,Administrative & Service Fees,Document Fee,tfidf_fallback
DOC FEE,DOC FEE,1,85.0,Administrative & Service Fees,Document Fee,tfidf_fallback
DOCS Z,DOCS Z,1,30.37,Administrative & Service Fees,Document Fee,tfidf_fallback
DOCU LESS THAN 1 HOURS NOTICE,DOCU LESS THAN 1 HOURS NOTICE,5,150.0,Accessorial / Delivery Surcharge,Saturday / After Hours / Holiday,tfidf_fallback
DOCU LESS THAN 2 HOUR NOTICE,DOCU LESS THAN 2 HOUR NOTICE,3,60.0,Administrative & Service Fees,Document Fee,tfidf_fallback
DOCU LESS THAN 2 HOURS NOTICE,DOCU LESS THAN 2 HOURS NOTICE,2,40.0,Accessorial / Delivery Surcharge,Saturday / After Hours / Holiday,tfidf_fallback
DOCU LGA SURCHARGE,DOCU LGA SURCHARGE,1,100.0,Accessorial / Delivery Surcharge,Demand / Peak Surcharge,tfidf_fallback
DOCUMENT FEE,DOCUMENT FEE,1,45.0,Administrative & Service Fees,Document Fee,rule
DOCUMENT INTEGRITY,DOCUMENT INTEGRITY,12,215.69,Administrative & Service Fees,Document Fee,tfidf_fallback
DOCUMENT MANAGEMENT,DOCUMENT MANAGEMENT,95,2375.0,Administrative & Service Fees,Document Fee,tfidf_fallback
DRAYAGE,DRAYAGE,1,1850.0,Administrative & Service Fees,Package Handling / Storage,tfidf_fallback
DRAYAGE (LOADED),DRAYAGE (LOADED),1,575.0,Other / Uncategorized,Unclassified,none
DRAYAGE (REJECTED),DRAYAGE (REJECTED),1,575.0,Administrative & Service Fees,Package Handling / Storage,tfidf_fallback
DRAYAGE/CARTAGE,DRAYAGE/CARTAGE,3,461.95,Administrative & Service Fees,Package Handling / Storage,tfidf_fallback
DRIVER DETENTION AT DEST DETND,DRIVER DETENTION AT DEST DETND,3,638.75,Other / Uncategorized,Unclassified,none
DRIVER DETENTION AT ORIGIN DETNO,DRIVER DETENTION AT ORIGIN DETNO,1,95.0,Other / Uncategorized,Unclassified,none
DRIVER TO CALL B4 DELIVERY FLAT,DRIVER TO CALL B4 DELIVERY FLAT,1,10.76,Accessorial / Delivery Surcharge,Delivery Area Surcharge (DAS),tfidf_fallback
DRIVER WAIT TIME,DRIVER WAIT TIME,1,100.0,Accessorial / Delivery Surcharge,Wait Time / Mileage / Toll,rule
DSV Protect,DSV Protect,2,30.0,Other / Uncategorized,Unclassified,none
DUTY TAX PROCESSING,DUTY TAX PROCESSING,1,23.79,Taxes & Customs,Duty & Import Tax,rule
DWD DEST DETENTION WITH POWER,DWD DEST DETENTION WITH POWER,1,72.25,Other / Uncategorized,Unclassified,none
Dash Critical (Delta Airlines),Dash Critical (Delta Airlines),42,3690.0,Other / Uncategorized,Unclassified,none
Declared Value,Declared Value,142,4544.33,Administrative & Service Fees,Declared Value / Insurance,rule
Declared Value Charge,Declared Value Charge,46,796.95,Administrative & Service Fees,Declared Value / Insurance,rule
Dedicated transport,Dedicated transport,1,489.75,Line Haul / Base Transportation,General / Mode Not Specified,tfidf_fallback
Deficit Weight,Deficit Weight,9,5386.13,Line Haul / Base Transportation,General / Mode Not Specified,tfidf_fallback
Delivery,Delivery,7,1856.9,Accessorial / Delivery Surcharge,Delivery Area Surcharge (DAS),tfidf_fallback
Delivery Area Surcharge,Delivery Area Surcharge,1637,4828.1,Accessorial / Delivery Surcharge,Delivery Area Surcharge (DAS),rule
Delivery Area Surcharge - Extended,Delivery Area Surcharge - Extended,341,1355.98,Accessorial / Delivery Surcharge,Delivery Area Surcharge (DAS),rule
Delivery Area Surcharge Adjustment,Delivery Area Surcharge Adjustment,7,8.83,Accessorial / Delivery Surcharge,Delivery Area Surcharge (DAS),rule
Delivery Cartage,Delivery Cartage,42,11952.8,Accessorial / Delivery Surcharge,Delivery Area Surcharge (DAS),tfidf_fallback
Delivery Charge,Delivery Charge,3,1650.0,Accessorial / Delivery Surcharge,Delivery Area Surcharge (DAS),tfidf_fallback
Delivery Confirmation Signature,Delivery Confirmation Signature,6,45.5,Accessorial / Delivery Surcharge,Signature Required,rule
Delivery Lane Charge,Delivery Lane Charge,1,189.92,Accessorial / Delivery Surcharge,Delivery Area Surcharge (DAS),tfidf_fallback
Delivery Trumbull; CT,Delivery Trumbull; CT,1,345.0,Accessorial / Delivery Surcharge,Delivery Area Surcharge (DAS),tfidf_fallback
Delivery Z,Delivery Z,1,39.0,Accessorial / Delivery Surcharge,Delivery Area Surcharge (DAS),tfidf_fallback
Delivery via Truck,Delivery via Truck,4,1098.6,Accessorial / Delivery Surcharge,Delivery Area Surcharge (DAS),tfidf_fallback
Delivery via Truck - Greater of (Min Rate EUR,Delivery via Truck - Greater of (Min Rate EUR,1,297.0,Accessorial / Delivery Surcharge,Delivery Area Surcharge (DAS),tfidf_fallback
Delivery via Truck 224,Delivery via Truck 224,1,141.12,Accessorial / Delivery Surcharge,Delivery Area Surcharge (DAS),tfidf_fallback
Delivery via Truck Greater of (Min Rate EUR 225;00; 274 Kilogram(s) @ EUR 0;45/KG),Delivery via Truck Greater of (Min Rate EUR 225;00; 274 Kilogram(s) @ EUR 0;45/KG),1,225.0,Accessorial / Delivery Surcharge,Delivery Area Surcharge (DAS),tfidf_fallback
Delivery via Truck Greater of (Min Rate EUR 25;00; 1412;5 Kilogram(s) @ EUR 0;20/KG),Delivery via Truck Greater of (Min Rate EUR 25;00; 1412;5 Kilogram(s) @ EUR 0;20/KG),1,282.5,Accessorial / Delivery Surcharge,Delivery Area Surcharge (DAS),tfidf_fallback
Delivery via Truck Greater of (Min Rate EUR 25;00; 87 Kilogram(s) @ EUR 0;20/KG),Delivery via Truck Greater of (Min Rate EUR 25;00; 87 Kilogram(s) @ EUR 0;20/KG),1,25.0,Accessorial / Delivery Surcharge,Delivery Area Surcharge (DAS),tfidf_fallback
Delivery via Truck Greater of (Min Rate EUR 297;00; 328 Kilogram(s) @ EUR 0;63/KG),Delivery via Truck Greater of (Min Rate EUR 297;00; 328 Kilogram(s) @ EUR 0;63/KG),1,297.0,Accessorial / Delivery Surcharge,Delivery Area Surcharge (DAS),tfidf_fallback
Delivery via Truck Greater of (Min Rate EUR 350;00; 588;5 Kilogram(s) @ EUR 0;20/KG),Delivery via Truck Greater of (Min Rate EUR 350;00; 588;5 Kilogram(s) @ EUR 0;20/KG),1,350.0,Accessorial / Delivery Surcharge,Delivery Area Surcharge (DAS),tfidf_fallback
Demand Surcharge,Demand Surcharge,474,525.19,Accessorial / Delivery Surcharge,Demand / Peak Surcharge,rule
Dest. Administrative Handling,Dest. Administrative Handling,8,278.4,Accessorial / Delivery Surcharge,Additional Handling,tfidf_fallback
Dest. Administrative Handling - Base Rate EUR 39;60,Dest. Administrative Handling - Base Rate EUR 39;60,1,39.6,Line Haul / Base Transportation,General / Mode Not Specified,rule
Dest. Administrative Handling Base Rate,Dest. Administrative Handling Base Rate,1,30.0,Line Haul / Base Transportation,General / Mode Not Specified,rule
Dest. Administrative Handling Base Rate EUR 30;00,Dest. Administrative Handling Base Rate EUR 30;00,1,30.0,Line Haul / Base Transportation,General / Mode Not Specified,rule
Dest. Airport Fees,Dest. Airport Fees,6,135.0,Taxes & Customs,Duty & Import Tax,tfidf_fallback
Dest. Airport Fees - Base Rate EUR 15;00,Dest. Airport Fees - Base Rate EUR 15;00,3,45.0,Line Haul / Base Transportation,General / Mode Not Specified,rule
Dest. Airport Fees - Base Rate EUR 15;00 ,Dest. Airport Fees - Base Rate EUR 15;00 ,1,15.0,Line Haul / Base Transportation,General / Mode Not Specified,rule
Dest. Airport Fees Base Rate,Dest. Airport Fees Base Rate,1,30.0,Line Haul / Base Transportation,General / Mode Not Specified,rule
Dest. Airport Fees Base Rate EUR,Dest. Airport Fees Base Rate EUR,1,30.0,Line Haul / Base Transportation,General / Mode Not Specified,rule
Dest. Airport Fees Base Rate EUR 30;00,Dest. Airport Fees Base Rate EUR 30;00,1,30.0,Line Haul / Base Transportation,General / Mode Not Specified,rule
Dest. Terminal Handling,Dest. Terminal Handling,3,457.88,Accessorial / Delivery Surcharge,Additional Handling,tfidf_fallback
Dest. Terminal Handling-Forwarden Greater of (Min Rate EUR 18;00; 87 Kilogram(s) @ EUR 0;15/KG),Dest. Terminal Handling-Forwarden Greater of (Min Rate EUR 18;00; 87 Kilogram(s) @ EUR 0;15/KG),1,18.0,Accessorial / Delivery Surcharge,Additional Handling,tfidf_fallback
Dest. Terminal Handling-Forwarder,Dest. Terminal Handling-Forwarder,1,362.88,Accessorial / Delivery Surcharge,Additional Handling,tfidf_fallback
Dest. Terminal Handling-Forwarder - Greater of (Min,Dest. Terminal Handling-Forwarder - Greater of (Min,3,581.0,Accessorial / Delivery Surcharge,Additional Handling,tfidf_fallback
Dest. Terminal Handling-Forwarder 0;18/KG,Dest. Terminal Handling-Forwarder 0;18/KG,1,18.0,Accessorial / Delivery Surcharge,Additional Handling,tfidf_fallback
Dest. Terminal Handling-Forwarder 224 0;56/KG,Dest. Terminal Handling-Forwarder 224 0;56/KG,1,125.44,Accessorial / Delivery Surcharge,Additional Handling,tfidf_fallback
Dest. Terminal Handling-Forwarder Greater of (Min Rate EUR 18;00; 1412;5 Kilogram(s) @ EUR 0;15/KG),Dest. Terminal Handling-Forwarder Greater of (Min Rate EUR 18;00; 1412;5 Kilogram(s) @ EUR 0;15/KG),1,211.88,Accessorial / Delivery Surcharge,Additional Handling,tfidf_fallback
Dest. Terminal Handling-Forwarder Greater of (Min Rate EUR 35;00; 274 Kilogram(s) @ EUR 0;148/KG),Dest. Terminal Handling-Forwarder Greater of (Min Rate EUR 35;00; 274 Kilogram(s) @ EUR 0;148/KG),1,40.55,Accessorial / Delivery Surcharge,Additional Handling,tfidf_fallback
Dest. Terminal Handling-Forwarder Greater of (Min Rate EUR 42;00; 588;5 Kilogram(s) @ EUR 0;30/KG),Dest. Terminal Handling-Forwarder Greater of (Min Rate EUR 42;00; 588;5 Kilogram(s) @ EUR 0;30/KG),1,176.55,Accessorial / Delivery Surcharge,Additional Handling,tfidf_fallback
Dest. Terminal Handling-Forwarder Greater of (Min Rate EUR 56;70; 328 Kilogram(s) @ EUR 0;56/KG),Dest. Terminal Handling-Forwarder Greater of (Min Rate EUR 56;70; 328 Kilogram(s) @ EUR 0;56/KG),1,183.68,Accessorial / Delivery Surcharge,Additional Handling,tfidf_fallback
Destination Charges Per Kilo,Destination Charges Per Kilo,11,7926.99,Taxes & Customs,Customs / Brokerage,tfidf_fallback
Destination Charges Per Shipment,Destination Charges Per Shipment,18,2591.58,Administrative & Service Fees,Billing Adjustment / Correction,tfidf_fallback
Destination Handling,Destination Handling,10,5108.72,Accessorial / Delivery Surcharge,Additional Handling,tfidf_fallback
Destination Other Charges,Destination Other Charges,2,640.0,Taxes & Customs,Customs / Brokerage,tfidf_fallback
Destination Terminal Handling,Destination Terminal Handling,2,151.81,Accessorial / Delivery Surcharge,Additional Handling,tfidf_fallback
Destination Terminal Handling Charges,Destination Terminal Handling Charges,7,1061.85,Accessorial / Delivery Surcharge,Additional Handling,tfidf_fallback
Detention,Detention,3,580.5,Other / Uncategorized,Unclassified,none
Dicount,Dicount,2,-1448.89,Discounts,General Discount,tfidf_fallback
Diesal Surcharge,Diesal Surcharge,3,451.4,Accessorial / Delivery Surcharge,Demand / Peak Surcharge,tfidf_fallback
Dieseltoeslag,Dieseltoeslag,4,371.90999999999997,Other / Uncategorized,Unclassified,none
Dieseltoeslag ,Dieseltoeslag ,5,353.85,Other / Uncategorized,Unclassified,none
DieseltoeslagÂ ,DieseltoeslagÂ ,2,236.65,Other / Uncategorized,Unclassified,none
Direct Delivery Only,Direct Delivery Only,1,2.0,Accessorial / Delivery Surcharge,Delivery Area Surcharge (DAS),tfidf_fallback
Direct Signature Req.,Direct Signature Req.,288,2188.7999999999997,Accessorial / Delivery Surcharge,Signature Required,rule
Disbursement Fee,Disbursement Fee,551,6092.34,Administrative & Service Fees,Disbursement Fee,rule
Discount,0047690 DISC AMT/MIN CHG,1,-476.9,Discounts,General Discount,rule
Discount,0048990 DISC AMT/MIN CHG FLR APPL,1,-489.9,Discounts,General Discount,rule
Discount,0056300 DISC AMT/MIN CHG FLR APPL,1,-563.0,Discounts,General Discount,rule
Discount,0073110 DISC AMT/MIN CHG FLR APPL,1,-731.1,Discounts,General Discount,rule
Discount,0128890 DISC AMT/MIN,1,-1288.9,Discounts,General Discount,rule
Discount,10.00% DISC,2,-35.53,Discounts,General Discount,rule
Discount,75.00% DISCOUNT,6,-11103.82,Discounts,General Discount,rule
Discount,795 LESS DISCOUNT,2,-5662.9,Discounts,General Discount,rule
Discount,795 LESS DISCOUNT 21873-9000-FXF-6,1,-3581.95,Discounts,General Discount,rule
Discount,800 LESS DISCOUNT,2,-1893.8899999999999,Discounts,General Discount,rule
Discount,800 LESS DISCOUNT 21873-9000-FXF-3,1,-763.91,Discounts,General Discount,rule
Discount,DISC AMT/MIN CHG FLR APPL,2,-1225.79,Discounts,General Discount,rule
Discount,DISC DISCOUNT 87.10%,1,-1652.92,Discounts,General Discount,rule
Discount,DISC DISCOUNT 91.80%,1,-23943.46,Discounts,General Discount,rule
Discount,DISCOUNT,5,-15436.890000000001,Discounts,General Discount,rule
Discount,DISCOUNT DISC 87.10%,14,-10105.91,Discounts,General Discount,rule
Discount,DISCOUNT DISC 87.60%,2,-1488.6,Discounts,General Discount,rule
Discount,DISCOUNT DISC 87;10%,1,-344.19,Discounts,General Discount,rule
Discount,DISCOUNT DISC 88.10%,6,-4166.65,Discounts,General Discount,rule
Discount,DISCOUNT DISC 88.20%,7,-8427.5,Discounts,General Discount,rule
Discount,DISCOUNT DISC 88.90%,9,-16807.76,Discounts,General Discount,rule
Discount,DISCOUNT DISC 88;10%,2,-2386.13,Discounts,General Discount,rule
Discount,DISCOUNT DISC 88;20%,1,-828.85,Discounts,General Discount,rule
Discount,DISCOUNT DISC 88;90%,4,-2987.66,Discounts,General Discount,rule
Discount,DISCOUNT DISC 89.60%,4,-10966.830000000002,Discounts,General Discount,rule
Discount,DISCOUNT DISC 90.20%,2,-2436.48,Discounts,General Discount,rule
Discount,DISCOUNT DISC 90.40%,2,-1898.06,Discounts,General Discount,rule
Discount,DISCOUNT DISC 90.50%,2,-4026.1,Discounts,General Discount,rule
Discount,DISCOUNT DISC 90.80%,45,-49524.21,Discounts,General Discount,rule
Discount,DISCOUNT DISC 90;80%,3,-2992.4300000000003,Discounts,General Discount,rule
Discount,DISCOUNT DISC 91.20%,17,-29023.23,Discounts,General Discount,rule
Discount,DISCOUNT DISC 91.30%,4,-8677.1,Discounts,General Discount,rule
Discount,DISCOUNT DISC 91.80%,1,-1978.04,Discounts,General Discount,rule
Discount,DISCOUNT DISC 92.10%,10,-25281.46,Discounts,General Discount,rule
Discount,DISCOUNT DISC 92.30%,1,-973.95,Discounts,General Discount,rule
Discount,DISCOUNT DISC 92.60%,2,-1761.69,Discounts,General Discount,rule
Discount,DISCOUNT DISC 92.70%,7,-12770.300000000001,Discounts,General Discount,rule
Discount,DISCOUNT DISC 92.80%,11,-20191.670000000002,Discounts,General Discount,rule
Discount,DISCOUNT DISC 92;30%,1,-630.2,Discounts,General Discount,rule
Discount,DISCOUNT DISC 92;70%,1,-1466.81,Discounts,General Discount,rule
Discount,DISCOUNT DISC 93.20%,4,-4747.94,Discounts,General Discount,rule
Discount,DISCOUNT DISC 93;20%,2,-938.61,Discounts,General Discount,rule
Discount,DISCOUNT DISC 94.40%,2,-2783.52,Discounts,General Discount,rule
Discount,DISCOUNT DISC 94;50%,2,-1866.6100000000001,Discounts,General Discount,rule
Discount,Discount,35526,-2649480.67,Discounts,General Discount,rule
Discount,Discount 1 Each -$16;369.06,1,-16369.06,Discounts,General Discount,rule
Discount,Discount 1 Each -$180.95,1,-180.95,Discounts,General Discount,rule
Discount,Discount 1 Each -$1;271.35,1,-1271.35,Discounts,General Discount,rule
Discount,Discount 1 Each -$245.00,1,-245.0,Discounts,General Discount,rule
Discount,Discount 1 Each -$262.56,1,-262.56,Discounts,General Discount,rule
Discount,Discount 1 Each -$283.30,1,-283.3,Discounts,General Discount,rule
Discount,Discount 1 Each -$3;101.19,1,-3101.19,Discounts,General Discount,rule
Discount,Discount 1 Each -$441.72,1,-441.72,Discounts,General Discount,rule
Discount,Discount 1 Each -$908.94,1,-908.94,Discounts,General Discount,rule
Discount,Discount Allowed 68.00%,1,-828.19,Discounts,General Discount,rule
Discount,Discount Allowed 80.00%,2,-6652.08,Discounts,General Discount,rule
Discount,Discount Allowed 81.00%,1,-1835.54,Discounts,General Discount,rule
Discount,Discount Allowed 82.00% ,1,-2011.71,Discounts,General Discount,rule
Discount,Discount Allowed 83.00%,1,-2479.94,Discounts,General Discount,rule
Discount,Discount Allowed 85.00,1,-1263.41,Discounts,General Discount,rule
Discount,Discount Allowed 85.00%,5,-12167.29,Discounts,General Discount,rule
Discount,Discount Allowed 87.00,1,-1214.64,Discounts,General Discount,rule
Discount,Discount Allowed 87.00%,6,-26632.199999999997,Discounts,General Discount,rule
Discount,Discount Allowed 89.00%,1,-2978.83,Discounts,General Discount,rule
Discount,Discount Allowed 90.50%,2,-14549.01,Discounts,General Discount,rule
Discount,Discount Allowed 90;50%,1,-2501.17,Discounts,General Discount,rule
Discount,ITEM 116030 SUB : 7 TELECOMMUNICATIONS NMFC# 116030 --> R&L'S DISCOUNT SAVES YOU,1,269.5,Discounts,General Discount,rule
Discount,LESS DISCOUNT,3,-4942.37,Discounts,General Discount,rule
Discount,LOGISTICS XPO DISCOUNT SAVES YOU,3,-3308.61,Discounts,General Discount,rule
Discount,PROCESSING; OR COMPONENTS; PARTS OR R&L'S DISCOUNT SAVES YOU,2,-109.08,Discounts,General Discount,rule
Discount,R&L'S DISCOUNT SAVES YOU,155,-16021.8,Discounts,General Discount,rule
Discount,XPO LOGISTICS DISCOUNT SAVES YOU,292,-420383.83,Discounts,General Discount,rule
Discount Allowed 80.00%,Discount Allowed 80.00%,1,-3833.8,Discounts,General Discount,rule
Discount Allowed 81.00%,Discount Allowed 81.00%,1,-1457.22,Discounts,General Discount,rule
Discount Allowed 82.00%,Discount Allowed 82.00%,1,-898.52,Discounts,General Discount,rule
Discount Allowed 85.00%,Discount Allowed 85.00%,3,-6586.47,Discounts,General Discount,rule
Discount Allowed 87.00%,Discount Allowed 87.00%,1,-9363.38,Discounts,General Discount,rule
Discount Allowed 90.50%,Discount Allowed 90.50%,5,-15139.189999999999,Discounts,General Discount,rule
Document Processing Fee,Document Processing Fee,35,875.0,Administrative & Service Fees,Document Fee,tfidf_fallback
Document Turnover Fee,Document Turnover Fee,1,50.0,Administrative & Service Fees,Document Fee,tfidf_fallback
Dom. Express Saver,Dom. Express Saver,7,77.07,Line Haul / Base Transportation,International / Export / Import Freight,tfidf_fallback
Dom. Express Saver Aanpassing,Dom. Express Saver Aanpassing,2,11.16,Line Haul / Base Transportation,International / Export / Import Freight,tfidf_fallback
Dom. Rep. Customs User Fee,Dom. Rep. Customs User Fee,2,0.5,Taxes & Customs,Customs / Brokerage,rule
Domestic Air Freight,Domestic Air Freight,3,2041.22,Line Haul / Base Transportation,Air Freight,rule
Driving Additional Miles,Driving Additional Miles,1227,85643.01,Accessorial / Delivery Surcharge,Wait Time / Mileage / Toll,rule
Dry Ice,Dry Ice,2,17.0,Other / Uncategorized,Unclassified,none
Duties,Duties,73,2460.54,Taxes & Customs,Duty & Import Tax,rule
Duty,Duty,10,24452.29,Taxes & Customs,Duty & Import Tax,rule
Duty Amount,Duty Amount,57,19325.5,Taxes & Customs,Duty & Import Tax,rule
Duty Tax Importer,Duty Tax Importer,4,64.06,Taxes & Customs,Duty & Import Tax,rule
Duty and Tax Forwarding Surcharge,Duty and Tax Forwarding Surcharge,175,2625.0,Taxes & Customs,Duty & Import Tax,rule
ECT EMPTY RETUN SLOT,ECT EMPTY RETUN SLOT,1,38.0,Other / Uncategorized,Unclassified,none
ECT PICK UP SLOT,ECT PICK UP SLOT,1,38.0,Administrative & Service Fees,Pickup Service,tfidf_fallback
EDI Fee,EDI Fee,1,5.25,Other / Uncategorized,Unclassified,none
EEI - Internet Request,EEI - Internet Request,15,195.0,Taxes & Customs,Customs / Brokerage,rule
EEI - Manual Request,EEI - Manual Request,5,65.0,Taxes & Customs,Customs / Brokerage,rule
EIR & SEAL FEE,EIR & SEAL FEE,1,15.0,Other / Uncategorized,Unclassified,none
ELECTRONIC EXPORT INFORMATION,ELECTRONIC EXPORT INFORMATION,4,40.0,Line Haul / Base Transportation,International / Export / Import Freight,rule
ELEVATED RISK,ELEVATED RISK,12,360.0,Other / Uncategorized,Unclassified,none
ENTRY FEE,ENTRY FEE,8,760.0,Other / Uncategorized,Unclassified,none
EPA Processing Fee,EPA Processing Fee,3,78.0,Taxes & Customs,Customs / Brokerage,tfidf_fallback
ETS Toeslag,ETS Toeslag,1,1.27,Other / Uncategorized,Unclassified,none
EU ETS SURCHARGE,EU ETS SURCHARGE,1,18.36,Accessorial / Delivery Surcharge,Demand / Peak Surcharge,tfidf_fallback
EUR,EUR,2,110.0,Other / Uncategorized,Unclassified,none
EX175 MEDICAL DEVICES CLASS 175.0 (EX175) 133 25535,EX175 MEDICAL DEVICES CLASS 175.0 (EX175) 133 25535,1,339.62,Other / Uncategorized,Unclassified,none
EXPORT CLEARANCE,EXPORT CLEARANCE,26,1170.0,Line Haul / Base Transportation,International / Export / Import Freight,rule
EXPORT CUSTOMS CLEARANCE FEE,EXPORT CUSTOMS CLEARANCE FEE,3,130.34,Taxes & Customs,Customs / Brokerage,rule
EXPORT DECLARATION,EXPORT DECLARATION,278,4245.0,Taxes & Customs,Customs / Brokerage,rule
EXTENDED LIABILITY,EXTENDED LIABILITY,12,60.0,Other / Uncategorized,Unclassified,none
EXTRA AFHALING,EXTRA AFHALING,1,35.0,Other / Uncategorized,Unclassified,none
EXTRASTOP,EXTRASTOP,1,75.0,Other / Uncategorized,Unclassified,none
Early Surcharge,Early Surcharge,37,990.0,Accessorial / Delivery Surcharge,Demand / Peak Surcharge,tfidf_fallback
Earned Discount,Earned Discount,22904,-375705.98,Discounts,Earned Discount,rule
Electronic Export Information Fee,Electronic Export Information Fee,15,225.0,Line Haul / Base Transportation,International / Export / Import Freight,rule
Entry Line Charge,Entry Line Charge,58,916.44,Taxes & Customs,Customs / Brokerage,rule
Entry Prep Fee,Entry Prep Fee,122,5882.59,Other / Uncategorized,Unclassified,none
Environmental Fee,Environmental Fee,3,7.5,Administrative & Service Fees,Document Fee,tfidf_fallback
Expedited,Expedited,8,233.45000000000002,Other / Uncategorized,Unclassified,none
Export Acceptance,Export Acceptance,4,40.0,Line Haul / Base Transportation,International / Export / Import Freight,rule
Export Acceptance 0,Export Acceptance 0,4,40.0,Line Haul / Base Transportation,International / Export / Import Freight,rule
Export Acceptance DNATA 0,Export Acceptance DNATA 0,1,29.5,Line Haul / Base Transportation,International / Export / Import Freight,rule
Export Acceptance ,Export Acceptance ,2,20.0,Line Haul / Base Transportation,International / Export / Import Freight,rule
Export Clearance,Export Clearance,2,50.0,Line Haul / Base Transportation,International / Export / Import Freight,rule
Export Customs Clearance,Export Customs Clearance,31,995.0,Taxes & Customs,Customs / Brokerage,rule
Export Customs Clearance Base Rate EUR,Export Customs Clearance Base Rate EUR,1,27.5,Taxes & Customs,Customs / Brokerage,rule
Export Customs Clearance Base Rate EUR 27;50 Zero Rated 1.,Export Customs Clearance Base Rate EUR 27;50 Zero Rated 1.,1,27.5,Taxes & Customs,Customs / Brokerage,rule
Export Customs Clearance Charges,Export Customs Clearance Charges,1,55.23,Taxes & Customs,Customs / Brokerage,rule
Export Customs Clearance Charges - Export clearance EUR 35 for one HS code;,Export Customs Clearance Charges - Export clearance EUR 35 for one HS code;,2,105.75,Taxes & Customs,Customs / Brokerage,rule
Export Customs Clearance Fee,Export Customs Clearance Fee,3,170.0,Taxes & Customs,Customs / Brokerage,rule
Export Customs clearance,Export Customs clearance,5,137.5,Taxes & Customs,Customs / Brokerage,rule
Express,Express,93,3415.19,Line Haul / Base Transportation,International / Export / Import Freight,tfidf_fallback
Express Early,Express Early,2,139.52,Line Haul / Base Transportation,International / Export / Import Freight,tfidf_fallback
Express Early Shipment,Express Early Shipment,1,90.32,Line Haul / Base Transportation,International / Export / Import Freight,tfidf_fallback
Express Saver,Express Saver,7,233.39,Line Haul / Base Transportation,International / Export / Import Freight,tfidf_fallback
Express Saver Third Party,Express Saver Third Party,1,68.57,Administrative & Service Fees,Third Party Billing,tfidf_fallback
Extended Area Surcharge,Extended Area Surcharge,3,183.0,Accessorial / Delivery Surcharge,Delivery Area Surcharge (DAS),tfidf_fallback
Extended Pickup Area Surcharge,Extended Pickup Area Surcharge,1,8.3,Administrative & Service Fees,Pickup Service,rule
Extra Duties,Extra Duties,1,6103.87,Taxes & Customs,Duty & Import Tax,rule
FDA Clearance,FDA Clearance,13,398.0,Other / Uncategorized,Unclassified,none
FDA PROCESSING,FDA PROCESSING,15,675.0,Taxes & Customs,Customs / Brokerage,tfidf_fallback
FLAT,FLAT,8,7625.0,Taxes & Customs,VAT,tfidf_fallback
FLAT CHICAGO METRO CHARGE,FLAT CHICAGO METRO CHARGE,1,86.0,Other / Uncategorized,Unclassified,none
FORWARDING FEES/DOCUMENTATION,FORWARDING FEES/DOCUMENTATION,2,50.0,Administrative & Service Fees,Document Fee,tfidf_fallback
FREE DOMICILE CHARGE,FREE DOMICILE CHARGE,2,60.0,Line Haul / Base Transportation,General / Mode Not Specified,tfidf_fallback
FREIGHT,FREIGHT,5,257.0,Line Haul / Base Transportation,General / Mode Not Specified,rule
FREIGHT CHARGE,FREIGHT CHARGE,32,8475.0,Line Haul / Base Transportation,General / Mode Not Specified,rule
FRT AIR FREIGHT 1.000 1010.0000,FRT AIR FREIGHT 1.000 1010.0000,1,1010.0,Line Haul / Base Transportation,Air Freight,rule
FRT AIR FREIGHT 1.000 108.0000,FRT AIR FREIGHT 1.000 108.0000,1,108.0,Line Haul / Base Transportation,Air Freight,rule
FRT AIR FREIGHT 1.000 117.0000,FRT AIR FREIGHT 1.000 117.0000,1,117.0,Line Haul / Base Transportation,Air Freight,rule
FRT AIR FREIGHT 1.000 2240.0000,FRT AIR FREIGHT 1.000 2240.0000,1,2240.0,Line Haul / Base Transportation,Air Freight,rule
FRT AIR FREIGHT 11.000,FRT AIR FREIGHT 11.000,1,1705.0,Line Haul / Base Transportation,Air Freight,rule
FRT FREIGHT CHARGE 1.000 110.0000,FRT FREIGHT CHARGE 1.000 110.0000,2,220.0,Line Haul / Base Transportation,General / Mode Not Specified,rule
FRT FREIGHT CHARGE 1.000 119.0000,FRT FREIGHT CHARGE 1.000 119.0000,1,119.0,Line Haul / Base Transportation,General / Mode Not Specified,rule
FRT FREIGHT CHARGE 1.000 145.0000,FRT FREIGHT CHARGE 1.000 145.0000,1,145.0,Line Haul / Base Transportation,General / Mode Not Specified,rule
FRT FREIGHT CHARGE 1.000 153.0000,FRT FREIGHT CHARGE 1.000 153.0000,1,153.0,Line Haul / Base Transportation,General / Mode Not Specified,rule
FRT FREIGHT CHARGE 1.000 60.0000,FRT FREIGHT CHARGE 1.000 60.0000,1,60.0,Line Haul / Base Transportation,General / Mode Not Specified,rule
FRT FREIGHT CHARGE 1.000 90.0000,FRT FREIGHT CHARGE 1.000 90.0000,1,90.0,Line Haul / Base Transportation,General / Mode Not Specified,rule
FRT FREIGHT CHARGE 1115.0000,FRT FREIGHT CHARGE 1115.0000,1,1115.0,Line Haul / Base Transportation,General / Mode Not Specified,rule
FRT FREIGHT CHARGE 1155.0000,FRT FREIGHT CHARGE 1155.0000,1,1155.0,Line Haul / Base Transportation,General / Mode Not Specified,rule
FRT FREIGHT CHARGE 225.0000,FRT FREIGHT CHARGE 225.0000,251,56475.0,Line Haul / Base Transportation,General / Mode Not Specified,rule
FRT FREIGHT CHARGE 24.000,FRT FREIGHT CHARGE 24.000,2,198.0,Line Haul / Base Transportation,General / Mode Not Specified,rule
FRT FREIGHT CHARGE 300.0000,FRT FREIGHT CHARGE 300.0000,82,24600.0,Line Haul / Base Transportation,General / Mode Not Specified,rule
FRT FREIGHT CHARGE 3135.0000,FRT FREIGHT CHARGE 3135.0000,1,3135.0,Line Haul / Base Transportation,General / Mode Not Specified,rule
FRT FREIGHT CHARGE 3300.0000,FRT FREIGHT CHARGE 3300.0000,1,3300.0,Line Haul / Base Transportation,General / Mode Not Specified,rule
FRT FREIGHT CHARGE 375.0000,FRT FREIGHT CHARGE 375.0000,41,15375.0,Line Haul / Base Transportation,General / Mode Not Specified,rule
FRT FREIGHT CHARGE 450.0000,FRT FREIGHT CHARGE 450.0000,10,4500.0,Line Haul / Base Transportation,General / Mode Not Specified,rule
FRT FREIGHT CHARGE 525.0000,FRT FREIGHT CHARGE 525.0000,11,5775.0,Line Haul / Base Transportation,General / Mode Not Specified,rule
FRT FREIGHT CHARGE 600.0000,FRT FREIGHT CHARGE 600.0000,4,2400.0,Line Haul / Base Transportation,General / Mode Not Specified,rule
FRT FREIGHT CHARGE 750.0000,FRT FREIGHT CHARGE 750.0000,1,750.0,Line Haul / Base Transportation,General / Mode Not Specified,rule
FRT FREIGHT CHARGE 900.0000,FRT FREIGHT CHARGE 900.0000,1,900.0,Line Haul / Base Transportation,General / Mode Not Specified,rule
FRT FREIGHT CHARGES,FRT FREIGHT CHARGES,10,3999.0,Line Haul / Base Transportation,General / Mode Not Specified,rule
FRT FREIGHT CHARGES X2 pcs,FRT FREIGHT CHARGES X2 pcs,1,3320.0,Line Haul / Base Transportation,General / Mode Not Specified,rule
FSC,FSC,15,5769.89,Other / Uncategorized,Unclassified,none
FSC - ADDER,FSC - ADDER,1,95.36,Other / Uncategorized,Unclassified,none
FSC ADDER,FSC ADDER,26,13024.4,Other / Uncategorized,Unclassified,none
FSC E,FSC E,9,5570.15,Other / Uncategorized,Unclassified,none
FSC FUEL SURCHARGE 34.60%,FSC FUEL SURCHARGE 34.60%,1,227.54,Fuel Surcharge,Domestic Fuel Surcharge,rule
FSC-ADDER,FSC-ADDER,1,98.1,Other / Uncategorized,Unclassified,none
FUEL SURCHARGE,FUEL SURCHARGE,2425,30852.15,Fuel Surcharge,Domestic Fuel Surcharge,rule
FUEL-INDEX,FUEL-INDEX,23,19167.64,Fuel Surcharge,Domestic Fuel Surcharge,rule
Facility Fee Import,Facility Fee Import,1,125.0,Line Haul / Base Transportation,International / Export / Import Freight,rule
Faucets; Bibcocks; Gate Valves or 070 540 70103,Faucets; Bibcocks; Gate Valves or 070 540 70103,1,3785.56,Other / Uncategorized,Unclassified,none
Faucets; Bibcocks; Gate Valves or 175 254 201717,Faucets; Bibcocks; Gate Valves or 175 254 201717,1,5123.61,Other / Uncategorized,Unclassified,none
FederalTax,FederalTax,14,90.85,Other / Uncategorized,Unclassified,none
Fee - Handling/Handoven Import,Fee - Handling/Handoven Import,1,95.0,Taxes & Customs,Duty & Import Tax,rule
Fgl- Lg 18x18x18,Fgl- Lg 18x18x18,1,23.99,Other / Uncategorized,Unclassified,none
Filler - Fragile Small,Filler - Fragile Small,1,8.99,Other / Uncategorized,Unclassified,none
Filler Only Pkg LG,Filler Only Pkg LG,1,5.99,Other / Uncategorized,Unclassified,none
Filler Only Pkg MD,Filler Only Pkg MD,1,4.99,Other / Uncategorized,Unclassified,none
Filler Only Pkg SM,Filler Only Pkg SM,1,3.99,Other / Uncategorized,Unclassified,none
Fix Levering ,Fix Levering ,1,80.0,Other / Uncategorized,Unclassified,none
Food and Drug Administration Clearance,Food and Drug Administration Clearance,2,58.0,Other / Uncategorized,Unclassified,none
"Fragile- Large, 20x20x20","Fragile- Large, 20x20x20",1,26.99,Other / Uncategorized,Unclassified,none
"Fragile- Large, 23x17x12","Fragile- Large, 23x17x12",2,47.98,Other / Uncategorized,Unclassified,none
"Fragile- Large, 24x24x24","Fragile- Large, 24x24x24",1,30.99,Other / Uncategorized,Unclassified,none
"Fragile- Small, 8x8x8","Fragile- Small, 8x8x8",1,13.49,Other / Uncategorized,Unclassified,none
Freight,0002183468 ACTUATORS,1,4465.05,Line Haul / Base Transportation,General / Mode Not Specified,rule
Freight,0002199408 SHPR# ACTUATORS,1,622.62,Line Haul / Base Transportation,General / Mode Not Specified,rule
Freight,1 PLT ACTUATORS 51080-5 CLASS 70 100 M,3,2431.62,Line Haul / Base Transportation,General / Mode Not Specified,rule
Freight,1 PLT ACTUATORS 51080-5 CLASS 70 135 M,1,1061.1,Line Haul / Base Transportation,General / Mode Not Specified,rule
Freight,1 PLT ACTUATORS 51080-5 CLASS 70 143 M,1,992.88,Line Haul / Base Transportation,General / Mode Not Specified,rule
Freight,1 PLT ACTUATORS 51080-5 CLASS 70 159 M,1,755.81,Line Haul / Base Transportation,General / Mode Not Specified,rule
Freight,1 PLT ACTUATORS 51080-5 CLASS 70 165 M,1,1052.04,Line Haul / Base Transportation,General / Mode Not Specified,rule
Freight,1 PLT ACTUATORS 51080-5 CLASS 70 184 M,1,757.45,Line Haul / Base Transportation,General / Mode Not Specified,rule
Freight,1 PLT ACTUATORS 51080-5 CLASS 70 189 746.94,1,1411.72,Line Haul / Base Transportation,General / Mode Not Specified,rule
Freight,1 PLT ACTUATORS 51080-5 CLASS 70 190 518.02,1,984.24,Line Haul / Base Transportation,General / Mode Not Specified,rule
Freight,1 PLT ACTUATORS 51080-5 CLASS 70 191 M,1,780.05,Line Haul / Base Transportation,General / Mode Not Specified,rule
Freight,1 PLT ACTUATORS 51080-5 CLASS 70 200 M,1,757.71,Line Haul / Base Transportation,General / Mode Not Specified,rule
Freight,1 PLT ACTUATORS 51080-5 CLASS 70 203 720.98,1,1463.59,Line Haul / Base Transportation,General / Mode Not Specified,rule
Freight,1 PLT ACTUATORS 51080-5 CLASS 70 205 609.25,1,1248.96,Line Haul / Base Transportation,General / Mode Not Specified,rule
Freight,1 PLT ACTUATORS 51080-5 CLASS 70 206 459.43,1,946.43,Line Haul / Base Transportation,General / Mode Not Specified,rule
Freight,1 PLT ACTUATORS 51080-5 CLASS 70 210 559.52,1,1174.99,Line Haul / Base Transportation,General / Mode Not Specified,rule
Freight,1 PLT ACTUATORS 51080-5 CLASS 70 213 M,1,755.81,Line Haul / Base Transportation,General / Mode Not Specified,rule
Freight,1 PLT ACTUATORS 51080-5 CLASS 70 220 459.43,1,1010.75,Line Haul / Base Transportation,General / Mode Not Specified,rule
Freight,1 PLT ACTUATORS 51080-5 CLASS 70 223 526.83,1,1174.83,Line Haul / Base Transportation,General / Mode Not Specified,rule
Freight,1 PLT ACTUATORS 51080-5 CLASS 70 245 519.59,1,1273.0,Line Haul / Base Transportation,General / Mode Not Specified,rule
Freight,1 PLT ACTUATORS 51080-5 CLASS 70 245 607.71,1,1488.89,Line Haul / Base Transportation,General / Mode Not Specified,rule
Freight,1 PLT ACTUATORS 51080-5 CLASS 70 248 708.50,1,1757.08,Line Haul / Base Transportation,General / Mode Not Specified,rule
Freight,1 PLT ACTUATORS 51080-5 CLASS 70 255 751.31,1,1915.84,Line Haul / Base Transportation,General / Mode Not Specified,rule
Freight,1 PLT ACTUATORS 51080-5 CLASS 70 255 M,1,755.81,Line Haul / Base Transportation,General / Mode Not Specified,rule
Freight,1 PLT ACTUATORS 51080-5 CLASS 70 256 403.58,1,1033.16,Line Haul / Base Transportation,General / Mode Not Specified,rule
Freight,1 PLT ACTUATORS 51080-5 CLASS 70 260 606.20,1,1576.12,Line Haul / Base Transportation,General / Mode Not Specified,rule
Freight,1 PLT ACTUATORS 51080-5 CLASS 70 262 331.64,1,868.9,Line Haul / Base Transportation,General / Mode Not Specified,rule
Freight,1 PLT ACTUATORS 51080-5 CLASS 70 305 312.58,1,953.37,Line Haul / Base Transportation,General / Mode Not Specified,rule
Freight,1 PLT ACTUATORS 51080-5 CLASS 70 315 203.18,1,640.02,Line Haul / Base Transportation,General / Mode Not Specified,rule
Freight,1 PLT ACTUATORS 51080-5 CLASS 70 347 306.65,1,1064.08,Line Haul / Base Transportation,General / Mode Not Specified,rule
Freight,1 PLT ACTUATORS 51080-5 CLASS 70 375 527.14,1,1976.78,Line Haul / Base Transportation,General / Mode Not Specified,rule
Freight,1 PLT ACTUATORS 51080-5 CLASS 70 380 333.29,1,1266.5,Line Haul / Base Transportation,General / Mode Not Specified,rule
Freight,1 PLT ACTUATORS 51080-5 CLASS 70 598 265.32,1,1586.61,Line Haul / Base Transportation,General / Mode Not Specified,rule
Freight,1 PLT ACTUATORS 51080-5 CLASS 70 615 386.80,1,2378.82,Line Haul / Base Transportation,General / Mode Not Specified,rule
Freight,1 PLT ACTUATORS 51080-5 CLASS 70 65 M,1,707.31,Line Haul / Base Transportation,General / Mode Not Specified,rule
Freight,1 PLT ACTUATORS 51080-5 CLASS 70 86 M,1,1271.19,Line Haul / Base Transportation,General / Mode Not Specified,rule
Freight,1 PLT ACTUATORS 51080-5 CLASS 70 88 M,1,788.33,Line Haul / Base Transportation,General / Mode Not Specified,rule
Freight,1 PLT AMMUNITION OR CARTRIDGES; SMALL ARMS; CLASS 1; 322 M,1,149.93,Line Haul / Base Transportation,General / Mode Not Specified,rule
Freight,1 PLT BATTERIES; NON-HM 60680-2 CLASS 65 FAK 55 475 41.11,1,195.27,Line Haul / Base Transportation,General / Mode Not Specified,rule
Freight,1 PLT CONTROL VALVE 51080-5 CLASS 70 156 M,1,1208.38,Line Haul / Base Transportation,General / Mode Not Specified,rule
Freight,1 PLT CONTROL VALVE CLASS 70 193 845.44,1,1631.7,Line Haul / Base Transportation,General / Mode Not Specified,rule
Freight,1 PLT CONTROL VALVE CLASS 70 310 889.93,1,2758.78,Line Haul / Base Transportation,General / Mode Not Specified,rule
Freight,1 PLT CONTROL VALVES 51080-5 CLASS 70 75 M,1,1174.22,Line Haul / Base Transportation,General / Mode Not Specified,rule
Freight,1 PLT CRAIG TI-3RS CLASS 70 234 744.93,1,1743.14,Line Haul / Base Transportation,General / Mode Not Specified,rule
Freight,1 PLT DIE MOLDS CLASS 925 140 M,1,186.0,Line Haul / Base Transportation,General / Mode Not Specified,rule
Freight,1 PLT DIGITAL CABLE COMPONENTS CLASS 85 FAK 50 175 M,1,155.06,Line Haul / Base Transportation,General / Mode Not Specified,rule
Freight,1 PLT DIGITAL CABLE COMPONENTS CLASS 85 FAK 50 654 37.82,1,247.34,Line Haul / Base Transportation,General / Mode Not Specified,rule
Freight,1 PLT DIGITAL CABLE MODEMS CLASS 100 FAK 50 680 57.14,1,388.55,Line Haul / Base Transportation,General / Mode Not Specified,rule
Freight,1 PLT ELECTRICAL MOTORS 22 BLT 30 PCF CLASS 65 FAK 55 617 38.46,1,237.3,Line Haul / Base Transportation,General / Mode Not Specified,rule
Freight,1 PLT ELECTRONIC TELCO SWITCHING SYSTEMS 1 75.0 116030-7 M CLASS 925 FAK 50 75,1,240.46,Line Haul / Base Transportation,General / Mode Not Specified,rule
Freight,1 PLT FOAM CLASS 70 395 732.60,1,2893.77,Line Haul / Base Transportation,General / Mode Not Specified,rule
Freight,1 PLT HARDWARE NOI; SUB 9: 15 LESS THAN 22.5 LBS PER CF 64 M,1,133.31,Line Haul / Base Transportation,General / Mode Not Specified,rule
Freight,1 PLT I/S STEEL CABLE RACKS; RACEWAYS; 1 61225-4 CLASS 775 53 M,1,146.81,Line Haul / Base Transportation,General / Mode Not Specified,rule
Freight,1 PLT MACHINE PARTS 133300-8 CLASS 175 FAK 150 135 M,1,142.17,Line Haul / Base Transportation,General / Mode Not Specified,rule
Freight,1 PLT MISC CLASS 70 100 M,1,1388.78,Line Haul / Base Transportation,General / Mode Not Specified,rule
Freight,1 PLT MISC CLASS 70 105 M,1,1457.34,Line Haul / Base Transportation,General / Mode Not Specified,rule
Freight,1 PLT MISC CLASS 70 118 M,1,873.96,Line Haul / Base Transportation,General / Mode Not Specified,rule
Freight,1 PLT MISC CLASS 70 123 M,1,1001.3,Line Haul / Base Transportation,General / Mode Not Specified,rule
Freight,1 PLT MISC CLASS 70 135 M,2,2644.2,Line Haul / Base Transportation,General / Mode Not Specified,rule
Freight,1 PLT MISC CLASS 70 154 M,1,1113.99,Line Haul / Base Transportation,General / Mode Not Specified,rule
Freight,1 PLT MISC CLASS 70 155 893.79,1,1385.37,Line Haul / Base Transportation,General / Mode Not Specified,rule
Freight,1 PLT MISC CLASS 70 163 M,1,779.97,Line Haul / Base Transportation,General / Mode Not Specified,rule
Freight,1 PLT MISC CLASS 70 168 M,1,796.29,Line Haul / Base Transportation,General / Mode Not Specified,rule
Freight,1 PLT MISC CLASS 70 169 916.97,1,1549.68,Line Haul / Base Transportation,General / Mode Not Specified,rule
Freight,1 PLT MISC CLASS 70 170 810.80,1,1378.36,Line Haul / Base Transportation,General / Mode Not Specified,rule
Freight,1 PLT MISC CLASS 70 175 M,1,793.06,Line Haul / Base Transportation,General / Mode Not Specified,rule
Freight,1 PLT MISC CLASS 70 180 M,2,1470.74,Line Haul / Base Transportation,General / Mode Not Specified,rule
Freight,1 PLT MISC CLASS 70 185 891.52,1,1649.31,Line Haul / Base Transportation,General / Mode Not Specified,rule
Freight,1 PLT MISC CLASS 70 186 M,1,1401.36,Line Haul / Base Transportation,General / Mode Not Specified,rule
Freight,1 PLT MISC CLASS 70 195 M,1,796.29,Line Haul / Base Transportation,General / Mode Not Specified,rule
Freight,1 PLT MISC CLASS 70 196 M,1,796.29,Line Haul / Base Transportation,General / Mode Not Specified,rule
Freight,1 PLT MISC CLASS 70 212 744.93,1,1579.25,Line Haul / Base Transportation,General / Mode Not Specified,rule
Freight,1 PLT MISC CLASS 70 215 556.35,1,1196.15,Line Haul / Base Transportation,General / Mode Not Specified,rule
Freight,1 PLT MISC CLASS 70 215 744.93,1,1601.6,Line Haul / Base Transportation,General / Mode Not Specified,rule
Freight,1 PLT MISC CLASS 70 225 708.98,1,1595.21,Line Haul / Base Transportation,General / Mode Not Specified,rule
Freight,1 PLT MISC CLASS 70 226 740.58,1,1673.71,Line Haul / Base Transportation,General / Mode Not Specified,rule
Freight,1 PLT MISC CLASS 70 254 762.15,1,1935.86,Line Haul / Base Transportation,General / Mode Not Specified,rule
Freight,1 PLT MISC CLASS 70 260 365.12,1,949.31,Line Haul / Base Transportation,General / Mode Not Specified,rule
Freight,1 PLT MISC CLASS 70 275 322.29,1,886.3,Line Haul / Base Transportation,General / Mode Not Specified,rule
Freight,1 PLT MISC CLASS 70 280 378.08,1,1058.62,Line Haul / Base Transportation,General / Mode Not Specified,rule
Freight,1 PLT MISC CLASS 70 318 203.18,1,646.11,Line Haul / Base Transportation,General / Mode Not Specified,rule
Freight,1 PLT MISC CLASS 70 318 877.87,1,2791.63,Line Haul / Base Transportation,General / Mode Not Specified,rule
Freight,1 PLT MISC CLASS 70 320 323.80,1,1036.16,Line Haul / Base Transportation,General / Mode Not Specified,rule
Freight,1 PLT MISC CLASS 70 350 366.68,1,1283.38,Line Haul / Base Transportation,General / Mode Not Specified,rule
Freight,1 PLT MISC CLASS 70 356 538.68,1,1917.7,Line Haul / Base Transportation,General / Mode Not Specified,rule
Freight,1 PLT MISC CLASS 70 405 366.68,1,1485.05,Line Haul / Base Transportation,General / Mode Not Specified,rule
Freight,1 PLT MISC CLASS 70 544 715.65,1,3893.14,Line Haul / Base Transportation,General / Mode Not Specified,rule
Freight,1 PLT MISC CLASS 70 621 304.61,1,1891.63,Line Haul / Base Transportation,General / Mode Not Specified,rule
Freight,1 PLT MISC CLASS 70 717 288.24,1,2066.68,Line Haul / Base Transportation,General / Mode Not Specified,rule
Freight,1 PLT MISC CLASS 70 90 M,1,969.26,Line Haul / Base Transportation,General / Mode Not Specified,rule
Freight,1 PLT MISC CLASS 70 94 M,1,747.41,Line Haul / Base Transportation,General / Mode Not Specified,rule
Freight,1 PLT MISC CLASS 70 95 M,1,1010.36,Line Haul / Base Transportation,General / Mode Not Specified,rule
Freight,1 PLT MISC CLASS 85 355 725.40,1,2575.17,Line Haul / Base Transportation,General / Mode Not Specified,rule
Freight,1 PLT MISC CLASS 925 180 1;043.71,1,1878.68,Line Haul / Base Transportation,General / Mode Not Specified,rule
Freight,1 PLT VALVE ASSEMBLY|L=30;W=38;H=40| CLASS 70 220 732.60,1,2358.97,Line Haul / Base Transportation,General / Mode Not Specified,rule
Freight,16 PLT MISC CLASS 70 6;104,1,2449.48,Line Haul / Base Transportation,General / Mode Not Specified,rule
Freight,2 PLT ACTUATORS 51080-5 CLASS 70 660 613.47,1,4048.9,Line Haul / Base Transportation,General / Mode Not Specified,rule
Freight,2 PLT DIGITAL CABLE COMPONENTS CLASS 85 FAK 50 1;500 26.69,1,400.35,Line Haul / Base Transportation,General / Mode Not Specified,rule
Freight,2 PLT DIGITAL CABLE COMPONENTS CLASS 85 FAK 50 1;500 27.47,1,412.05,Line Haul / Base Transportation,General / Mode Not Specified,rule
Freight,2 PLT MISC CLASS 70 1;026 605.15,1,6208.84,Line Haul / Base Transportation,General / Mode Not Specified,rule
Freight,2nd Day Air A.M. Commercial,4,52.08,Line Haul / Base Transportation,Air Freight,rule
Freight,2nd Day Air A.M. Commercial Third Party,4,111.28,Line Haul / Base Transportation,Air Freight,rule
Freight,2nd Day Air Commercial,485,11605.41,Line Haul / Base Transportation,Air Freight,rule
Freight,2nd Day Air Commercial Third Party,87,1057.19,Line Haul / Base Transportation,Air Freight,rule
Freight,3 Day Select Commercial,12,492.15,Line Haul / Base Transportation,Air Freight,rule
Freight,3 Day Select Commercial Collect,3,199.17,Line Haul / Base Transportation,Air Freight,rule
Freight,3 PLT ACTUATORS 51080-5 CLASS 70 1;245 659.78,1,8214.26,Line Haul / Base Transportation,General / Mode Not Specified,rule
Freight,3 PLT DIGITAL CABLE COMPONENTS CLASS 85 FAK 50 1;500 18.10,1,271.5,Line Haul / Base Transportation,General / Mode Not Specified,rule
Freight,3.00 LBS PER PKG 400 129 169.92,1,219.2,Line Haul / Base Transportation,General / Mode Not Specified,rule
Freight,4 PLT BOXES KDF KNOCKED DOWN FOLDED CLASS 100 FAK 50 1;480 21.51,1,318.35,Line Haul / Base Transportation,General / Mode Not Specified,rule
Freight,4 PLT CABLE OR WIRE NOT CUT TO LENGTH 30310-2 CLASS 70 FAK 2;214 11.74,1,259.92,Line Haul / Base Transportation,General / Mode Not Specified,rule
Freight,4 PLT ELECTRONIC TELCO SWITCHING SYSTEMS OR 1;040 41.88,1,435.55,Line Haul / Base Transportation,General / Mode Not Specified,rule
Freight,5 PLT DIGITAL CABLE COMPONENTS CLASS 85 FAK 50 2;335 20.89,1,487.78,Line Haul / Base Transportation,General / Mode Not Specified,rule
Freight,5 PLT DIGITAL CABLE COMPONENTS CLASS 85 FAK 50 3;750 23.40,1,877.5,Line Haul / Base Transportation,General / Mode Not Specified,rule
Freight,5 PLT GLASS TUBING L: 130 W: 45 H: 24 IN 87700-9 CLASS 70 FAK 55 6;860 9.84,1,675.02,Line Haul / Base Transportation,General / Mode Not Specified,rule
Freight,5.79 LBS PER PKG 125 810 22.82,1,184.84,Line Haul / Base Transportation,General / Mode Not Specified,rule
Freight,6 PLT CARDBOARD GAYLORDS CLASS 175 FAK 100 4;110,1,3937.05,Line Haul / Base Transportation,General / Mode Not Specified,rule
Freight,6.50 LBS PER PKG 125 770 30.80,1,237.16,Line Haul / Base Transportation,General / Mode Not Specified,rule
Freight,7 PLT MISC CLASS 70 3;265 436.17,1,14240.95,Line Haul / Base Transportation,General / Mode Not Specified,rule
Freight,7.00 LBS PER PKG 175 560 36.11,1,202.22,Line Haul / Base Transportation,General / Mode Not Specified,rule
Freight,7.50 LBS PER PKG 175 1200 26.76,1,321.12,Line Haul / Base Transportation,General / Mode Not Specified,rule
Freight,ACTUATORS *FXF 100001/05/26 ILS 05345 ** FAK RATES APPLIED **,1,4505.6,Line Haul / Base Transportation,General / Mode Not Specified,rule
Freight,ACTUATORS 70 1002 35.16,1,352.3,Line Haul / Base Transportation,General / Mode Not Specified,rule
Freight,ACTUATORS 70 1004 22.38,1,224.7,Line Haul / Base Transportation,General / Mode Not Specified,rule
Freight,ACTUATORS 70 1005 27.76,1,278.99,Line Haul / Base Transportation,General / Mode Not Specified,rule
Freight,ACTUATORS 70 1006 17.60,1,177.06,Line Haul / Base Transportation,General / Mode Not Specified,rule
Freight,ACTUATORS 70 101 MIN,2,236.5,Line Haul / Base Transportation,General / Mode Not Specified,rule
Freight,ACTUATORS 70 1022 38.23,1,390.71,Line Haul / Base Transportation,General / Mode Not Specified,rule
Freight,ACTUATORS 70 103 MIN,1,118.25,Line Haul / Base Transportation,General / Mode Not Specified,rule
Freight,ACTUATORS 70 1031 13.97,1,144.03,Line Haul / Base Transportation,General / Mode Not Specified,rule
Freight,ACTUATORS 70 1038 29.25,1,303.62,Line Haul / Base Transportation,General / Mode Not Specified,rule
Freight,ACTUATORS 70 104 MIN,1,158.29,Line Haul / Base Transportation,General / Mode Not Specified,rule
Freight,ACTUATORS 70 1044 38.56,1,402.57,Line Haul / Base Transportation,General / Mode Not Specified,rule
Freight,ACTUATORS 70 105 MIN,4,633.16,Line Haul / Base Transportation,General / Mode Not Specified,rule
Freight,ACTUATORS 70 1050 48.37,1,507.89,Line Haul / Base Transportation,General / Mode Not Specified,rule
Freight,ACTUATORS 70 1065 28.78,1,306.51,Line Haul / Base Transportation,General / Mode Not Specified,rule
Freight,ACTUATORS 70 107 MIN,2,316.58,Line Haul / Base Transportation,General / Mode Not Specified,rule
Freight,ACTUATORS 70 1070 24.37,1,260.76,Line Haul / Base Transportation,General / Mode Not Specified,rule
Freight,ACTUATORS 70 1075 18.03,1,193.82,Line Haul / Base Transportation,General / Mode Not Specified,rule
Freight,ACTUATORS 70 108 MIN,2,236.5,Line Haul / Base Transportation,General / Mode Not Specified,rule
Freight,ACTUATORS 70 1085 38.23,1,414.8,Line Haul / Base Transportation,General / Mode Not Specified,rule
Freight,ACTUATORS 70 109 MIN,2,236.5,Line Haul / Base Transportation,General / Mode Not Specified,rule
Freight,ACTUATORS 70 1097 20.90,1,229.27,Line Haul / Base Transportation,General / Mode Not Specified,rule
Freight,ACTUATORS 70 1098 19.58,1,214.99,Line Haul / Base Transportation,General / Mode Not Specified,rule
Freight,ACTUATORS 70 110 MIN,3,394.78999999999996,Line Haul / Base Transportation,General / Mode Not Specified,rule
Freight,ACTUATORS 70 111 MIN,1,158.29,Line Haul / Base Transportation,General / Mode Not Specified,rule
Freight,ACTUATORS 70 1119 21.87,1,244.73,Line Haul / Base Transportation,General / Mode Not Specified,rule
Freight,ACTUATORS 70 112 MIN,1,173.02,Line Haul / Base Transportation,General / Mode Not Specified,rule
Freight,ACTUATORS 70 11235 28.81,1,3236.8,Line Haul / Base Transportation,General / Mode Not Specified,rule
Freight,ACTUATORS 70 1126 20.83,1,234.55,Line Haul / Base Transportation,General / Mode Not Specified,rule
Freight,ACTUATORS 70 1130 27.83,1,314.48,Line Haul / Base Transportation,General / Mode Not Specified,rule
Freight,ACTUATORS 70 114 MIN,1,118.25,Line Haul / Base Transportation,General / Mode Not Specified,rule
Freight,ACTUATORS 70 1140 48.37,1,551.42,Line Haul / Base Transportation,General / Mode Not Specified,rule
Freight,ACTUATORS 70 1141 23.87,1,272.36,Line Haul / Base Transportation,General / Mode Not Specified,rule
Freight,ACTUATORS 70 115 MIN,2,291.27,Line Haul / Base Transportation,General / Mode Not Specified,rule
Freight,ACTUATORS 70 1158 22.87,1,264.83,Line Haul / Base Transportation,General / Mode Not Specified,rule
Freight,ACTUATORS 70 116 MIN,1,158.29,Line Haul / Base Transportation,General / Mode Not Specified,rule
Freight,ACTUATORS 70 1166 24.37,1,284.15,Line Haul / Base Transportation,General / Mode Not Specified,rule
Freight,ACTUATORS 70 118 MIN,2,331.31,Line Haul / Base Transportation,General / Mode Not Specified,rule
Freight,ACTUATORS 70 1188 34.77,1,413.07,Line Haul / Base Transportation,General / Mode Not Specified,rule
Freight,ACTUATORS 70 119 MIN,2,331.31,Line Haul / Base Transportation,General / Mode Not Specified,rule
Freight,ACTUATORS 70 1198 18.14,1,217.32,Line Haul / Base Transportation,General / Mode Not Specified,rule
Freight,ACTUATORS 70 1198 20.83,1,249.54,Line Haul / Base Transportation,General / Mode Not Specified,rule
Freight,ACTUATORS 70 120 MIN,11,1771.02,Line Haul / Base Transportation,General / Mode Not Specified,rule
Freight,ACTUATORS 70 1207 18.33,1,221.24,Line Haul / Base Transportation,General / Mode Not Specified,rule
Freight,ACTUATORS 70 121 MIN,1,173.02,Line Haul / Base Transportation,General / Mode Not Specified,rule
Freight,ACTUATORS 70 1210 18.14,1,219.49,Line Haul / Base Transportation,General / Mode Not Specified,rule
Freight,ACTUATORS 70 1212 48.37,1,586.24,Line Haul / Base Transportation,General / Mode Not Specified,rule
Freight,ACTUATORS 70 1214 34.77,1,422.11,Line Haul / Base Transportation,General / Mode Not Specified,rule
Freight,ACTUATORS 70 122 MIN,4,593.12,Line Haul / Base Transportation,General / Mode Not Specified,rule
Freight,ACTUATORS 70 123 MIN,2,316.58,Line Haul / Base Transportation,General / Mode Not Specified,rule
Freight,ACTUATORS 70 1230 12.61,1,155.1,Line Haul / Base Transportation,General / Mode Not Specified,rule
Freight,ACTUATORS 70 1230 48.37,1,594.95,Line Haul / Base Transportation,General / Mode Not Specified,rule
Freight,ACTUATORS 70 124 MIN,3,489.6,Line Haul / Base Transportation,General / Mode Not Specified,rule
Freight,ACTUATORS 70 1241 29.25,1,362.99,Line Haul / Base Transportation,General / Mode Not Specified,rule
Freight,ACTUATORS 70 125 MIN,2,316.58,Line Haul / Base Transportation,General / Mode Not Specified,rule
Freight,ACTUATORS 70 1250 21.87,1,273.38,Line Haul / Base Transportation,General / Mode Not Specified,rule
Freight,ACTUATORS 70 126 MIN,3,474.87,Line Haul / Base Transportation,General / Mode Not Specified,rule
Freight,ACTUATORS 70 1261 14.95,1,188.52,Line Haul / Base Transportation,General / Mode Not Specified,rule
Freight,ACTUATORS 70 127 MIN,1,158.29,Line Haul / Base Transportation,General / Mode Not Specified,rule
Freight,ACTUATORS 70 128 MIN,4,663.61,Line Haul / Base Transportation,General / Mode Not Specified,rule
Freight,ACTUATORS 70 1285 21.87,1,281.03,Line Haul / Base Transportation,General / Mode Not Specified,rule
Freight,ACTUATORS 70 129 MIN,2,346.04,Line Haul / Base Transportation,General / Mode Not Specified,rule
Freight,ACTUATORS 70 1297 21.87,1,283.65,Line Haul / Base Transportation,General / Mode Not Specified,rule
Freight,ACTUATORS 70 1300 21.87,1,284.31,Line Haul / Base Transportation,General / Mode Not Specified,rule
Freight,ACTUATORS 70 131 MIN,2,276.53999999999996,Line Haul / Base Transportation,General / Mode Not Specified,rule
Freight,ACTUATORS 70 132 MIN,4,637.3100000000001,Line Haul / Base Transportation,General / Mode Not Specified,rule
Freight,ACTUATORS 70 1320 34.77,1,458.96,Line Haul / Base Transportation,General / Mode Not Specified,rule
Freight,ACTUATORS 70 133 MIN,1,173.02,Line Haul / Base Transportation,General / Mode Not Specified,rule
Freight,ACTUATORS 70 135 MIN,3,570.67,Line Haul / Base Transportation,General / Mode Not Specified,rule
Freight,ACTUATORS 70 136 MIN,1,173.02,Line Haul / Base Transportation,General / Mode Not Specified,rule
Freight,ACTUATORS 70 138 MIN,2,427.11,Line Haul / Base Transportation,General / Mode Not Specified,rule
Freight,ACTUATORS 70 1391 30.29,1,421.33,Line Haul / Base Transportation,General / Mode Not Specified,rule
Freight,ACTUATORS 70 1397 22.75,1,317.82,Line Haul / Base Transportation,General / Mode Not Specified,rule
Freight,ACTUATORS 70 1399 24.79,1,346.81,Line Haul / Base Transportation,General / Mode Not Specified,rule
Freight,ACTUATORS 70 140 MIN,1,118.25,Line Haul / Base Transportation,General / Mode Not Specified,rule
Freight,ACTUATORS 70 1410 18.14,1,255.77,Line Haul / Base Transportation,General / Mode Not Specified,rule
Freight,ACTUATORS 70 142 MIN,2,276.53999999999996,Line Haul / Base Transportation,General / Mode Not Specified,rule
Freight,ACTUATORS 70 143 MIN,2,346.04,Line Haul / Base Transportation,General / Mode Not Specified,rule
Freight,ACTUATORS 70 1438 34.77,1,499.99,Line Haul / Base Transportation,General / Mode Not Specified,rule
Freight,ACTUATORS 70 144 MIN,3,459.52,Line Haul / Base Transportation,General / Mode Not Specified,rule
Freight,ACTUATORS 70 145 MIN,2,315.96000000000004,Line Haul / Base Transportation,General / Mode Not Specified,rule
Freight,ACTUATORS 70 146 MIN,2,291.27,Line Haul / Base Transportation,General / Mode Not Specified,rule
Freight,ACTUATORS 70 1460 50.72,1,740.51,Line Haul / Base Transportation,General / Mode Not Specified,rule
Freight,ACTUATORS 70 147 MIN,4,607.85,Line Haul / Base Transportation,General / Mode Not Specified,rule
Freight,ACTUATORS 70 1470 38.56,1,566.83,Line Haul / Base Transportation,General / Mode Not Specified,rule
Freight,ACTUATORS 70 148 MIN,1,158.29,Line Haul / Base Transportation,General / Mode Not Specified,rule
Freight,ACTUATORS 70 1485 19.72,1,292.84,Line Haul / Base Transportation,General / Mode Not Specified,rule
Freight,ACTUATORS 70 149 MIN,1,254.09,Line Haul / Base Transportation,General / Mode Not Specified,rule
Freight,ACTUATORS 70 150 MIN,2,276.53999999999996,Line Haul / Base Transportation,General / Mode Not Specified,rule
Freight,ACTUATORS 70 1500 21.87,1,328.05,Line Haul / Base Transportation,General / Mode Not Specified,rule
Freight,ACTUATORS 70 151 MIN,1,158.29,Line Haul / Base Transportation,General / Mode Not Specified,rule
Freight,ACTUATORS 70 1515 24.79,1,375.57,Line Haul / Base Transportation,General / Mode Not Specified,rule
Freight,ACTUATORS 70 153 MIN,2,291.27,Line Haul / Base Transportation,General / Mode Not Specified,rule
Freight,ACTUATORS 70 1530 32.14,1,491.74,Line Haul / Base Transportation,General / Mode Not Specified,rule
Freight,ACTUATORS 70 154 MIN,1,254.09,Line Haul / Base Transportation,General / Mode Not Specified,rule
Freight,ACTUATORS 70 155 MIN,3,490.59000000000003,Line Haul / Base Transportation,General / Mode Not Specified,rule
Freight,ACTUATORS 70 156 MIN,2,276.53999999999996,Line Haul / Base Transportation,General / Mode Not Specified,rule
Freight,ACTUATORS 70 157 MIN,2,331.31,Line Haul / Base Transportation,General / Mode Not Specified,rule
Freight,ACTUATORS 70 1570 34.77,1,545.89,Line Haul / Base Transportation,General / Mode Not Specified,rule
Freight,ACTUATORS 70 158 MIN,2,276.53999999999996,Line Haul / Base Transportation,General / Mode Not Specified,rule
Freight,ACTUATORS 70 1587 24.79,1,393.42,Line Haul / Base Transportation,General / Mode Not Specified,rule
Freight,ACTUATORS 70 159 MIN,4,728.34,Line Haul / Base Transportation,General / Mode Not Specified,rule
Freight,ACTUATORS 70 160 MIN,3,434.83,Line Haul / Base Transportation,General / Mode Not Specified,rule
Freight,ACTUATORS 70 1605 16.39,1,263.06,Line Haul / Base Transportation,General / Mode Not Specified,rule
Freight,ACTUATORS 70 1608 36.35,1,584.51,Line Haul / Base Transportation,General / Mode Not Specified,rule
Freight,ACTUATORS 70 161 MIN,1,158.29,Line Haul / Base Transportation,General / Mode Not Specified,rule
Freight,ACTUATORS 70 162 MIN,1,158.29,Line Haul / Base Transportation,General / Mode Not Specified,rule
Freight,ACTUATORS 70 1623 34.77,1,564.32,Line Haul / Base Transportation,General / Mode Not Specified,rule
Freight,ACTUATORS 70 1625 34.77,1,565.01,Line Haul / Base Transportation,General / Mode Not Specified,rule
Freight,ACTUATORS 70 164 MIN,1,158.29,Line Haul / Base Transportation,General / Mode Not Specified,rule
Freight,ACTUATORS 70 165 MIN,1,173.02,Line Haul / Base Transportation,General / Mode Not Specified,rule
Freight,ACTUATORS 70 166 MIN,1,158.29,Line Haul / Base Transportation,General / Mode Not Specified,rule
Freight,ACTUATORS 70 167 MIN,1,118.25,Line Haul / Base Transportation,General / Mode Not Specified,rule
Freight,ACTUATORS 70 168 MIN,1,118.25,Line Haul / Base Transportation,General / Mode Not Specified,rule
Freight,ACTUATORS 70 169 MIN,2,291.27,Line Haul / Base Transportation,General / Mode Not Specified,rule
Freight,ACTUATORS 70 170 MIN,6,844.35,Line Haul / Base Transportation,General / Mode Not Specified,rule
Freight,ACTUATORS 70 1702 40.67,1,692.2,Line Haul / Base Transportation,General / Mode Not Specified,rule
Freight,ACTUATORS 70 171 MIN,2,301.23,Line Haul / Base Transportation,General / Mode Not Specified,rule
Freight,ACTUATORS 70 172 MIN,5,887.25,Line Haul / Base Transportation,General / Mode Not Specified,rule
Freight,ACTUATORS 70 174 MIN,4,527.77,Line Haul / Base Transportation,General / Mode Not Specified,rule
Freight,ACTUATORS 70 1740 34.77,1,605.0,Line Haul / Base Transportation,General / Mode Not Specified,rule
Freight,ACTUATORS 70 175 MIN,7,1052.6399999999999,Line Haul / Base Transportation,General / Mode Not Specified,rule
Freight,ACTUATORS 70 1750 17.60,1,308.0,Line Haul / Base Transportation,General / Mode Not Specified,rule
Freight,ACTUATORS 70 177 MIN,3,504.33000000000004,Line Haul / Base Transportation,General / Mode Not Specified,rule
Freight,ACTUATORS 70 1770 34.77,1,615.43,Line Haul / Base Transportation,General / Mode Not Specified,rule
Freight,ACTUATORS 70 178 MIN,3,354.75,Line Haul / Base Transportation,General / Mode Not Specified,rule
Freight,ACTUATORS 70 179 MIN,2,331.31,Line Haul / Base Transportation,General / Mode Not Specified,rule
Freight,ACTUATORS 70 1796 30.85,1,554.07,Line Haul / Base Transportation,General / Mode Not Specified,rule
Freight,ACTUATORS 70 1797 31.21,1,560.84,Line Haul / Base Transportation,General / Mode Not Specified,rule
Freight,ACTUATORS 70 180 MIN,8,1190.39,Line Haul / Base Transportation,General / Mode Not Specified,rule
Freight,ACTUATORS 70 181 MIN,5,726.1,Line Haul / Base Transportation,General / Mode Not Specified,rule
Freight,ACTUATORS 70 182 MIN,3,409.52,Line Haul / Base Transportation,General / Mode Not Specified,rule
Freight,ACTUATORS 70 183 MIN,1,173.02,Line Haul / Base Transportation,General / Mode Not Specified,rule
Freight,ACTUATORS 70 184 MIN,1,118.25,Line Haul / Base Transportation,General / Mode Not Specified,rule
Freight,ACTUATORS 70 185 MIN,5,710.75,Line Haul / Base Transportation,General / Mode Not Specified,rule
Freight,ACTUATORS 70 186 MIN,2,316.58,Line Haul / Base Transportation,General / Mode Not Specified,rule
Freight,ACTUATORS 70 187 MIN,4,553.0799999999999,Line Haul / Base Transportation,General / Mode Not Specified,rule
Freight,ACTUATORS 70 188 MIN,5,850.37,Line Haul / Base Transportation,General / Mode Not Specified,rule
Freight,ACTUATORS 70 189 MIN,3,474.87,Line Haul / Base Transportation,General / Mode Not Specified,rule
Freight,ACTUATORS 70 1895 17.60,2,667.04,Line Haul / Base Transportation,General / Mode Not Specified,rule
Freight,ACTUATORS 70 1898 17.60,1,334.05,Line Haul / Base Transportation,General / Mode Not Specified,rule
Freight,ACTUATORS 70 190 MIN,6,884.39,Line Haul / Base Transportation,General / Mode Not Specified,rule
Freight,ACTUATORS 70 191 MIN,4,553.0799999999999,Line Haul / Base Transportation,General / Mode Not Specified,rule
Freight,ACTUATORS 70 1910 17.60,1,336.16,Line Haul / Base Transportation,General / Mode Not Specified,rule
Freight,ACTUATORS 70 1915 34.22,1,655.31,Line Haul / Base Transportation,General / Mode Not Specified,rule
Freight,ACTUATORS 70 192 MIN,5,766.14,Line Haul / Base Transportation,General / Mode Not Specified,rule
Freight,ACTUATORS 70 193 MIN,3,489.6,Line Haul / Base Transportation,General / Mode Not Specified,rule
Freight,ACTUATORS 70 194 MIN,1,158.29,Line Haul / Base Transportation,General / Mode Not Specified,rule
Freight,ACTUATORS 70 1942 17.60,1,341.79,Line Haul / Base Transportation,General / Mode Not Specified,rule
Freight,ACTUATORS 70 195 MIN,2,508.18,Line Haul / Base Transportation,General / Mode Not Specified,rule
Freight,ACTUATORS 70 196 MIN,1,173.02,Line Haul / Base Transportation,General / Mode Not Specified,rule
Freight,ACTUATORS 70 197 MIN,1,142.94,Line Haul / Base Transportation,General / Mode Not Specified,rule
Freight,ACTUATORS 70 198 MIN,4,553.0799999999999,Line Haul / Base Transportation,General / Mode Not Specified,rule
Freight,ACTUATORS 70 1980 17.60,1,348.48,Line Haul / Base Transportation,General / Mode Not Specified,rule
Freight,ACTUATORS 70 199 MIN,1,173.02,Line Haul / Base Transportation,General / Mode Not Specified,rule
Freight,ACTUATORS 70 200 MIN,9,1348.68,Line Haul / Base Transportation,General / Mode Not Specified,rule
Freight,ACTUATORS 70 2000 33.42,1,668.4,Line Haul / Base Transportation,General / Mode Not Specified,rule
Freight,ACTUATORS 70 2010 17.60,1,353.76,Line Haul / Base Transportation,General / Mode Not Specified,rule
Freight,ACTUATORS 70 202 MIN,2,331.31,Line Haul / Base Transportation,General / Mode Not Specified,rule
Freight,ACTUATORS 70 203 MIN,4,593.12,Line Haul / Base Transportation,General / Mode Not Specified,rule
Freight,ACTUATORS 70 2031 25.31,1,514.05,Line Haul / Base Transportation,General / Mode Not Specified,rule
Freight,ACTUATORS 70 2038 17.60,1,358.69,Line Haul / Base Transportation,General / Mode Not Specified,rule
Freight,ACTUATORS 70 204 MIN,1,118.25,Line Haul / Base Transportation,General / Mode Not Specified,rule
Freight,ACTUATORS 70 205 MIN,2,331.31,Line Haul / Base Transportation,General / Mode Not Specified,rule
Freight,ACTUATORS 70 206 MIN,2,316.58,Line Haul / Base Transportation,General / Mode Not Specified,rule
Freight,ACTUATORS 70 207 MIN,2,276.53999999999996,Line Haul / Base Transportation,General / Mode Not Specified,rule
Freight,ACTUATORS 70 208 MIN,3,489.6,Line Haul / Base Transportation,General / Mode Not Specified,rule
Freight,ACTUATORS 70 2089 35.36,1,738.67,Line Haul / Base Transportation,General / Mode Not Specified,rule
Freight,ACTUATORS 70 209 MIN,1,158.29,Line Haul / Base Transportation,General / Mode Not Specified,rule
Freight,ACTUATORS 70 210 MIN,3,474.87,Line Haul / Base Transportation,General / Mode Not Specified,rule
Freight,ACTUATORS 70 2100 17.60,1,369.6,Line Haul / Base Transportation,General / Mode Not Specified,rule
Freight,ACTUATORS 70 211 MIN,3,449.56,Line Haul / Base Transportation,General / Mode Not Specified,rule
Freight,ACTUATORS 70 2119 24.97,1,529.11,Line Haul / Base Transportation,General / Mode Not Specified,rule
Freight,ACTUATORS 70 2119 9.79,1,207.45,Line Haul / Base Transportation,General / Mode Not Specified,rule
Freight,ACTUATORS 70 212 MIN,2,276.53999999999996,Line Haul / Base Transportation,General / Mode Not Specified,rule
Freight,ACTUATORS 70 2125 24.97,1,530.61,Line Haul / Base Transportation,General / Mode Not Specified,rule
Freight,ACTUATORS 70 214 MIN,2,276.53999999999996,Line Haul / Base Transportation,General / Mode Not Specified,rule
Freight,ACTUATORS 70 2144 23.20,1,497.41,Line Haul / Base Transportation,General / Mode Not Specified,rule
Freight,ACTUATORS 70 2145 17.60,1,377.52,Line Haul / Base Transportation,General / Mode Not Specified,rule
Freight,ACTUATORS 70 215 MIN,3,434.83,Line Haul / Base Transportation,General / Mode Not Specified,rule
Freight,ACTUATORS 70 216 MIN,2,291.27,Line Haul / Base Transportation,General / Mode Not Specified,rule
Freight,ACTUATORS 70 217 MIN,2,276.53999999999996,Line Haul / Base Transportation,General / Mode Not Specified,rule
Freight,ACTUATORS 70 2170 31.21,1,677.26,Line Haul / Base Transportation,General / Mode Not Specified,rule
Freight,ACTUATORS 70 2175 21.98,1,478.07,Line Haul / Base Transportation,General / Mode Not Specified,rule
Freight,ACTUATORS 70 219 MIN,1,158.29,Line Haul / Base Transportation,General / Mode Not Specified,rule
Freight,ACTUATORS 70 2194 30.85,1,676.85,Line Haul / Base Transportation,General / Mode Not Specified,rule
Freight,ACTUATORS 70 220 MIN,2,291.27,Line Haul / Base Transportation,General / Mode Not Specified,rule
Freight,ACTUATORS 70 221 MIN,2,331.31,Line Haul / Base Transportation,General / Mode Not Specified,rule
Freight,ACTUATORS 70 222 MIN,1,173.02,Line Haul / Base Transportation,General / Mode Not Specified,rule
Freight,ACTUATORS 70 2224 40.67,1,904.5,Line Haul / Base Transportation,General / Mode Not Specified,rule
Freight,ACTUATORS 70 224 MIN,3,570.67,Line Haul / Base Transportation,General / Mode Not Specified,rule
Freight,ACTUATORS 70 225 MIN,3,434.83,Line Haul / Base Transportation,General / Mode Not Specified,rule
Freight,ACTUATORS 70 2250 17.60,1,396.0,Line Haul / Base Transportation,General / Mode Not Specified,rule
Freight,ACTUATORS 70 2255 24.97,1,563.07,Line Haul / Base Transportation,General / Mode Not Specified,rule
Freight,ACTUATORS 70 226 MIN,1,158.29,Line Haul / Base Transportation,General / Mode Not Specified,rule
Freight,ACTUATORS 70 227 MIN,4,607.85,Line Haul / Base Transportation,General / Mode Not Specified,rule
Freight,ACTUATORS 70 228 MIN,1,118.25,Line Haul / Base Transportation,General / Mode Not Specified,rule
Freight,ACTUATORS 70 230 MIN,1,158.29,Line Haul / Base Transportation,General / Mode Not Specified,rule
Freight,ACTUATORS 70 231 MIN,2,316.58,Line Haul / Base Transportation,General / Mode Not Specified,rule
Freight,ACTUATORS 70 233 MIN,2,316.58,Line Haul / Base Transportation,General / Mode Not Specified,rule
Freight,ACTUATORS 70 234 MIN,4,497.69,Line Haul / Base Transportation,General / Mode Not Specified,rule
Freight,ACTUATORS 70 235 MIN,2,316.58,Line Haul / Base Transportation,General / Mode Not Specified,rule
Freight,ACTUATORS 70 236 MIN,2,331.31,Line Haul / Base Transportation,General / Mode Not Specified,rule
Freight,ACTUATORS 70 238 MIN,1,158.29,Line Haul / Base Transportation,General / Mode Not Specified,rule
Freight,ACTUATORS 70 240 MIN,6,829.62,Line Haul / Base Transportation,General / Mode Not Specified,rule
Freight,ACTUATORS 70 241 MIN,2,372.34000000000003,Line Haul / Base Transportation,General / Mode Not Specified,rule
Freight,ACTUATORS 70 2411 30.85,1,743.79,Line Haul / Base Transportation,General / Mode Not Specified,rule
Freight,ACTUATORS 70 242 MIN,3,434.83,Line Haul / Base Transportation,General / Mode Not Specified,rule
Freight,ACTUATORS 70 243 MIN,3,570.67,Line Haul / Base Transportation,General / Mode Not Specified,rule
Freight,ACTUATORS 70 244 MIN,2,346.04,Line Haul / Base Transportation,General / Mode Not Specified,rule
Freight,ACTUATORS 70 2440 42.65,1,1040.66,Line Haul / Base Transportation,General / Mode Not Specified,rule
Freight,ACTUATORS 70 245 MIN,4,647.89,Line Haul / Base Transportation,General / Mode Not Specified,rule
Freight,ACTUATORS 70 246 MIN,4,577.77,Line Haul / Base Transportation,General / Mode Not Specified,rule
Freight,ACTUATORS 70 247 MIN,3,434.83,Line Haul / Base Transportation,General / Mode Not Specified,rule
Freight,ACTUATORS 70 248 MIN,2,236.5,Line Haul / Base Transportation,General / Mode Not Specified,rule
Freight,ACTUATORS 70 249 MIN,2,276.53999999999996,Line Haul / Base Transportation,General / Mode Not Specified,rule
Freight,ACTUATORS 70 250 MIN,3,474.87,Line Haul / Base Transportation,General / Mode Not Specified,rule
Freight,ACTUATORS 70 2500 17.60,1,440.0,Line Haul / Base Transportation,General / Mode Not Specified,rule
Freight,ACTUATORS 70 252 MIN,2,291.27,Line Haul / Base Transportation,General / Mode Not Specified,rule
Freight,ACTUATORS 70 253 MIN,1,158.29,Line Haul / Base Transportation,General / Mode Not Specified,rule
Freight,ACTUATORS 70 254 MIN,1,158.29,Line Haul / Base Transportation,General / Mode Not Specified,rule
Freight,ACTUATORS 70 255 MIN,2,316.58,Line Haul / Base Transportation,General / Mode Not Specified,rule
Freight,ACTUATORS 70 256 MIN,3,474.87,Line Haul / Base Transportation,General / Mode Not Specified,rule
Freight,ACTUATORS 70 257 MIN,3,600.13,Line Haul / Base Transportation,General / Mode Not Specified,rule
Freight,ACTUATORS 70 2575 31.41,1,808.81,Line Haul / Base Transportation,General / Mode Not Specified,rule
Freight,ACTUATORS 70 258 MIN,3,474.87,Line Haul / Base Transportation,General / Mode Not Specified,rule
Freight,ACTUATORS 70 259 MIN,2,276.53999999999996,Line Haul / Base Transportation,General / Mode Not Specified,rule
Freight,ACTUATORS 70 260 MIN,2,276.53999999999996,Line Haul / Base Transportation,General / Mode Not Specified,rule
Freight,ACTUATORS 70 2605 40.67,1,1059.45,Line Haul / Base Transportation,General / Mode Not Specified,rule
Freight,ACTUATORS 70 261 MIN,1,158.29,Line Haul / Base Transportation,General / Mode Not Specified,rule
Freight,ACTUATORS 70 262 MIN,1,158.29,Line Haul / Base Transportation,General / Mode Not Specified,rule
Freight,ACTUATORS 70 264 MIN,2,291.27,Line Haul / Base Transportation,General / Mode Not Specified,rule
Freight,ACTUATORS 70 265 MIN,2,316.58,Line Haul / Base Transportation,General / Mode Not Specified,rule
Freight,ACTUATORS 70 267 MIN,1,142.94,Line Haul / Base Transportation,General / Mode Not Specified,rule
Freight,ACTUATORS 70 269 MIN,1,158.29,Line Haul / Base Transportation,General / Mode Not Specified,rule
Freight,ACTUATORS 70 270 MIN,4,662.62,Line Haul / Base Transportation,General / Mode Not Specified,rule
Freight,ACTUATORS 70 2701 21.98,1,593.68,Line Haul / Base Transportation,General / Mode Not Specified,rule
Freight,ACTUATORS 70 271 MIN,1,158.29,Line Haul / Base Transportation,General / Mode Not Specified,rule
Freight,ACTUATORS 70 272 MIN,1,158.29,Line Haul / Base Transportation,General / Mode Not Specified,rule
Freight,ACTUATORS 70 273 MIN,1,158.29,Line Haul / Base Transportation,General / Mode Not Specified,rule
Freight,ACTUATORS 70 274 MIN,2,276.53999999999996,Line Haul / Base Transportation,General / Mode Not Specified,rule
Freight,ACTUATORS 70 275 MIN,5,821.9,Line Haul / Base Transportation,General / Mode Not Specified,rule
Freight,ACTUATORS 70 2761 31.21,1,861.71,Line Haul / Base Transportation,General / Mode Not Specified,rule
Freight,ACTUATORS 70 2764 31.21,1,862.64,Line Haul / Base Transportation,General / Mode Not Specified,rule
Freight,ACTUATORS 70 2765 33.42,1,924.06,Line Haul / Base Transportation,General / Mode Not Specified,rule
Freight,ACTUATORS 70 277 MIN,1,118.25,Line Haul / Base Transportation,General / Mode Not Specified,rule
Freight,ACTUATORS 70 278 MIN,2,276.53999999999996,Line Haul / Base Transportation,General / Mode Not Specified,rule
Freight,ACTUATORS 70 280 MIN,2,397.03,Line Haul / Base Transportation,General / Mode Not Specified,rule
Freight,ACTUATORS 70 281 MIN,2,291.27,Line Haul / Base Transportation,General / Mode Not Specified,rule
Freight,ACTUATORS 70 283 MIN,1,173.02,Line Haul / Base Transportation,General / Mode Not Specified,rule
Freight,ACTUATORS 70 284 MIN,1,158.29,Line Haul / Base Transportation,General / Mode Not Specified,rule
Freight,ACTUATORS 70 285 MIN,3,449.56,Line Haul / Base Transportation,General / Mode Not Specified,rule
Freight,ACTUATORS 70 2857 19.97,1,570.54,Line Haul / Base Transportation,General / Mode Not Specified,rule
Freight,ACTUATORS 70 286 MIN,1,118.25,Line Haul / Base Transportation,General / Mode Not Specified,rule
Freight,ACTUATORS 70 287 MIN,3,504.33000000000004,Line Haul / Base Transportation,General / Mode Not Specified,rule
Freight,ACTUATORS 70 288 MIN,2,301.23,Line Haul / Base Transportation,General / Mode Not Specified,rule
Freight,ACTUATORS 70 289 MIN,1,158.29,Line Haul / Base Transportation,General / Mode Not Specified,rule
Freight,ACTUATORS 70 290 MIN,2,276.53999999999996,Line Haul / Base Transportation,General / Mode Not Specified,rule
Freight,ACTUATORS 70 291 MIN,2,331.31,Line Haul / Base Transportation,General / Mode Not Specified,rule
Freight,ACTUATORS 70 2913 30.85,1,898.66,Line Haul / Base Transportation,General / Mode Not Specified,rule
Freight,ACTUATORS 70 293 MIN,1,158.29,Line Haul / Base Transportation,General / Mode Not Specified,rule
Freight,ACTUATORS 70 294 MIN,3,449.56,Line Haul / Base Transportation,General / Mode Not Specified,rule
Freight,ACTUATORS 70 295 MIN,3,474.25,Line Haul / Base Transportation,General / Mode Not Specified,rule
Freight,ACTUATORS 70 296 MIN,2,412.38,Line Haul / Base Transportation,General / Mode Not Specified,rule
Freight,ACTUATORS 70 300 MIN,2,427.11,Line Haul / Base Transportation,General / Mode Not Specified,rule
Freight,ACTUATORS 70 301 MIN,2,236.5,Line Haul / Base Transportation,General / Mode Not Specified,rule
Freight,ACTUATORS 70 302 MIN,2,316.58,Line Haul / Base Transportation,General / Mode Not Specified,rule
Freight,ACTUATORS 70 303 MIN,4,703.65,Line Haul / Base Transportation,General / Mode Not Specified,rule
Freight,ACTUATORS 70 304 MIN,2,316.58,Line Haul / Base Transportation,General / Mode Not Specified,rule
Freight,ACTUATORS 70 305 MIN,3,409.52,Line Haul / Base Transportation,General / Mode Not Specified,rule
Freight,ACTUATORS 70 306 MIN,2,276.53999999999996,Line Haul / Base Transportation,General / Mode Not Specified,rule
Freight,ACTUATORS 70 309 MIN,1,118.25,Line Haul / Base Transportation,General / Mode Not Specified,rule
Freight,ACTUATORS 70 310 MIN,4,607.85,Line Haul / Base Transportation,General / Mode Not Specified,rule
Freight,ACTUATORS 70 312 MIN,4,673.5699999999999,Line Haul / Base Transportation,General / Mode Not Specified,rule
Freight,ACTUATORS 70 313 MIN,1,158.29,Line Haul / Base Transportation,General / Mode Not Specified,rule
Freight,ACTUATORS 70 314 MIN,1,118.25,Line Haul / Base Transportation,General / Mode Not Specified,rule
Freight,ACTUATORS 70 315 MIN,5,847.21,Line Haul / Base Transportation,General / Mode Not Specified,rule
Freight,ACTUATORS 70 316 MIN,2,316.58,Line Haul / Base Transportation,General / Mode Not Specified,rule
Freight,ACTUATORS 70 317 MIN,2,331.31,Line Haul / Base Transportation,General / Mode Not Specified,rule
Freight,ACTUATORS 70 319 MIN,3,434.83,Line Haul / Base Transportation,General / Mode Not Specified,rule
Freight,ACTUATORS 70 3195 40.03,1,1278.96,Line Haul / Base Transportation,General / Mode Not Specified,rule
Freight,ACTUATORS 70 320 40.49,1,129.57,Line Haul / Base Transportation,General / Mode Not Specified,rule
Freight,ACTUATORS 70 320 MIN,3,600.13,Line Haul / Base Transportation,General / Mode Not Specified,rule
Freight,ACTUATORS 70 322 54.32,1,174.91,Line Haul / Base Transportation,General / Mode Not Specified,rule
Freight,ACTUATORS 70 322 MIN,1,158.29,Line Haul / Base Transportation,General / Mode Not Specified,rule
Freight,ACTUATORS 70 323 49.39,1,159.53,Line Haul / Base Transportation,General / Mode Not Specified,rule
Freight,ACTUATORS 70 323 MIN,3,394.78999999999996,Line Haul / Base Transportation,General / Mode Not Specified,rule
Freight,ACTUATORS 70 3235 40.03,1,1294.97,Line Haul / Base Transportation,General / Mode Not Specified,rule
Freight,ACTUATORS 70 325 MIN,3,489.6,Line Haul / Base Transportation,General / Mode Not Specified,rule
Freight,ACTUATORS 70 326 MIN,1,158.29,Line Haul / Base Transportation,General / Mode Not Specified,rule
Freight,ACTUATORS 70 3265 31.91,1,1041.86,Line Haul / Base Transportation,General / Mode Not Specified,rule
Freight,ACTUATORS 70 327 MIN,2,372.34000000000003,Line Haul / Base Transportation,General / Mode Not Specified,rule
Freight,ACTUATORS 70 328 MIN,1,173.02,Line Haul / Base Transportation,General / Mode Not Specified,rule
Freight,ACTUATORS 70 330 MIN,1,158.29,Line Haul / Base Transportation,General / Mode Not Specified,rule
Freight,ACTUATORS 70 331 MIN,1,158.29,Line Haul / Base Transportation,General / Mode Not Specified,rule
Freight,ACTUATORS 70 335 MIN,1,158.29,Line Haul / Base Transportation,General / Mode Not Specified,rule
Freight,ACTUATORS 70 337 MIN,1,173.02,Line Haul / Base Transportation,General / Mode Not Specified,rule
Freight,ACTUATORS 70 339 MIN,1,118.25,Line Haul / Base Transportation,General / Mode Not Specified,rule
Freight,ACTUATORS 70 340 MIN,4,607.85,Line Haul / Base Transportation,General / Mode Not Specified,rule
Freight,ACTUATORS 70 341 51.76,1,176.5,Line Haul / Base Transportation,General / Mode Not Specified,rule
Freight,ACTUATORS 70 343 54.32,1,186.32,Line Haul / Base Transportation,General / Mode Not Specified,rule
Freight,ACTUATORS 70 345 MIN,1,158.29,Line Haul / Base Transportation,General / Mode Not Specified,rule
Freight,ACTUATORS 70 346 54.32,1,187.95,Line Haul / Base Transportation,General / Mode Not Specified,rule
Freight,ACTUATORS 70 346 MIN,3,434.83,Line Haul / Base Transportation,General / Mode Not Specified,rule
Freight,ACTUATORS 70 347 51.76,1,179.61,Line Haul / Base Transportation,General / Mode Not Specified,rule
Freight,ACTUATORS 70 347 MIN,1,158.29,Line Haul / Base Transportation,General / Mode Not Specified,rule
Freight,ACTUATORS 70 348 MIN,1,158.29,Line Haul / Base Transportation,General / Mode Not Specified,rule
Freight,ACTUATORS 70 349 58.54,1,204.3,Line Haul / Base Transportation,General / Mode Not Specified,rule
Freight,ACTUATORS 70 350 49.53,1,173.36,Line Haul / Base Transportation,General / Mode Not Specified,rule
Freight,ACTUATORS 70 350 54.32,1,190.12,Line Haul / Base Transportation,General / Mode Not Specified,rule
Freight,ACTUATORS 70 350 MIN,1,158.29,Line Haul / Base Transportation,General / Mode Not Specified,rule
Freight,ACTUATORS 70 353 MIN,1,254.09,Line Haul / Base Transportation,General / Mode Not Specified,rule
Freight,ACTUATORS 70 354 45.27,1,160.26,Line Haul / Base Transportation,General / Mode Not Specified,rule
Freight,ACTUATORS 70 355 MIN,1,158.29,Line Haul / Base Transportation,General / Mode Not Specified,rule
Freight,ACTUATORS 70 357 35.50,1,126.74,Line Haul / Base Transportation,General / Mode Not Specified,rule
Freight,ACTUATORS 70 357 MIN,1,118.25,Line Haul / Base Transportation,General / Mode Not Specified,rule
Freight,ACTUATORS 70 358 MIN,1,158.29,Line Haul / Base Transportation,General / Mode Not Specified,rule
Freight,ACTUATORS 70 3595 17.60,1,632.72,Line Haul / Base Transportation,General / Mode Not Specified,rule
Freight,ACTUATORS 70 360 MIN,1,118.25,Line Haul / Base Transportation,General / Mode Not Specified,rule
Freight,ACTUATORS 70 361 MIN,1,158.29,Line Haul / Base Transportation,General / Mode Not Specified,rule
Freight,ACTUATORS 70 362 34.75,1,125.8,Line Haul / Base Transportation,General / Mode Not Specified,rule
Freight,ACTUATORS 70 363 MIN,1,158.29,Line Haul / Base Transportation,General / Mode Not Specified,rule
Freight,ACTUATORS 70 364 52.45,1,190.92,Line Haul / Base Transportation,General / Mode Not Specified,rule
Freight,ACTUATORS 70 365 MIN,2,276.53999999999996,Line Haul / Base Transportation,General / Mode Not Specified,rule
Freight,ACTUATORS 70 366 52.45,1,191.97,Line Haul / Base Transportation,General / Mode Not Specified,rule
Freight,ACTUATORS 70 369 MIN,1,158.29,Line Haul / Base Transportation,General / Mode Not Specified,rule
Freight,ACTUATORS 70 370 37.15,1,137.46,Line Haul / Base Transportation,General / Mode Not Specified,rule
Freight,ACTUATORS 70 370 MIN,1,158.29,Line Haul / Base Transportation,General / Mode Not Specified,rule
Freight,ACTUATORS 70 371 MIN,1,158.29,Line Haul / Base Transportation,General / Mode Not Specified,rule
Freight,ACTUATORS 70 372 25.35,1,94.3,Line Haul / Base Transportation,General / Mode Not Specified,rule
Freight,ACTUATORS 70 373 MIN,1,158.29,Line Haul / Base Transportation,General / Mode Not Specified,rule
Freight,ACTUATORS 70 374 48.98,1,183.19,Line Haul / Base Transportation,General / Mode Not Specified,rule
Freight,ACTUATORS 70 376 MIN,1,158.29,Line Haul / Base Transportation,General / Mode Not Specified,rule
Freight,ACTUATORS 70 3778 16.54,1,624.88,Line Haul / Base Transportation,General / Mode Not Specified,rule
Freight,ACTUATORS 70 378 MIN,1,158.29,Line Haul / Base Transportation,General / Mode Not Specified,rule
Freight,ACTUATORS 70 379 MIN,1,158.29,Line Haul / Base Transportation,General / Mode Not Specified,rule
Freight,ACTUATORS 70 380 MIN,3,474.87,Line Haul / Base Transportation,General / Mode Not Specified,rule
Freight,ACTUATORS 70 384 41.91,1,160.93,Line Haul / Base Transportation,General / Mode Not Specified,rule
Freight,ACTUATORS 70 384 MIN,1,118.25,Line Haul / Base Transportation,General / Mode Not Specified,rule
Freight,ACTUATORS 70 385 MIN,1,158.29,Line Haul / Base Transportation,General / Mode Not Specified,rule
Freight,ACTUATORS 70 386 54.32,1,209.68,Line Haul / Base Transportation,General / Mode Not Specified,rule
Freight,ACTUATORS 70 386 MIN,1,158.29,Line Haul / Base Transportation,General / Mode Not Specified,rule
Freight,ACTUATORS 70 3860 28.29,1,1091.99,Line Haul / Base Transportation,General / Mode Not Specified,rule
Freight,ACTUATORS 70 3884 31.21,1,1212.2,Line Haul / Base Transportation,General / Mode Not Specified,rule
Freight,ACTUATORS 70 389 49.39,1,192.13,Line Haul / Base Transportation,General / Mode Not Specified,rule
Freight,ACTUATORS 70 390 23.75,1,92.63,Line Haul / Base Transportation,General / Mode Not Specified,rule
Freight,ACTUATORS 70 3923 42.65,1,1673.16,Line Haul / Base Transportation,General / Mode Not Specified,rule
Freight,ACTUATORS 70 394 41.70,1,164.3,Line Haul / Base Transportation,General / Mode Not Specified,rule
Freight,ACTUATORS 70 394 54.32,1,214.02,Line Haul / Base Transportation,General / Mode Not Specified,rule
Freight,ACTUATORS 70 395 34.79,1,137.42,Line Haul / Base Transportation,General / Mode Not Specified,rule
Freight,ACTUATORS 70 3955 40.67,1,1608.5,Line Haul / Base Transportation,General / Mode Not Specified,rule
Freight,ACTUATORS 70 400 49.53,1,198.12,Line Haul / Base Transportation,General / Mode Not Specified,rule
Freight,ACTUATORS 70 401 MIN,1,158.29,Line Haul / Base Transportation,General / Mode Not Specified,rule
Freight,ACTUATORS 70 402 26.47,1,106.41,Line Haul / Base Transportation,General / Mode Not Specified,rule
Freight,ACTUATORS 70 403 41.91,1,168.9,Line Haul / Base Transportation,General / Mode Not Specified,rule
Freight,ACTUATORS 70 405 54.32,1,220.0,Line Haul / Base Transportation,General / Mode Not Specified,rule
Freight,ACTUATORS 70 4050 22.12,1,895.86,Line Haul / Base Transportation,General / Mode Not Specified,rule
Freight,ACTUATORS 70 407 MIN,2,276.53999999999996,Line Haul / Base Transportation,General / Mode Not Specified,rule
Freight,ACTUATORS 70 410 MIN,1,118.25,Line Haul / Base Transportation,General / Mode Not Specified,rule
Freight,ACTUATORS 70 415 26.47,1,109.85,Line Haul / Base Transportation,General / Mode Not Specified,rule
Freight,ACTUATORS 70 416 49.53,1,206.04,Line Haul / Base Transportation,General / Mode Not Specified,rule
Freight,ACTUATORS 70 418 45.50,1,190.19,Line Haul / Base Transportation,General / Mode Not Specified,rule
Freight,ACTUATORS 70 425 27.60,1,117.3,Line Haul / Base Transportation,General / Mode Not Specified,rule
Freight,ACTUATORS 70 428 24.94,1,106.74,Line Haul / Base Transportation,General / Mode Not Specified,rule
Freight,ACTUATORS 70 428 38.45,1,164.57,Line Haul / Base Transportation,General / Mode Not Specified,rule
Freight,ACTUATORS 70 428 MIN,1,118.25,Line Haul / Base Transportation,General / Mode Not Specified,rule
Freight,ACTUATORS 70 4292 15.87,1,681.14,Line Haul / Base Transportation,General / Mode Not Specified,rule
Freight,ACTUATORS 70 430 MIN,1,118.25,Line Haul / Base Transportation,General / Mode Not Specified,rule
Freight,ACTUATORS 70 431 50.04,1,215.67,Line Haul / Base Transportation,General / Mode Not Specified,rule
Freight,ACTUATORS 70 432 56.83,1,245.51,Line Haul / Base Transportation,General / Mode Not Specified,rule
Freight,ACTUATORS 70 434 41.64,1,180.72,Line Haul / Base Transportation,General / Mode Not Specified,rule
Freight,ACTUATORS 70 434 MIN,1,158.29,Line Haul / Base Transportation,General / Mode Not Specified,rule
Freight,ACTUATORS 70 438 46.16,1,202.18,Line Haul / Base Transportation,General / Mode Not Specified,rule
Freight,ACTUATORS 70 440 42.10,1,185.24,Line Haul / Base Transportation,General / Mode Not Specified,rule
Freight,ACTUATORS 70 440 50.04,1,220.18,Line Haul / Base Transportation,General / Mode Not Specified,rule
Freight,ACTUATORS 70 440 MIN,1,142.94,Line Haul / Base Transportation,General / Mode Not Specified,rule
Freight,ACTUATORS 70 4400 22.12,1,973.28,Line Haul / Base Transportation,General / Mode Not Specified,rule
Freight,ACTUATORS 70 444 MIN,1,158.29,Line Haul / Base Transportation,General / Mode Not Specified,rule
Freight,ACTUATORS 70 445 29.18,1,129.85,Line Haul / Base Transportation,General / Mode Not Specified,rule
Freight,ACTUATORS 70 4491 25.34,1,1138.02,Line Haul / Base Transportation,General / Mode Not Specified,rule
Freight,ACTUATORS 70 450 29.55,1,132.98,Line Haul / Base Transportation,General / Mode Not Specified,rule
Freight,ACTUATORS 70 450 MIN,1,158.29,Line Haul / Base Transportation,General / Mode Not Specified,rule
Freight,ACTUATORS 70 451 MIN,1,118.25,Line Haul / Base Transportation,General / Mode Not Specified,rule
Freight,ACTUATORS 70 453 42.10,1,190.71,Line Haul / Base Transportation,General / Mode Not Specified,rule
Freight,ACTUATORS 70 453 59.56,1,269.81,Line Haul / Base Transportation,General / Mode Not Specified,rule
Freight,ACTUATORS 70 454 MIN,1,118.25,Line Haul / Base Transportation,General / Mode Not Specified,rule
Freight,ACTUATORS 70 4540 22.12,1,1004.25,Line Haul / Base Transportation,General / Mode Not Specified,rule
Freight,ACTUATORS 70 4545 26.53,1,1205.79,Line Haul / Base Transportation,General / Mode Not Specified,rule
Freight,ACTUATORS 70 455 MIN,1,118.25,Line Haul / Base Transportation,General / Mode Not Specified,rule
Freight,ACTUATORS 70 460 41.64,1,191.54,Line Haul / Base Transportation,General / Mode Not Specified,rule
Freight,ACTUATORS 70 460 MIN,1,158.29,Line Haul / Base Transportation,General / Mode Not Specified,rule
Freight,ACTUATORS 70 464 59.56,1,276.36,Line Haul / Base Transportation,General / Mode Not Specified,rule
Freight,ACTUATORS 70 471 25.70,1,121.05,Line Haul / Base Transportation,General / Mode Not Specified,rule
Freight,ACTUATORS 70 471 MIN,1,142.94,Line Haul / Base Transportation,General / Mode Not Specified,rule
Freight,ACTUATORS 70 472 24.15,1,113.99,Line Haul / Base Transportation,General / Mode Not Specified,rule
Freight,ACTUATORS 70 474 38.01,1,180.17,Line Haul / Base Transportation,General / Mode Not Specified,rule
Freight,ACTUATORS 70 474 MIN,1,118.25,Line Haul / Base Transportation,General / Mode Not Specified,rule
Freight,ACTUATORS 70 476 MIN,1,118.25,Line Haul / Base Transportation,General / Mode Not Specified,rule
Freight,ACTUATORS 70 479 24.24,1,116.11,Line Haul / Base Transportation,General / Mode Not Specified,rule
Freight,ACTUATORS 70 479 MIN,1,118.25,Line Haul / Base Transportation,General / Mode Not Specified,rule
Freight,ACTUATORS 70 480 28.66,1,137.57,Line Haul / Base Transportation,General / Mode Not Specified,rule
Freight,ACTUATORS 70 481 MIN,1,158.29,Line Haul / Base Transportation,General / Mode Not Specified,rule
Freight,ACTUATORS 70 482 34.29,1,165.28,Line Haul / Base Transportation,General / Mode Not Specified,rule
Freight,ACTUATORS 70 482 MIN,1,118.25,Line Haul / Base Transportation,General / Mode Not Specified,rule
Freight,ACTUATORS 70 483 MIN,1,118.25,Line Haul / Base Transportation,General / Mode Not Specified,rule
Freight,ACTUATORS 70 486 MIN,1,158.29,Line Haul / Base Transportation,General / Mode Not Specified,rule
Freight,ACTUATORS 70 488 29.55,1,144.2,Line Haul / Base Transportation,General / Mode Not Specified,rule
Freight,ACTUATORS 70 488 44.84,1,218.82,Line Haul / Base Transportation,General / Mode Not Specified,rule
Freight,ACTUATORS 70 488 MIN,1,158.29,Line Haul / Base Transportation,General / Mode Not Specified,rule
Freight,ACTUATORS 70 490 39.78,1,194.92,Line Haul / Base Transportation,General / Mode Not Specified,rule
Freight,ACTUATORS 70 490 44.08,1,215.99,Line Haul / Base Transportation,General / Mode Not Specified,rule
Freight,ACTUATORS 70 492 46.16,1,227.11,Line Haul / Base Transportation,General / Mode Not Specified,rule
Freight,ACTUATORS 70 493 47.96,1,236.44,Line Haul / Base Transportation,General / Mode Not Specified,rule
Freight,ACTUATORS 70 494 MIN,1,158.29,Line Haul / Base Transportation,General / Mode Not Specified,rule
Freight,ACTUATORS 70 495 46.16,1,228.49,Line Haul / Base Transportation,General / Mode Not Specified,rule
Freight,ACTUATORS 70 497 46.16,1,229.42,Line Haul / Base Transportation,General / Mode Not Specified,rule
Freight,ACTUATORS 70 498 48.74,1,242.73,Line Haul / Base Transportation,General / Mode Not Specified,rule
Freight,ACTUATORS 70 500 51.95,1,259.75,Line Haul / Base Transportation,General / Mode Not Specified,rule
Freight,ACTUATORS 70 500 MIN,1,158.29,Line Haul / Base Transportation,General / Mode Not Specified,rule
Freight,ACTUATORS 70 502 41.64,1,209.03,Line Haul / Base Transportation,General / Mode Not Specified,rule
Freight,ACTUATORS 70 504 MIN,1,158.29,Line Haul / Base Transportation,General / Mode Not Specified,rule
Freight,ACTUATORS 70 507 MIN,1,158.29,Line Haul / Base Transportation,General / Mode Not Specified,rule
Freight,ACTUATORS 70 510 MIN,1,118.25,Line Haul / Base Transportation,General / Mode Not Specified,rule
Freight,ACTUATORS 70 515 41.64,1,214.45,Line Haul / Base Transportation,General / Mode Not Specified,rule
Freight,ACTUATORS 70 5226 26.23,1,1370.78,Line Haul / Base Transportation,General / Mode Not Specified,rule
Freight,ACTUATORS 70 529 39.96,1,211.39,Line Haul / Base Transportation,General / Mode Not Specified,rule
Freight,ACTUATORS 70 530 38.01,1,201.45,Line Haul / Base Transportation,General / Mode Not Specified,rule
Freight,ACTUATORS 70 533 MIN,1,158.29,Line Haul / Base Transportation,General / Mode Not Specified,rule
Freight,ACTUATORS 70 534 33.68,1,179.85,Line Haul / Base Transportation,General / Mode Not Specified,rule
Freight,ACTUATORS 70 535 29.68,1,158.79,Line Haul / Base Transportation,General / Mode Not Specified,rule
Freight,ACTUATORS 70 535 42.10,1,225.24,Line Haul / Base Transportation,General / Mode Not Specified,rule
Freight,ACTUATORS 70 536 MIN,1,158.29,Line Haul / Base Transportation,General / Mode Not Specified,rule
Freight,ACTUATORS 70 537 46.16,1,247.88,Line Haul / Base Transportation,General / Mode Not Specified,rule
Freight,ACTUATORS 70 5395 13.79,1,743.97,Line Haul / Base Transportation,General / Mode Not Specified,rule
Freight,ACTUATORS 70 544 26.32,1,143.18,Line Haul / Base Transportation,General / Mode Not Specified,rule
Freight,ACTUATORS 70 545 21.71,1,118.32,Line Haul / Base Transportation,General / Mode Not Specified,rule
Freight,ACTUATORS 70 547 MIN,1,158.29,Line Haul / Base Transportation,General / Mode Not Specified,rule
Freight,ACTUATORS 70 548 44.84,1,245.72,Line Haul / Base Transportation,General / Mode Not Specified,rule
Freight,ACTUATORS 70 548 MIN,1,158.29,Line Haul / Base Transportation,General / Mode Not Specified,rule
Freight,ACTUATORS 70 550 29.68,1,163.24,Line Haul / Base Transportation,General / Mode Not Specified,rule
Freight,ACTUATORS 70 552 MIN,1,158.29,Line Haul / Base Transportation,General / Mode Not Specified,rule
Freight,ACTUATORS 70 555 42.10,1,233.66,Line Haul / Base Transportation,General / Mode Not Specified,rule
Freight,ACTUATORS 70 5596 17.05,1,954.12,Line Haul / Base Transportation,General / Mode Not Specified,rule
Freight,ACTUATORS 70 561 24.73,1,138.74,Line Haul / Base Transportation,General / Mode Not Specified,rule
Freight,ACTUATORS 70 561 57.58,1,323.02,Line Haul / Base Transportation,General / Mode Not Specified,rule
Freight,ACTUATORS 70 565 30.74,1,173.68,Line Haul / Base Transportation,General / Mode Not Specified,rule
Freight,ACTUATORS 70 566 44.60,1,252.44,Line Haul / Base Transportation,General / Mode Not Specified,rule
Freight,ACTUATORS 70 570 36.82,1,209.87,Line Haul / Base Transportation,General / Mode Not Specified,rule
Freight,ACTUATORS 70 570 MIN,1,142.94,Line Haul / Base Transportation,General / Mode Not Specified,rule
Freight,ACTUATORS 70 571 MIN,1,142.94,Line Haul / Base Transportation,General / Mode Not Specified,rule
Freight,ACTUATORS 70 574 47.96,1,275.29,Line Haul / Base Transportation,General / Mode Not Specified,rule
Freight,ACTUATORS 70 575 32.20,1,185.15,Line Haul / Base Transportation,General / Mode Not Specified,rule
Freight,ACTUATORS 70 575 58.00,1,333.5,Line Haul / Base Transportation,General / Mode Not Specified,rule
Freight,ACTUATORS 70 578 22.05,1,127.45,Line Haul / Base Transportation,General / Mode Not Specified,rule
Freight,ACTUATORS 70 580 31.83,1,184.61,Line Haul / Base Transportation,General / Mode Not Specified,rule
Freight,ACTUATORS 70 580 32.93,1,190.99,Line Haul / Base Transportation,General / Mode Not Specified,rule
Freight,ACTUATORS 70 580 38.01,1,220.46,Line Haul / Base Transportation,General / Mode Not Specified,rule
Freight,ACTUATORS 70 581 24.94,1,144.9,Line Haul / Base Transportation,General / Mode Not Specified,rule
Freight,ACTUATORS 70 582 42.10,1,245.02,Line Haul / Base Transportation,General / Mode Not Specified,rule
Freight,ACTUATORS 70 584 24.15,1,141.04,Line Haul / Base Transportation,General / Mode Not Specified,rule
Freight,ACTUATORS 70 585 23.28,1,136.19,Line Haul / Base Transportation,General / Mode Not Specified,rule
Freight,ACTUATORS 70 590 46.16,1,272.34,Line Haul / Base Transportation,General / Mode Not Specified,rule
Freight,ACTUATORS 70 60 MIN,1,173.02,Line Haul / Base Transportation,General / Mode Not Specified,rule
Freight,ACTUATORS 70 601 33.72,1,202.66,Line Haul / Base Transportation,General / Mode Not Specified,rule
Freight,ACTUATORS 70 604 46.16,1,278.81,Line Haul / Base Transportation,General / Mode Not Specified,rule
Freight,ACTUATORS 70 605 54.42,1,329.24,Line Haul / Base Transportation,General / Mode Not Specified,rule
Freight,ACTUATORS 70 607 27.60,1,167.53,Line Haul / Base Transportation,General / Mode Not Specified,rule
Freight,ACTUATORS 70 613 36.72,1,225.09,Line Haul / Base Transportation,General / Mode Not Specified,rule
Freight,ACTUATORS 70 615 30.76,1,189.17,Line Haul / Base Transportation,General / Mode Not Specified,rule
Freight,ACTUATORS 70 619 30.74,1,190.28,Line Haul / Base Transportation,General / Mode Not Specified,rule
Freight,ACTUATORS 70 619 41.64,1,257.75,Line Haul / Base Transportation,General / Mode Not Specified,rule
Freight,ACTUATORS 70 620 20.71,1,128.4,Line Haul / Base Transportation,General / Mode Not Specified,rule
Freight,ACTUATORS 70 620 31.83,1,197.35,Line Haul / Base Transportation,General / Mode Not Specified,rule
Freight,ACTUATORS 70 624 33.17,1,206.98,Line Haul / Base Transportation,General / Mode Not Specified,rule
Freight,ACTUATORS 70 624 42.59,1,265.76,Line Haul / Base Transportation,General / Mode Not Specified,rule
Freight,ACTUATORS 70 630 41.64,1,262.33,Line Haul / Base Transportation,General / Mode Not Specified,rule
Freight,ACTUATORS 70 633 34.29,1,217.06,Line Haul / Base Transportation,General / Mode Not Specified,rule
Freight,ACTUATORS 70 635 41.64,1,264.41,Line Haul / Base Transportation,General / Mode Not Specified,rule
Freight,ACTUATORS 70 646 MIN,1,118.25,Line Haul / Base Transportation,General / Mode Not Specified,rule
Freight,ACTUATORS 70 647 21.71,1,140.46,Line Haul / Base Transportation,General / Mode Not Specified,rule
Freight,ACTUATORS 70 648 46.16,2,598.24,Line Haul / Base Transportation,General / Mode Not Specified,rule
Freight,ACTUATORS 70 648 46.40,1,300.67,Line Haul / Base Transportation,General / Mode Not Specified,rule
Freight,ACTUATORS 70 651 24.68,1,160.67,Line Haul / Base Transportation,General / Mode Not Specified,rule
Freight,ACTUATORS 70 658 23.28,1,153.18,Line Haul / Base Transportation,General / Mode Not Specified,rule
Freight,ACTUATORS 70 6635 32.21,1,2137.13,Line Haul / Base Transportation,General / Mode Not Specified,rule
Freight,ACTUATORS 70 664 29.68,1,197.08,Line Haul / Base Transportation,General / Mode Not Specified,rule
Freight,ACTUATORS 70 665 44.08,1,293.13,Line Haul / Base Transportation,General / Mode Not Specified,rule
Freight,ACTUATORS 70 669 46.16,1,308.81,Line Haul / Base Transportation,General / Mode Not Specified,rule
Freight,ACTUATORS 70 674 58.39,1,393.55,Line Haul / Base Transportation,General / Mode Not Specified,rule
Freight,ACTUATORS 70 676 26.53,1,179.34,Line Haul / Base Transportation,General / Mode Not Specified,rule
Freight,ACTUATORS 70 678 18.43,1,124.96,Line Haul / Base Transportation,General / Mode Not Specified,rule
Freight,ACTUATORS 70 680 24.40,1,165.92,Line Haul / Base Transportation,General / Mode Not Specified,rule
Freight,ACTUATORS 70 6962 32.21,1,2242.46,Line Haul / Base Transportation,General / Mode Not Specified,rule
Freight,ACTUATORS 70 697 18.33,1,127.76,Line Haul / Base Transportation,General / Mode Not Specified,rule
Freight,ACTUATORS 70 699 26.95,1,188.38,Line Haul / Base Transportation,General / Mode Not Specified,rule
Freight,ACTUATORS 70 70 MIN,1,173.02,Line Haul / Base Transportation,General / Mode Not Specified,rule
Freight,ACTUATORS 70 700 36.72,1,257.04,Line Haul / Base Transportation,General / Mode Not Specified,rule
Freight,ACTUATORS 70 700 38.49,1,269.43,Line Haul / Base Transportation,General / Mode Not Specified,rule
Freight,ACTUATORS 70 705 29.68,1,209.24,Line Haul / Base Transportation,General / Mode Not Specified,rule
Freight,ACTUATORS 70 71 MIN,2,316.58,Line Haul / Base Transportation,General / Mode Not Specified,rule
Freight,ACTUATORS 70 711 58.00,1,412.38,Line Haul / Base Transportation,General / Mode Not Specified,rule
Freight,ACTUATORS 70 720 33.68,1,242.5,Line Haul / Base Transportation,General / Mode Not Specified,rule
Freight,ACTUATORS 70 7200 31.77,1,2287.44,Line Haul / Base Transportation,General / Mode Not Specified,rule
Freight,ACTUATORS 70 732 33.68,1,246.54,Line Haul / Base Transportation,General / Mode Not Specified,rule
Freight,ACTUATORS 70 74 MIN,3,504.33000000000004,Line Haul / Base Transportation,General / Mode Not Specified,rule
Freight,ACTUATORS 70 741 28.20,1,208.96,Line Haul / Base Transportation,General / Mode Not Specified,rule
Freight,ACTUATORS 70 743 42.10,1,312.8,Line Haul / Base Transportation,General / Mode Not Specified,rule
Freight,ACTUATORS 70 749 38.49,1,288.29,Line Haul / Base Transportation,General / Mode Not Specified,rule
Freight,ACTUATORS 70 75 MIN,2,316.58,Line Haul / Base Transportation,General / Mode Not Specified,rule
Freight,ACTUATORS 70 755 56.77,1,428.61,Line Haul / Base Transportation,General / Mode Not Specified,rule
Freight,ACTUATORS 70 760 29.68,1,225.57,Line Haul / Base Transportation,General / Mode Not Specified,rule
Freight,ACTUATORS 70 767 41.64,1,319.38,Line Haul / Base Transportation,General / Mode Not Specified,rule
Freight,ACTUATORS 70 769 34.46,1,265.0,Line Haul / Base Transportation,General / Mode Not Specified,rule
Freight,ACTUATORS 70 77 MIN,1,158.29,Line Haul / Base Transportation,General / Mode Not Specified,rule
Freight,ACTUATORS 70 770 27.89,1,214.75,Line Haul / Base Transportation,General / Mode Not Specified,rule
Freight,ACTUATORS 70 770 28.22,1,217.29,Line Haul / Base Transportation,General / Mode Not Specified,rule
Freight,ACTUATORS 70 7727 31.77,1,2454.87,Line Haul / Base Transportation,General / Mode Not Specified,rule
Freight,ACTUATORS 70 775 56.83,1,440.43,Line Haul / Base Transportation,General / Mode Not Specified,rule
Freight,ACTUATORS 70 776 29.68,1,230.32,Line Haul / Base Transportation,General / Mode Not Specified,rule
Freight,ACTUATORS 70 778 49.35,1,383.94,Line Haul / Base Transportation,General / Mode Not Specified,rule
Freight,ACTUATORS 70 78 MIN,4,622.58,Line Haul / Base Transportation,General / Mode Not Specified,rule
Freight,ACTUATORS 70 780 24.37,1,190.09,Line Haul / Base Transportation,General / Mode Not Specified,rule
Freight,ACTUATORS 70 784 44.84,1,351.55,Line Haul / Base Transportation,General / Mode Not Specified,rule
Freight,ACTUATORS 70 787 56.83,1,447.25,Line Haul / Base Transportation,General / Mode Not Specified,rule
Freight,ACTUATORS 70 79 MIN,1,158.29,Line Haul / Base Transportation,General / Mode Not Specified,rule
Freight,ACTUATORS 70 796 29.68,1,236.25,Line Haul / Base Transportation,General / Mode Not Specified,rule
Freight,ACTUATORS 70 80 MIN,2,316.58,Line Haul / Base Transportation,General / Mode Not Specified,rule
Freight,ACTUATORS 70 800 25.28,1,202.24,Line Haul / Base Transportation,General / Mode Not Specified,rule
Freight,ACTUATORS 70 802 56.83,1,455.78,Line Haul / Base Transportation,General / Mode Not Specified,rule
Freight,ACTUATORS 70 804 30.13,1,242.25,Line Haul / Base Transportation,General / Mode Not Specified,rule
Freight,ACTUATORS 70 81 MIN,1,158.29,Line Haul / Base Transportation,General / Mode Not Specified,rule
Freight,ACTUATORS 70 818 17.59,1,143.89,Line Haul / Base Transportation,General / Mode Not Specified,rule
Freight,ACTUATORS 70 819 53.98,1,442.1,Line Haul / Base Transportation,General / Mode Not Specified,rule
Freight,ACTUATORS 70 825 42.10,1,347.33,Line Haul / Base Transportation,General / Mode Not Specified,rule
Freight,ACTUATORS 70 83 MIN,3,394.78999999999996,Line Haul / Base Transportation,General / Mode Not Specified,rule
Freight,ACTUATORS 70 830 14.95,1,124.09,Line Haul / Base Transportation,General / Mode Not Specified,rule
Freight,ACTUATORS 70 8306 31.77,1,2638.82,Line Haul / Base Transportation,General / Mode Not Specified,rule
Freight,ACTUATORS 70 832 25.28,1,210.33,Line Haul / Base Transportation,General / Mode Not Specified,rule
Freight,ACTUATORS 70 85 MIN,7,1097.45,Line Haul / Base Transportation,General / Mode Not Specified,rule
Freight,ACTUATORS 70 850 21.25,1,180.63,Line Haul / Base Transportation,General / Mode Not Specified,rule
Freight,ACTUATORS 70 854 28.20,1,240.83,Line Haul / Base Transportation,General / Mode Not Specified,rule
Freight,ACTUATORS 70 855 34.77,1,297.28,Line Haul / Base Transportation,General / Mode Not Specified,rule
Freight,ACTUATORS 70 86 MIN,3,474.25,Line Haul / Base Transportation,General / Mode Not Specified,rule
Freight,ACTUATORS 70 864 48.37,1,417.92,Line Haul / Base Transportation,General / Mode Not Specified,rule
Freight,ACTUATORS 70 87 MIN,4,608.84,Line Haul / Base Transportation,General / Mode Not Specified,rule
Freight,ACTUATORS 70 872 34.77,1,303.19,Line Haul / Base Transportation,General / Mode Not Specified,rule
Freight,ACTUATORS 70 873 48.37,1,422.27,Line Haul / Base Transportation,General / Mode Not Specified,rule
Freight,ACTUATORS 70 875 13.97,1,122.24,Line Haul / Base Transportation,General / Mode Not Specified,rule
Freight,ACTUATORS 70 877 30.29,1,265.64,Line Haul / Base Transportation,General / Mode Not Specified,rule
Freight,ACTUATORS 70 88 MIN,5,790.8299999999999,Line Haul / Base Transportation,General / Mode Not Specified,rule
Freight,ACTUATORS 70 89 MIN,1,254.09,Line Haul / Base Transportation,General / Mode Not Specified,rule
Freight,ACTUATORS 70 892 34.77,1,310.15,Line Haul / Base Transportation,General / Mode Not Specified,rule
Freight,ACTUATORS 70 895 25.68,1,229.84,Line Haul / Base Transportation,General / Mode Not Specified,rule
Freight,ACTUATORS 70 895 38.56,1,345.11,Line Haul / Base Transportation,General / Mode Not Specified,rule
Freight,ACTUATORS 70 898 MIN,1,118.25,Line Haul / Base Transportation,General / Mode Not Specified,rule
Freight,ACTUATORS 70 90 MIN,8,1225.6599999999999,Line Haul / Base Transportation,General / Mode Not Specified,rule
Freight,ACTUATORS 70 900 33.87,1,304.83,Line Haul / Base Transportation,General / Mode Not Specified,rule
Freight,ACTUATORS 70 905 38.23,1,345.98,Line Haul / Base Transportation,General / Mode Not Specified,rule
Freight,ACTUATORS 70 91 MIN,1,118.25,Line Haul / Base Transportation,General / Mode Not Specified,rule
Freight,ACTUATORS 70 917 36.98,1,339.11,Line Haul / Base Transportation,General / Mode Not Specified,rule
Freight,ACTUATORS 70 92 MIN,1,173.02,Line Haul / Base Transportation,General / Mode Not Specified,rule
Freight,ACTUATORS 70 921 50.72,1,467.13,Line Haul / Base Transportation,General / Mode Not Specified,rule
Freight,ACTUATORS 70 924 21.87,1,202.08,Line Haul / Base Transportation,General / Mode Not Specified,rule
Freight,ACTUATORS 70 925 17.60,1,162.8,Line Haul / Base Transportation,General / Mode Not Specified,rule
Freight,ACTUATORS 70 93 MIN,2,236.5,Line Haul / Base Transportation,General / Mode Not Specified,rule
Freight,ACTUATORS 70 934 38.56,1,360.15,Line Haul / Base Transportation,General / Mode Not Specified,rule
Freight,ACTUATORS 70 941 24.70,1,232.43,Line Haul / Base Transportation,General / Mode Not Specified,rule
Freight,ACTUATORS 70 945 27.76,1,262.33,Line Haul / Base Transportation,General / Mode Not Specified,rule
Freight,ACTUATORS 70 95 MIN,7,1178.52,Line Haul / Base Transportation,General / Mode Not Specified,rule
Freight,ACTUATORS 70 959 11.87,1,113.83,Line Haul / Base Transportation,General / Mode Not Specified,rule
Freight,ACTUATORS 70 96 MIN,1,158.29,Line Haul / Base Transportation,General / Mode Not Specified,rule
Freight,ACTUATORS 70 969 27.76,1,268.99,Line Haul / Base Transportation,General / Mode Not Specified,rule
Freight,ACTUATORS 70 97 MIN,1,158.29,Line Haul / Base Transportation,General / Mode Not Specified,rule
Freight,ACTUATORS 70 98 MIN,1,118.25,Line Haul / Base Transportation,General / Mode Not Specified,rule
Freight,ACTUATORS 70 99 MIN,1,254.09,Line Haul / Base Transportation,General / Mode Not Specified,rule
Freight,ACTUATORS 70 991 35.16,1,348.44,Line Haul / Base Transportation,General / Mode Not Specified,rule
Freight,ALUM CASTINGS STC 71 PKGS 60 1270 24.26,1,308.1,Line Haul / Base Transportation,General / Mode Not Specified,rule
Freight,AS WEIGHT 10;000 11.07,1,1107.0,Line Haul / Base Transportation,General / Mode Not Specified,rule
Freight,AS WEIGHT 1;000 23.91,1,239.1,Line Haul / Base Transportation,General / Mode Not Specified,rule
Freight,AS WEIGHT 1;000 27.47,1,274.7,Line Haul / Base Transportation,General / Mode Not Specified,rule
Freight,AS WEIGHT 1;000 519.05,1,5190.5,Line Haul / Base Transportation,General / Mode Not Specified,rule
Freight,AS WEIGHT 1;000 580.71,1,5807.1,Line Haul / Base Transportation,General / Mode Not Specified,rule
Freight,AS WEIGHT 1;000 580.72,1,5807.2,Line Haul / Base Transportation,General / Mode Not Specified,rule
Freight,AS WEIGHT 1;000 59.71,1,597.1,Line Haul / Base Transportation,General / Mode Not Specified,rule
Freight,AS WEIGHT 500 595.25,1,2976.25,Line Haul / Base Transportation,General / Mode Not Specified,rule
Freight,AS WEIGHT 500 60.22,1,301.1,Line Haul / Base Transportation,General / Mode Not Specified,rule
Freight,AS WEIGHT 5;000 114.78,1,5739.0,Line Haul / Base Transportation,General / Mode Not Specified,rule
Freight,AS WEIGHT 5;000 12.08,1,604.0,Line Haul / Base Transportation,General / Mode Not Specified,rule
Freight,Address Correction Ground,500,6715.5,Accessorial / Delivery Surcharge,Address Correction,rule
Freight,Air Freight,43,75893.68,Line Haul / Base Transportation,Air Freight,rule
Freight,Airway Bill (AWB) Delivery,1,96.0,Line Haul / Base Transportation,General / Mode Not Specified,rule
Freight,BLS BLIND SHIPMENT,1,30.0,Line Haul / Base Transportation,General / Mode Not Specified,rule
Freight,Chargeback 2nd Day Air Commercial,3,771.0899999999999,Administrative & Service Fees,Chargeback / Reversal,rule
Freight,Chargeback Ground Commercial,323,4223.67,Administrative & Service Fees,Chargeback / Reversal,rule
Freight,Chargeback Next Day Air Commercial,14,461.81,Administrative & Service Fees,Chargeback / Reversal,rule
Freight,Delivery,33,12652.58,Line Haul / Base Transportation,General / Mode Not Specified,rule
Freight,Delivery Confirmation Signature - Commercial,262,2017.4,Accessorial / Delivery Surcharge,Signature Required,rule
Freight,Delivery ,1,859.54,Line Haul / Base Transportation,General / Mode Not Specified,rule
Freight,ELECTRONIC TELCO SWITCHING SYSTEMS,1,194.83,Line Haul / Base Transportation,General / Mode Not Specified,rule
Freight,Freight,31,41444.49,Line Haul / Base Transportation,General / Mode Not Specified,rule
Freight,Freight Charges,9,26190.37,Line Haul / Base Transportation,General / Mode Not Specified,rule
Freight,Full Container Freight (FCL),3,6815.0,Line Haul / Base Transportation,General / Mode Not Specified,rule
Freight,GROSS FRT CHG,3,730.13,Line Haul / Base Transportation,General / Mode Not Specified,rule
Freight,Ground,20,1460.1200000000001,Line Haul / Base Transportation,Ground,rule
Freight,Ground Commercial,15731,210639.57,Line Haul / Base Transportation,Ground,rule
Freight,Ground Commercial Collect,887,11948.66,Line Haul / Base Transportation,Ground,rule
Freight,Ground Commercial Third Party,209,2523.91,Line Haul / Base Transportation,Ground,rule
Freight,Ground Commercial UPS Delivery Intercept,2,23.84,Line Haul / Base Transportation,Ground,rule
Freight,Ground Commercial UPS Delivery Intercept Third Party,1,11.04,Line Haul / Base Transportation,Ground,rule
Freight,Ground Hundredweight,138,1872.49,Line Haul / Base Transportation,Ground,rule
Freight,Ground Hundredweight Collect,50,365.46000000000004,Line Haul / Base Transportation,Ground,rule
Freight,Ground Residential,747,12488.27,Line Haul / Base Transportation,Ground,rule
Freight,Ground Residential Third Party,92,1014.43,Line Haul / Base Transportation,Ground,rule
Freight,Ground Return to Sender,3,33.88,Line Haul / Base Transportation,Ground,rule
Freight,Ground Undeliverable Return,28,413.6,Line Haul / Base Transportation,Ground,rule
Freight,HARDWARE 60 1020 25.13,1,256.33,Line Haul / Base Transportation,General / Mode Not Specified,rule
Freight,HARDWARE 60 1060 17.70,1,187.62,Line Haul / Base Transportation,General / Mode Not Specified,rule
Freight,HARDWARE 60 2320 17.70,1,410.64,Line Haul / Base Transportation,General / Mode Not Specified,rule
Freight,HARDWARE 60 2996 22.31,1,668.41,Line Haul / Base Transportation,General / Mode Not Specified,rule
Freight,HARDWARE 60 380 MIN,1,158.29,Line Haul / Base Transportation,General / Mode Not Specified,rule
Freight,HARDWARE 60 945 25.13,1,237.48,Line Haul / Base Transportation,General / Mode Not Specified,rule
Freight,HARDWARE 65 1428 25.13,1,358.86,Line Haul / Base Transportation,General / Mode Not Specified,rule
Freight,HARDWARE 65 1460 17.70,1,258.42,Line Haul / Base Transportation,General / Mode Not Specified,rule
Freight,HARDWARE 65 1476 25.13,1,370.92,Line Haul / Base Transportation,General / Mode Not Specified,rule
Freight,HARDWARE 65 230 25.13,1,57.8,Line Haul / Base Transportation,General / Mode Not Specified,rule
Freight,HARDWARE 65 400 30.08,1,120.32,Line Haul / Base Transportation,General / Mode Not Specified,rule
Freight,HARDWARE 70 370 17.70,1,65.49,Line Haul / Base Transportation,General / Mode Not Specified,rule
Freight,HARDWARE 70 370 MIN,1,158.29,Line Haul / Base Transportation,General / Mode Not Specified,rule
Freight,HDWE 60 1455 25.13,1,365.64,Line Haul / Base Transportation,General / Mode Not Specified,rule
Freight,HDWE 60 219 17.70,1,38.76,Line Haul / Base Transportation,General / Mode Not Specified,rule
Freight,HDWE 60 2320 17.70,1,410.64,Line Haul / Base Transportation,General / Mode Not Specified,rule
Freight,IT#11608-5 TELECOMMUNICATIONS,1,167.83,Line Haul / Base Transportation,General / Mode Not Specified,rule
Freight,IT-156600-3 CL 250 CLASS 100.0 175 7232,1,126.56,Line Haul / Base Transportation,General / Mode Not Specified,rule
Freight,IT116030 ELECTRONICS,1,1628.17,Line Haul / Base Transportation,General / Mode Not Specified,rule
Freight,ITEM 116030 SUB 7 ELECTRONIC,1,111.94,Line Haul / Base Transportation,General / Mode Not Specified,rule
Freight,ITEM 116030 SUB 7 TELECOMMUNICATIONS EQC60,1,204.57,Line Haul / Base Transportation,General / Mode Not Specified,rule
Freight,ITEM 116030 SUB : 5 TELECOMMUNICATION EQUIPMENT,1,338.84,Line Haul / Base Transportation,General / Mode Not Specified,rule
Freight,ITEM 116030 SUB : 5 TELECOMMUNICATIONS,1,116.1,Line Haul / Base Transportation,General / Mode Not Specified,rule
Freight,ITEM 116030 SUB : 7 ELECTRONIC,2,425.83,Line Haul / Base Transportation,General / Mode Not Specified,rule
Freight,ITEM 116030 SUB : 7 ELECTRONIC TELCO,1,946.68,Line Haul / Base Transportation,General / Mode Not Specified,rule
Freight,ITEM 116030 SUB : 7 ELECTRONIC TELCO SWI C100,1,352.17,Line Haul / Base Transportation,General / Mode Not Specified,rule
Freight,ITEM 116030 SUB : 7 ELECTRONIC TELCO SWITC60,1,123.45,Line Haul / Base Transportation,General / Mode Not Specified,rule
Freight,ITEM 116030 SUB : 7 ELECTRONIC TELCO SWITCHING SYSTMES OR COMPONENTS,1,284.28,Line Haul / Base Transportation,General / Mode Not Specified,rule
Freight,ITEM 116030 SUB : 7 TELECOMMUNICATIONS,1,211.36,Line Haul / Base Transportation,General / Mode Not Specified,rule
Freight,ITEM 116030 SUB : 7 TELECOMUNICATION EQUIC60,1,217.92,Line Haul / Base Transportation,General / Mode Not Specified,rule
Freight,ITEM 116030 SUB: 7 TELECOMMUNICATIONS EQUIPMENT *** SUM *** WEIGHT & CHARGE,1,105.36,Line Haul / Base Transportation,General / Mode Not Specified,rule
Freight,MIN FRT CHG,4,575.11,Line Haul / Base Transportation,General / Mode Not Specified,rule
Freight,Next Day Air Commercial,681,45697.37,Line Haul / Base Transportation,Air Freight,rule
Freight,Next Day Air Commercial Collect,39,3576.81,Line Haul / Base Transportation,Air Freight,rule
Freight,Next Day Air Commercial Third Party,8,380.32,Line Haul / Base Transportation,Air Freight,rule
Freight,Next Day Air Early Commercial,26,3097.38,Line Haul / Base Transportation,Air Freight,rule
Freight,Next Day Air Early Commercial Collect,5,1315.7,Line Haul / Base Transportation,Air Freight,rule
Freight,Next Day Air Early Commercial Third Party,4,390.90999999999997,Line Haul / Base Transportation,Air Freight,rule
Freight,Next Day Air Saver Commercial,13,365.24,Line Haul / Base Transportation,Air Freight,rule
Freight,Next Day Air Saver Commercial Collect,6,694.9300000000001,Line Haul / Base Transportation,Air Freight,rule
Freight,Next Day Air Saver Commercial Third Party,12,1233.97,Line Haul / Base Transportation,Air Freight,rule
Freight,Not Previously Billed 2nd Day Air Commercial,1,19.58,Line Haul / Base Transportation,Air Freight,rule
Freight,Not Previously Billed Delivery Confirmation Signature - Commercial,1,7.7,Accessorial / Delivery Surcharge,Signature Required,rule
Freight,Not Previously Billed Ground Commercial,12,185.57999999999998,Line Haul / Base Transportation,Ground,rule
Freight,Not Previously Billed Next Day Air Commercial,1,38.66,Line Haul / Base Transportation,Air Freight,rule
Freight,PALLET PLASTIC ARTICLES - DENSITY 6 BUT LE 125.0 223 73.03,1,162.86,Line Haul / Base Transportation,General / Mode Not Specified,rule
Freight,PALLETS PLASTIC ARTICLES - DENSITY 4 BUT LE 175.0 900 330.97,1,2978.73,Line Haul / Base Transportation,General / Mode Not Specified,rule
Freight,PLT DG CONTROL VALVES 47X32X48 CL60 60 1260 30.55,1,384.93,Line Haul / Base Transportation,General / Mode Not Specified,rule
Freight,PLT DG CONTROL VALVES CL65 65 980 30.55,1,299.39,Line Haul / Base Transportation,General / Mode Not Specified,rule
Freight,PLT STC 1 PC DG CONTROL VALVES CL65 65 1240 34.41,1,426.68,Line Haul / Base Transportation,General / Mode Not Specified,rule
Freight,PLT STC 1 PC DG CONTROL VALVES CL65 65 410 34.41,1,141.08,Line Haul / Base Transportation,General / Mode Not Specified,rule
Freight,PLT STC 1 PC DG CONTROL VALVES CL65 65 555 41.20,1,228.66,Line Haul / Base Transportation,General / Mode Not Specified,rule
Freight,PLT VALVES I&S OR NP IT-51080-7 60 11300 15.43,1,1743.59,Line Haul / Base Transportation,General / Mode Not Specified,rule
Freight,PLT VALVES I&S OR NP IT-51080-7 60 2450 23.51,1,576.0,Line Haul / Base Transportation,General / Mode Not Specified,rule
Freight,Paper Commercial Invoice Surcharge,11,455.0,Taxes & Customs,Customs / Brokerage,rule
Freight,Returns Ground,114,1350.65,Line Haul / Base Transportation,Ground,rule
Freight,Returns Surge Emergency Fee - Commercial,23,81.60000000000001,Accessorial / Delivery Surcharge,Demand / Peak Surcharge,rule
Freight,SED ELECTRONIC FILING OF PR SED DOC,3,132.0,Line Haul / Base Transportation,General / Mode Not Specified,rule
Freight,SK BUBBLE MAILERS,1,1298.03,Line Haul / Base Transportation,General / Mode Not Specified,rule
Freight,SK MEDICAL SUPPLIES,1,1357.9,Line Haul / Base Transportation,General / Mode Not Specified,rule
Freight,SK PLASTIC PARTS,1,1377.89,Line Haul / Base Transportation,General / Mode Not Specified,rule
Freight,SK PRINTED MATTER,1,795.8,Line Haul / Base Transportation,General / Mode Not Specified,rule
Freight,Shipping Charge Correction Ground,4382,13422.16,Administrative & Service Fees,Billing Adjustment / Correction,rule
Freight,Shipping Charge Correction Ground Commercial UPS Delivery Intercept,2,1.8,Line Haul / Base Transportation,Ground,rule
Freight,Shipping Charge Correction Ground Same Day Pickup- Document,1,8.41,Administrative & Service Fees,Billing Adjustment / Correction,rule
Freight,Shipping Charge Correction Ground Undeliverable Return,4,8.91,Administrative & Service Fees,Billing Adjustment / Correction,rule
Freight,Shipping Charge Correction Surge Emergency Fee - Commercial,13,15.68,Accessorial / Delivery Surcharge,Demand / Peak Surcharge,rule
Freight,Surge Emergency Fee - Commercial,397,5748.16,Accessorial / Delivery Surcharge,Demand / Peak Surcharge,rule
Freight,Transportation Charges,78,143045.04,Line Haul / Base Transportation,General / Mode Not Specified,rule
Freight,UPS WorldEase Surge Emergency Fee - Commercial,1,1.28,Accessorial / Delivery Surcharge,Demand / Peak Surcharge,rule
Freight,ZONE ADJUSTMENT Ground,8,13.79,Line Haul / Base Transportation,Ground,rule
Freight 100 KG @ EUR 9;50/KG Zero Rated 1.,Freight 100 KG @ EUR 9;50/KG Zero Rated 1.,1,950.0,Line Haul / Base Transportation,General / Mode Not Specified,rule
Freight 1412;5,Freight 1412;5,1,9040.0,Line Haul / Base Transportation,General / Mode Not Specified,rule
Freight 504,Freight 504,1,2872.8,Line Haul / Base Transportation,General / Mode Not Specified,rule
Freight 648,Freight 648,1,2689.2,Line Haul / Base Transportation,General / Mode Not Specified,rule
Freight Charge,Freight Charge,7,4890.05,Line Haul / Base Transportation,General / Mode Not Specified,rule
Freight Charge,This field is not yet available,144,36729.16,Line Haul / Base Transportation,General / Mode Not Specified,rule
Freight Charge Freight Charge 1.00 $272.440,Freight Charge Freight Charge 1.00 $272.440,1,272.44,Line Haul / Base Transportation,General / Mode Not Specified,rule
Freight Charges,Freight Charges,34,54040.56,Line Haul / Base Transportation,General / Mode Not Specified,rule
Freight Greater,Freight Greater,1,959.0,Line Haul / Base Transportation,General / Mode Not Specified,rule
Freight Greater of (Min Rate EUR 196;00. 22 Kilogram(s) @ EUR 3;19/KG),Freight Greater of (Min Rate EUR 196;00. 22 Kilogram(s) @ EUR 3;19/KG),1,196.0,Line Haul / Base Transportation,General / Mode Not Specified,rule
Freight Greater of (Min Rate EUR Kilogram(s) @ EUR 2;13/KG),Freight Greater of (Min Rate EUR Kilogram(s) @ EUR 2;13/KG),1,1253.51,Line Haul / Base Transportation,General / Mode Not Specified,rule
Freight Insurance,Freight Insurance,4,840.84,Line Haul / Base Transportation,General / Mode Not Specified,rule
Freight Verification,Freight Verification,1,25.0,Line Haul / Base Transportation,General / Mode Not Specified,rule
FreightCharge,FreightCharge,32,805.0,Line Haul / Base Transportation,General / Mode Not Specified,tfidf_fallback
Freight ,Freight ,1,2125.0,Line Haul / Base Transportation,General / Mode Not Specified,rule
Frg 22x22x22 Multi-depth Boxes,Frg 22x22x22 Multi-depth Boxes,1,27.99,Other / Uncategorized,Unclassified,none
Frg 28x28x28 275 lb Double Wall Boxes,Frg 28x28x28 275 lb Double Wall Boxes,2,69.98,Other / Uncategorized,Unclassified,none
Fuel Surcharge,Fuel Surcharge,61157,560596.42,Fuel Surcharge,Domestic Fuel Surcharge,rule
Fuel Surcharge Adjustment,Fuel Surcharge Adjustment,34,40.35,Fuel Surcharge,Domestic Fuel Surcharge,rule
Fuel Surcharge added at 18.50%,Fuel Surcharge added at 18.50%,1,62.71,Fuel Surcharge,Domestic Fuel Surcharge,rule
Fut. Day OC Pickup Mon-Fri (CS),Fut. Day OC Pickup Mon-Fri (CS),1,3.05,Administrative & Service Fees,Pickup Service,rule
Future Day Pickup - Web Request,Future Day Pickup - Web Request,4,38.6,Administrative & Service Fees,Pickup Service,rule
GAS MEASUREMENT,GAS MEASUREMENT,1,85.0,Administrative & Service Fees,Disbursement Fee,tfidf_fallback
GASTOS SUPLIDOS ADUANA,GASTOS SUPLIDOS ADUANA,2,87.12,Other / Uncategorized,Unclassified,none
GOGREEN PLUS - CARBON REDUCED,GOGREEN PLUS - CARBON REDUCED,2262,12309.0,Administrative & Service Fees,Sustainability / Carbon Fee,rule
GPS Navigation seal charge,GPS Navigation seal charge,1,350.0,Line Haul / Base Transportation,General / Mode Not Specified,tfidf_fallback
GROUND DELIVERY SERVICE GRD,GROUND DELIVERY SERVICE GRD,3,150.0,Line Haul / Base Transportation,Ground,rule
GST Singapore,GST Singapore,2,1952.77,Taxes & Customs,GST / HST,rule
GST on Disb/Ancillary Service Fees,GST on Disb/Ancillary Service Fees,2,4.98,Taxes & Customs,GST / HST,rule
GST/HST,GST/HST,1,220.93,Taxes & Customs,GST / HST,rule
GUARANTEED,GUARANTEED,2,120.0,Other / Uncategorized,Unclassified,none
GUARANTEED BY 5PM 005001|010000 FLAT,GUARANTEED BY 5PM 005001|010000 FLAT,2,192.0,Other / Uncategorized,Unclassified,none
GUARANTEED BY 5PM FLAT 000000|005000,GUARANTEED BY 5PM FLAT 000000|005000,1,48.0,Other / Uncategorized,Unclassified,none
GUARANTEED BY NOON 000000|005000 FLAT,GUARANTEED BY NOON 000000|005000 FLAT,1,96.0,Other / Uncategorized,Unclassified,none
Gears-Motors Parts 77.5 196 MIN or therof; NOI;,Gears-Motors Parts 77.5 196 MIN or therof; NOI;,1,158.29,Administrative & Service Fees,Third Party Billing,tfidf_fallback
Gears-Motors Parts 77.5 450 MIN or therof; NOI;,Gears-Motors Parts 77.5 450 MIN or therof; NOI;,1,158.29,Administrative & Service Fees,Third Party Billing,tfidf_fallback
Government Agency Fee,Government Agency Fee,1,17.9,Other / Uncategorized,Unclassified,none
Government Tax Nigeria 0,Government Tax Nigeria 0,1,8.59,Taxes & Customs,Sales / General Tax,rule
Grace Discount,Grace Discount,11814,-228506.64,Discounts,Grace Discount,rule
H0 Delivery,H0 Delivery,2,260.0,Accessorial / Delivery Surcharge,Delivery Area Surcharge (DAS),tfidf_fallback
H4 Delivery,H4 Delivery,1,260.0,Accessorial / Delivery Surcharge,Delivery Area Surcharge (DAS),tfidf_fallback
H5 Delivery,H5 Delivery,1,260.0,Accessorial / Delivery Surcharge,Delivery Area Surcharge (DAS),tfidf_fallback
H: 30 IN 156600-3 CLASS 250 FAK 150 128 71.37,H: 30 IN 156600-3 CLASS 250 FAK 150 128 71.37,1,91.35,Other / Uncategorized,Unclassified,none
HALF SIZED PLASTIC SKIDS 100 355 MIN,HALF SIZED PLASTIC SKIDS 100 355 MIN,1,158.29,Other / Uncategorized,Unclassified,none
HANDLI NG CHARGE-TAX -,HANDLI NG CHARGE-TAX -,2,93.48,Taxes & Customs,Sales / General Tax,rule
HANDLING,HANDLING,12,1022.77,Accessorial / Delivery Surcharge,Additional Handling,tfidf_fallback
HANDLING CHARGE- TAX,HANDLING CHARGE- TAX,1,46.74,Taxes & Customs,Sales / General Tax,rule
HANDLING CHARGE- TAX -,HANDLING CHARGE- TAX -,2,93.48,Taxes & Customs,Sales / General Tax,rule
HANDLING CHARGE-TAX -,HANDLING CHARGE-TAX -,1,46.74,Taxes & Customs,Sales / General Tax,rule
HANDLING FEE,HANDLING FEE,1,17.0,Accessorial / Delivery Surcharge,Additional Handling,tfidf_fallback
HANDLING IN,HANDLING IN,30,1550.0,Accessorial / Delivery Surcharge,Additional Handling,tfidf_fallback
HANDLING OUT,HANDLING OUT,35,3150.0,Accessorial / Delivery Surcharge,Additional Handling,tfidf_fallback
HANDLING UNITS,HANDLING UNITS,5,18710.66,Accessorial / Delivery Surcharge,Additional Handling,tfidf_fallback
HANDLING UNITS 1,HANDLING UNITS 1,3,6920.1900000000005,Accessorial / Delivery Surcharge,Additional Handling,tfidf_fallback
HANDLING UNITS 1 OF TYPE OTH NO DESCRIPTION ON BILL OF LADING,HANDLING UNITS 1 OF TYPE OTH NO DESCRIPTION ON BILL OF LADING,1,1740.19,Accessorial / Delivery Surcharge,Additional Handling,tfidf_fallback
HANDLING UNITS 1 OF TYPE SKID,HANDLING UNITS 1 OF TYPE SKID,1,1633.37,Accessorial / Delivery Surcharge,Additional Handling,tfidf_fallback
HANDLING UNITS 1 OF TYPE SKID Notification Prior to Delivery Indv Pcs 1 OTH,HANDLING UNITS 1 OF TYPE SKID Notification Prior to Delivery Indv Pcs 1 OTH,1,10.0,Accessorial / Delivery Surcharge,Additional Handling,tfidf_fallback
HANDLING UNITS 2 OF TYPE SKID,HANDLING UNITS 2 OF TYPE SKID,3,16483.25,Accessorial / Delivery Surcharge,Additional Handling,tfidf_fallback
HANDLING UNITS 7,HANDLING UNITS 7,1,6840.68,Accessorial / Delivery Surcharge,Additional Handling,tfidf_fallback
HANDLING UNITS 9 OF TYPE SKID,HANDLING UNITS 9 OF TYPE SKID,1,11955.72,Accessorial / Delivery Surcharge,Additional Handling,tfidf_fallback
HANDLING UNITS 9 OF TYPE SKID DN 610,HANDLING UNITS 9 OF TYPE SKID DN 610,1,1087.95,Accessorial / Delivery Surcharge,Additional Handling,tfidf_fallback
HARDWARE 100 350 30.08,HARDWARE 100 350 30.08,1,105.28,Other / Uncategorized,Unclassified,none
HARDWARE 100 525 17.70,HARDWARE 100 525 17.70,1,92.93,Other / Uncategorized,Unclassified,none
HARDWARE 50 3965 17.70,HARDWARE 50 3965 17.70,1,701.81,Other / Uncategorized,Unclassified,none
HARDWARE 50 775 17.70,HARDWARE 50 775 17.70,1,137.18,Other / Uncategorized,Unclassified,none
HARDWARE 55 561 17.70,HARDWARE 55 561 17.70,1,99.3,Other / Uncategorized,Unclassified,none
HARDWARE 55 600 17.70,HARDWARE 55 600 17.70,1,106.2,Other / Uncategorized,Unclassified,none
HARDWARE 85 220 MIN,HARDWARE 85 220 MIN,1,158.29,Other / Uncategorized,Unclassified,none
HAZARDOUS CARGO CHARGE HAZ,HAZARDOUS CARGO CHARGE HAZ,3,192.0,Other / Uncategorized,Unclassified,none
HBL + HANDLING,HBL + HANDLING,1,55.0,Accessorial / Delivery Surcharge,Additional Handling,tfidf_fallback
HBL FREIGHT MINIMUM,HBL FREIGHT MINIMUM,1,160.0,Line Haul / Base Transportation,General / Mode Not Specified,rule
HDWE 50 3969 17.70,HDWE 50 3969 17.70,1,702.51,Other / Uncategorized,Unclassified,none
HDWE 50 3975 17.70,HDWE 50 3975 17.70,1,703.58,Other / Uncategorized,Unclassified,none
HDWR 60 2580 22.31,HDWR 60 2580 22.31,1,575.6,Other / Uncategorized,Unclassified,none
HDWR 65 430 22.31,HDWR 65 430 22.31,1,95.93,Other / Uncategorized,Unclassified,none
HDWR 65 695 30.08,HDWR 65 695 30.08,1,209.06,Other / Uncategorized,Unclassified,none
HDWR 85 240 22.31,HDWR 85 240 22.31,1,53.54,Other / Uncategorized,Unclassified,none
HDWR 92.5 190 22;31,HDWR 92.5 190 22;31,1,42.39,Other / Uncategorized,Unclassified,none
HDWR 92.5 296 MIN,HDWR 92.5 296 MIN,1,158.29,Other / Uncategorized,Unclassified,none
HIGH COST DELIVERY SURCHARGE HCDS,HIGH COST DELIVERY SURCHARGE HCDS,7,426.0,Accessorial / Delivery Surcharge,Delivery Area Surcharge (DAS),tfidf_fallback
HIGH COST SERVICE AREA - CHICAGO,HIGH COST SERVICE AREA - CHICAGO,1,35.0,Accessorial / Delivery Surcharge,Delivery Area Surcharge (DAS),tfidf_fallback
HM3209223,HM3209223,1,890.91,Other / Uncategorized,Unclassified,none
HMS US-CANADA BORDER CROSSING,HMS US-CANADA BORDER CROSSING,6,256.25,Other / Uncategorized,Unclassified,none
HOUSE BILL FREIGHT,HOUSE BILL FREIGHT,4,53486.25,Line Haul / Base Transportation,General / Mode Not Specified,rule
HOUSE BILL FREIGHT USD,HOUSE BILL FREIGHT USD,1,7500.0,Line Haul / Base Transportation,General / Mode Not Specified,rule
HSC reporting,HSC reporting,1,5.93,Other / Uncategorized,Unclassified,none
HST,HST,15,280.02,Taxes & Customs,GST / HST,rule
HST (ON) @ 13%,HST (ON) @ 13%,2,12.35,Taxes & Customs,GST / HST,rule
HST on Disb/Ancillary Service Fees,HST on Disb/Ancillary Service Fees,3,11.48,Taxes & Customs,GST / HST,rule
HVAC ASSEMBLY 70 480 MIN COMPONENTS/VALVE,HVAC ASSEMBLY 70 480 MIN COMPONENTS/VALVE,1,118.25,Other / Uncategorized,Unclassified,none
HVAC COMPONENTS/VALVE ASSEMBLY 70 585 21.71,HVAC COMPONENTS/VALVE ASSEMBLY 70 585 21.71,1,127.0,Other / Uncategorized,Unclassified,none
Handling,Handling,4,272.79999999999995,Accessorial / Delivery Surcharge,Additional Handling,tfidf_fallback
Handling - Export,Handling - Export,2,136.23000000000002,Line Haul / Base Transportation,International / Export / Import Freight,rule
Handling Fee,Handling Fee,21,1827.79,Accessorial / Delivery Surcharge,Additional Handling,tfidf_fallback
Handling Fee (Air Export),Handling Fee (Air Export),3,477.0,Line Haul / Base Transportation,International / Export / Import Freight,rule
Handling Import,Handling Import,2,130.0,Line Haul / Base Transportation,International / Export / Import Freight,rule
Handling Z,Handling Z,1,39.0,Accessorial / Delivery Surcharge,Additional Handling,tfidf_fallback
Handling charges,Handling charges,5,840.0,Accessorial / Delivery Surcharge,Additional Handling,tfidf_fallback
Handling charges 0,Handling charges 0,3,247.5,Accessorial / Delivery Surcharge,Additional Handling,tfidf_fallback
Handling charges cold chain 2-8 0,Handling charges cold chain 2-8 0,2,193.8,Accessorial / Delivery Surcharge,Additional Handling,tfidf_fallback
Handling charges cold chain 2-8 ,Handling charges cold chain 2-8 ,1,100.0,Accessorial / Delivery Surcharge,Additional Handling,tfidf_fallback
Handling charges ,Handling charges ,3,276.3,Accessorial / Delivery Surcharge,Additional Handling,tfidf_fallback
Handling/Handoven Fee - Import,Handling/Handoven Fee - Import,2,190.0,Line Haul / Base Transportation,International / Export / Import Freight,rule
Hazardous Material,Hazardous Material,6,343.5,Other / Uncategorized,Unclassified,none
Hold & Notify,Hold & Notify,1,3.49,Other / Uncategorized,Unclassified,none
Holiday,Holiday,32,1087.58,Accessorial / Delivery Surcharge,Saturday / After Hours / Holiday,rule
Homeland Security Fee,Homeland Security Fee,3,150.0,Accessorial / Delivery Surcharge,Security Surcharge,tfidf_fallback
Hospital DL,Hospital DL,1,30.0,Other / Uncategorized,Unclassified,none
I CKUP E,I CKUP E,1,69.29,Administrative & Service Fees,Pickup Service,tfidf_fallback
I SS E,I SS E,5,541.8,Other / Uncategorized,Unclassified,none
IMO2020 Surcharge,IMO2020 Surcharge,1,21.39,Accessorial / Delivery Surcharge,Demand / Peak Surcharge,tfidf_fallback
IMP STORAGE CHARGES,IMP STORAGE CHARGES,1,27.22,Administrative & Service Fees,Package Handling / Storage,rule
IMP/A TERMINAL CHGS,IMP/A TERMINAL CHGS,1,225.0,Other / Uncategorized,Unclassified,none
IMP/A TERMINAL HNDLG,IMP/A TERMINAL HNDLG,18,2700.0,Other / Uncategorized,Unclassified,none
IMPFEE IMPORT FEES,IMPFEE IMPORT FEES,4,813.0,Taxes & Customs,Duty & Import Tax,rule
IMPORT CLEARANCE,IMPORT CLEARANCE,1,77.0,Line Haul / Base Transportation,International / Export / Import Freight,rule
IMPORT SERVICE FEE,IMPORT SERVICE FEE,19,2479.35,Line Haul / Base Transportation,International / Export / Import Freight,rule
IMPT IMPORT FEES,IMPT IMPORT FEES,1,250.0,Taxes & Customs,Duty & Import Tax,rule
IMPT IMPORT FEES 252.0000,IMPT IMPORT FEES 252.0000,1,252.0,Taxes & Customs,Duty & Import Tax,rule
INBOUND COLLECT SURCHARGE,INBOUND COLLECT SURCHARGE,1,10.13,Accessorial / Delivery Surcharge,Demand / Peak Surcharge,tfidf_fallback
INSIDE DELIVERY IDEL,INSIDE DELIVERY IDEL,4,740.0,Accessorial / Delivery Surcharge,Delivery Area Surcharge (DAS),tfidf_fallback
INSPECTION,INSPECTION,1,40.0,Fuel Surcharge,Fuel Surcharge Correction,tfidf_fallback
INSPECTION FEE INSP,INSPECTION FEE INSP,2,104.0,Fuel Surcharge,Fuel Surcharge Correction,tfidf_fallback
INSPECTION ,INSPECTION ,1,40.0,Fuel Surcharge,Fuel Surcharge Correction,tfidf_fallback
INSTAPAK 156240 60 5196 6.85,INSTAPAK 156240 60 5196 6.85,2,711.86,Other / Uncategorized,Unclassified,none
INSTAPAK 60 5196 6.85,INSTAPAK 60 5196 6.85,1,355.93,Other / Uncategorized,Unclassified,none
ISF FEE,ISF FEE,5,175.0,Other / Uncategorized,Unclassified,none
ISPS + EQUIP. INSP.,ISPS + EQUIP. INSP.,1,60.0,Other / Uncategorized,Unclassified,none
ISS,ISS,33,1749.58,Other / Uncategorized,Unclassified,none
ISS E,ISS E,1,47.1,Other / Uncategorized,Unclassified,none
IT 29275.4 KDF KNOCKED DOWN FOLDED,IT 29275.4 KDF KNOCKED DOWN FOLDED,1,264.24,Other / Uncategorized,Unclassified,none
IT#061130 S3 DIGITAL CABLE MODEMS,IT#061130 S3 DIGITAL CABLE MODEMS,1,162.03,Other / Uncategorized,Unclassified,none
IT-62070-1 CL70 1@32X24X191@32X24X13 70 746 29.65,IT-62070-1 CL70 1@32X24X191@32X24X13 70 746 29.65,1,221.19,Other / Uncategorized,Unclassified,none
IT-62070-1 CL70 32X24X13 70 351 37.20,IT-62070-1 CL70 32X24X13 70 351 37.20,1,130.57,Other / Uncategorized,Unclassified,none
IT-62070-1 CL70 32X24X16 70 368 MIN,IT-62070-1 CL70 32X24X16 70 368 MIN,1,173.02,Other / Uncategorized,Unclassified,none
IT116030 MACHINES,IT116030 MACHINES,1,384.0,Other / Uncategorized,Unclassified,none
IT30310 CABLE OR WIRE,IT30310 CABLE OR WIRE,1,251.99,Other / Uncategorized,Unclassified,none
ITEM 030310 SUB : 2 CABLE OR WIRE,ITEM 030310 SUB : 2 CABLE OR WIRE,1,275.42,Other / Uncategorized,Unclassified,none
ITEM 056590-03 (CL250) CLASS 250.0 48.0 X 40.0 X 24.0 (EX175) 79 EX175 54826,ITEM 056590-03 (CL250) CLASS 250.0 48.0 X 40.0 X 24.0 (EX175) 79 EX175 54826,1,433.13,Other / Uncategorized,Unclassified,none
ITEM 056590-04 (CL175) CLASS 175.0 48.0 X 40.0 X 64.0 (EX175) 356 EX175 90631,ITEM 056590-04 (CL175) CLASS 175.0 48.0 X 40.0 X 64.0 (EX175) 356 EX175 90631,1,3226.46,Other / Uncategorized,Unclassified,none
ITEM 056590-04 (CL175) CLASS 175.0 48.0 X 42.0 X 50.0 (EX175) 271 EX175 90631,ITEM 056590-04 (CL175) CLASS 175.0 48.0 X 42.0 X 50.0 (EX175) 271 EX175 90631,1,2456.1,Other / Uncategorized,Unclassified,none
ITEM 056590-04 (CL175) CLASS 175.0 48.0 X 42.0 X 51.0 (EX175) 252 EX175 78587,ITEM 056590-04 (CL175) CLASS 175.0 48.0 X 42.0 X 51.0 (EX175) 252 EX175 78587,1,1980.39,Other / Uncategorized,Unclassified,none
ITEM 056590-04 (CL175) CLASS 175.0 48.0 X 42.0 X 52.0 (EX175) 293 EX175 57337,ITEM 056590-04 (CL175) CLASS 175.0 48.0 X 42.0 X 52.0 (EX175) 293 EX175 57337,1,1679.97,Other / Uncategorized,Unclassified,none
ITEM 056590-04 (CL175) CLASS 175.0 48.0 X 42.0 X 66.0 (EX175) 371 EX175 56272,ITEM 056590-04 (CL175) CLASS 175.0 48.0 X 42.0 X 66.0 (EX175) 371 EX175 56272,1,2087.69,Other / Uncategorized,Unclassified,none
ITEM 056590-05 (CL125) CLASS 125.0 (EX175) 226 EX175 62092,ITEM 056590-05 (CL125) CLASS 125.0 (EX175) 226 EX175 62092,1,1403.28,Other / Uncategorized,Unclassified,none
ITEM 116030 SUB : 4 MACHINE SYSTEM,ITEM 116030 SUB : 4 MACHINE SYSTEM,1,168.85,Other / Uncategorized,Unclassified,none
ITEM 116030 SUB : 4 MACHINES,ITEM 116030 SUB : 4 MACHINES,7,1959.51,Other / Uncategorized,Unclassified,none
ITEM 116030 SUB : 4 MACHINES SYSTEMS,ITEM 116030 SUB : 4 MACHINES SYSTEMS,3,1096.96,Other / Uncategorized,Unclassified,none
ITEM 116030 SUB : 4 MACHINES SYSTEMS ORC100 ;,ITEM 116030 SUB : 4 MACHINES SYSTEMS ORC100 ;,1,391.47,Other / Uncategorized,Unclassified,none
ITEM 116030 SUB : 7 EQUIPMENT,ITEM 116030 SUB : 7 EQUIPMENT,1,200.62,Administrative & Service Fees,Disbursement Fee,tfidf_fallback
ITEM 116030 SUB : 7 TELEPHONE,ITEM 116030 SUB : 7 TELEPHONE,1,234.69,Other / Uncategorized,Unclassified,none
"ITEM 116030 SUB:4 SYSTEMS,MACHINES","ITEM 116030 SUB:4 SYSTEMS,MACHINES",1,350.79,Other / Uncategorized,Unclassified,none
ITEM 161870 PRINTED,ITEM 161870 PRINTED,1,237.65,Administrative & Service Fees,Returns / Print Label Fee,tfidf_fallback
ITM 290;101 APPLIES PER PYLE RULES TARF 85 4682 45.57,ITM 290;101 APPLIES PER PYLE RULES TARF 85 4682 45.57,1,2133.59,Other / Uncategorized,Unclassified,none
ITM 290;101 APPLIES PER PYLE RULES TARF 85 5104 45.57,ITM 290;101 APPLIES PER PYLE RULES TARF 85 5104 45.57,1,2325.89,Other / Uncategorized,Unclassified,none
IVA,IVA,1,16.98,Other / Uncategorized,Unclassified,none
Import Customs Clearance,Import Customs Clearance,4,185.12,Taxes & Customs,Customs / Brokerage,rule
Import Customs Clearance - Base Rate EUR 51;56,Import Customs Clearance - Base Rate EUR 51;56,1,51.56,Taxes & Customs,Customs / Brokerage,rule
Import Customs Clearance Base Rate EUR,Import Customs Clearance Base Rate EUR,3,122.0,Taxes & Customs,Customs / Brokerage,rule
Import Customs Clearance Base Rate EUR 51;56,Import Customs Clearance Base Rate EUR 51;56,1,51.56,Taxes & Customs,Customs / Brokerage,rule
Import Customs Clearance ,Import Customs Clearance ,1,51.56,Taxes & Customs,Customs / Brokerage,rule
Import Duties,Import Duties,2,13422.45,Taxes & Customs,Duty & Import Tax,rule
Import Electronic Seal FCL,Import Electronic Seal FCL,2,50.0,Line Haul / Base Transportation,International / Export / Import Freight,rule
Import Electronic Seal LCL,Import Electronic Seal LCL,1,25.0,Line Haul / Base Transportation,International / Export / Import Freight,rule
Import duties,Import duties,25,76761.81,Taxes & Customs,Duty & Import Tax,rule
In & Out Charge,In & Out Charge,1,2241.78,Accessorial / Delivery Surcharge,Demand / Peak Surcharge,tfidf_fallback
India KA CGST,India KA CGST,1,0.76,Taxes & Customs,GST / HST,tfidf_fallback
India KA SGST,India KA SGST,1,0.76,Taxes & Customs,GST / HST,tfidf_fallback
Individual Formal Entry,Individual Formal Entry,2,60.03,Other / Uncategorized,Unclassified,none
Indv Pcs 1,Indv Pcs 1,1,417.58,Other / Uncategorized,Unclassified,none
Inklaringsafhandeling ,Inklaringsafhandeling ,1,65.0,Accessorial / Delivery Surcharge,Additional Handling,tfidf_fallback
Inklaringstoeslag,Inklaringstoeslag,5,22.049999999999997,Other / Uncategorized,Unclassified,none
Inland/Linehaul/Haulage vilnius - Hamburg,Inland/Linehaul/Haulage vilnius - Hamburg,1,1181.23,Other / Uncategorized,Unclassified,none
Inside DL,Inside DL,1,30.0,Other / Uncategorized,Unclassified,none
Inside PU,Inside PU,1,58.6,Other / Uncategorized,Unclassified,none
Inspection,Inspection,1,6.17,Fuel Surcharge,Fuel Surcharge Correction,tfidf_fallback
Insured Value/Bond Amount,Insured Value/Bond Amount,2,1356.9299999999998,Administrative & Service Fees,Declared Value / Insurance,tfidf_fallback
International Air,International Air,2,1683.36,Fuel Surcharge,International Fuel Surcharge,tfidf_fallback
International Air Freight,International Air Freight,12,25038.12,Line Haul / Base Transportation,Air Freight,rule
International Documents  Preparation,International Documents  Preparation,1,75.0,Administrative & Service Fees,Document Fee,tfidf_fallback
International Documents Preparation,International Documents Preparation,9,675.0,Administrative & Service Fees,Document Fee,rule
International Freight,International Freight,30,85896.93000000001,Line Haul / Base Transportation,International / Export / Import Freight,rule
International Processing,International Processing,13,45.5,Taxes & Customs,Customs / Brokerage,rule
International Processing Fee,International Processing Fee,58,145.0,Taxes & Customs,Customs / Brokerage,rule
Internationale verwerkingskosten,Internationale verwerkingskosten,26,30.419999999999998,Taxes & Customs,Customs / Brokerage,rule
Kosten service klantoplossing,Kosten service klantoplossing,2,82.5,Taxes & Customs,Customs / Brokerage,tfidf_fallback
LABEL SPOOL CONES 70 90 MIN,LABEL SPOOL CONES 70 90 MIN,1,118.25,Administrative & Service Fees,Returns / Print Label Fee,tfidf_fallback
LABELS,LABELS,1,139.91,Administrative & Service Fees,Returns / Print Label Fee,tfidf_fallback
LAYOVER FEE,LAYOVER FEE,1,4950.0,Other / Uncategorized,Unclassified,none
LEGES,LEGES,2,35.4,Other / Uncategorized,Unclassified,none
LEGES KVK bh3j2648m7,LEGES KVK bh3j2648m7,1,17.7,Other / Uncategorized,Unclassified,none
LICENSE PREPARATION,LICENSE PREPARATION,1,60.0,Administrative & Service Fees,Document Fee,tfidf_fallback
LICENSE PREPARATION ,LICENSE PREPARATION ,1,70.0,Administrative & Service Fees,Document Fee,tfidf_fallback
LICENSE PREPARATIONÂ ,LICENSE PREPARATIONÂ ,1,30.0,Administrative & Service Fees,Document Fee,tfidf_fallback
LIFT ON LIFT OFF,LIFT ON LIFT OFF,1,52.0,Other / Uncategorized,Unclassified,none
LIFTGATE CHARGE,LIFTGATE CHARGE,2,50.0,Accessorial / Delivery Surcharge,Additional Handling,rule
LIFTGATE CHARGE GENERAL LEDGER# 137-2686-64420 P o # V01s00006469081 P o # V01s00006468924 R+L INV 2798672132601 BOL READS SOLUTIONS,LIFTGATE CHARGE GENERAL LEDGER# 137-2686-64420 P o # V01s00006469081 P o # V01s00006468924 R+L INV 2798672132601 BOL READS SOLUTIONS,1,25.0,Accessorial / Delivery Surcharge,Additional Handling,rule
LIFTGATE CHARGE GENERAL LEDGER# ,LIFTGATE CHARGE GENERAL LEDGER# ,1,25.0,Accessorial / Delivery Surcharge,Additional Handling,rule
LIFTGATE DELIVERY CHARGE,LIFTGATE DELIVERY CHARGE,2,-7066.76,Accessorial / Delivery Surcharge,Additional Handling,rule
LIFTGATE FEE ,LIFTGATE FEE ,1,25.0,Accessorial / Delivery Surcharge,Additional Handling,rule
LIFTGATE SVCDEST,LIFTGATE SVCDEST,1,64.63,Accessorial / Delivery Surcharge,Additional Handling,rule
LIMITED ACCESS DELIVERY LAD,LIMITED ACCESS DELIVERY LAD,7,525.0,Accessorial / Delivery Surcharge,Delivery Area Surcharge (DAS),tfidf_fallback
LINEHAUL,LINEHAUL,1,1138.95,Line Haul / Base Transportation,General / Mode Not Specified,tfidf_fallback
LIne Haul,LIne Haul,1,1933.58,Line Haul / Base Transportation,General / Mode Not Specified,rule
LOADING,LOADING,1,95.0,Other / Uncategorized,Unclassified,none
LTD ACCESS DELIVERY,LTD ACCESS DELIVERY,1,48.34,Accessorial / Delivery Surcharge,Delivery Area Surcharge (DAS),tfidf_fallback
LTL Fuel Surcharge,LTL Fuel Surcharge,1,-19.58,Fuel Surcharge,Domestic Fuel Surcharge,rule
Laadklep,Laadklep,1,75.0,Other / Uncategorized,Unclassified,none
Laptop 16x16x4,Laptop 16x16x4,5,111.05000000000001,Other / Uncategorized,Unclassified,none
Laptop 21x16x5,Laptop 21x16x5,19,516.99,Other / Uncategorized,Unclassified,none
Large Package Surcharge - Length + Girth,Large Package Surcharge - Length + Girth,16,6157.0,Accessorial / Delivery Surcharge,Demand / Peak Surcharge,tfidf_fallback
Large Package Surcharge Comm - Cubic Volume,Large Package Surcharge Comm - Cubic Volume,3,765.0,Accessorial / Delivery Surcharge,Demand / Peak Surcharge,tfidf_fallback
Large Package Surcharge Comm - Length,Large Package Surcharge Comm - Length,20,4390.0,Accessorial / Delivery Surcharge,Demand / Peak Surcharge,tfidf_fallback
Large Package Surcharge Comm - Weight,Large Package Surcharge Comm - Weight,1,286.0,Accessorial / Delivery Surcharge,Demand / Peak Surcharge,tfidf_fallback
Late Fee,Late Fee,1,400.68,Other / Uncategorized,Unclassified,none
Late Payment Fee,Late Payment Fee,11,2516.28,Administrative & Service Fees,Document Fee,tfidf_fallback
Less Than Container Freight (LCL),Less Than Container Freight (LCL),1,344.66,Line Haul / Base Transportation,General / Mode Not Specified,rule
Lifeguard Service,Lifeguard Service,1,105.0,Other / Uncategorized,Unclassified,none
Lifeguard Service (United Airlines),Lifeguard Service (United Airlines),34,3570.0,Other / Uncategorized,Unclassified,none
Lift Gate Delivery,Lift Gate Delivery,4,195.0,Accessorial / Delivery Surcharge,Delivery Area Surcharge (DAS),tfidf_fallback
Lift Gate Delivery 1 Each $65.00,Lift Gate Delivery 1 Each $65.00,1,65.0,Accessorial / Delivery Surcharge,Delivery Area Surcharge (DAS),tfidf_fallback
Liftgate DL,Liftgate DL,1,50.0,Accessorial / Delivery Surcharge,Additional Handling,rule
Liftgate PU,Liftgate PU,1,50.0,Accessorial / Delivery Surcharge,Additional Handling,rule
Line Haul,Line Haul,767,1092241.19,Line Haul / Base Transportation,General / Mode Not Specified,rule
Line haul,Line haul,1,128.0,Line Haul / Base Transportation,General / Mode Not Specified,rule
Linehaul,Linehaul,181,164278.0,Line Haul / Base Transportation,General / Mode Not Specified,tfidf_fallback
Long Distance Surcharge,Long Distance Surcharge,2,468.34000000000003,Accessorial / Delivery Surcharge,Demand / Peak Surcharge,tfidf_fallback
MACHINE,MACHINE,1,245.11,Other / Uncategorized,Unclassified,none
MACHINE EQUIPMENT,MACHINE EQUIPMENT,1,6681.54,Administrative & Service Fees,Disbursement Fee,tfidf_fallback
MACHINES; NMFC# 116030-4,MACHINES; NMFC# 116030-4,1,219.69,Other / Uncategorized,Unclassified,none
MACHINES; SYSTEMS OR DEVICES; DATA PROCESSING; OR COMPONENTS; PARTS OR PERIPHERALS THEREOF NMFC# 116030,MACHINES; SYSTEMS OR DEVICES; DATA PROCESSING; OR COMPONENTS; PARTS OR PERIPHERALS THEREOF NMFC# 116030,2,512.91,Taxes & Customs,Customs / Brokerage,tfidf_fallback
MANIFEST,MANIFEST,1,15.0,Taxes & Customs,GST / HST,tfidf_fallback
MANIFEST FEE,MANIFEST FEE,6,216.31,Other / Uncategorized,Unclassified,none
MARKING OR TAGGING CHRG AT DESTN TAGD,MARKING OR TAGGING CHRG AT DESTN TAGD,3,370.0,Other / Uncategorized,Unclassified,none
MCADJ ADJ CONTRACT MINIMUM REACHED,MCADJ ADJ CONTRACT MINIMUM REACHED,1,2.88,Other / Uncategorized,Unclassified,none
MCADJ CONTRACT MINIMUM REACHED ADJ,MCADJ CONTRACT MINIMUM REACHED ADJ,1,5.66,Other / Uncategorized,Unclassified,none
MEDICAL DEVICES CLASS 125.0 48.0 X 40.0 X 42.0 (EX175) 181 EX175 32607,MEDICAL DEVICES CLASS 125.0 48.0 X 40.0 X 42.0 (EX175) 181 EX175 32607,1,590.19,Other / Uncategorized,Unclassified,none
MEDICAL DEVICES CLASS 175.0 (EX175) 184 EX175 21592,MEDICAL DEVICES CLASS 175.0 (EX175) 184 EX175 21592,1,397.29,Other / Uncategorized,Unclassified,none
MEDICAL DEVICES CLASS 175.0 (EX175) 326 EX175 25535,MEDICAL DEVICES CLASS 175.0 (EX175) 326 EX175 25535,1,832.44,Other / Uncategorized,Unclassified,none
MEDICAL DEVICES CLASS 175.0 48.0 X 1.0 X 1.0 (EX175) 488 EX175 21592,MEDICAL DEVICES CLASS 175.0 48.0 X 1.0 X 1.0 (EX175) 488 EX175 21592,1,1053.69,Other / Uncategorized,Unclassified,none
MEDICAL DEVICES CLASS 175.0 48.0 X 42.0 X 50.0 (EX175) 296 EX175 51808,MEDICAL DEVICES CLASS 175.0 48.0 X 42.0 X 50.0 (EX175) 296 EX175 51808,1,1533.52,Other / Uncategorized,Unclassified,none
MEDICAL DEVICES CLASS 175.0 48.0 X 42.0 X 61.0 658 14745,MEDICAL DEVICES CLASS 175.0 48.0 X 42.0 X 61.0 658 14745,1,970.22,Other / Uncategorized,Unclassified,none
MEDICAL DEVICES CLASS 175.0 48.0 X 42.0 X 62.0 (EX175) 408 EX175 77040,MEDICAL DEVICES CLASS 175.0 48.0 X 42.0 X 62.0 (EX175) 408 EX175 77040,1,3143.23,Other / Uncategorized,Unclassified,none
MEDICAL DEVICES CLASS 92;5 51.0 X 1.0 X 1.0 545 13695,MEDICAL DEVICES CLASS 92;5 51.0 X 1.0 X 1.0 545 13695,1,746.38,Other / Uncategorized,Unclassified,none
MEDICAL DEVICES NMFC 056590 CLASS 100.0 48.0 X 40.0 X 27.0 122 32391,MEDICAL DEVICES NMFC 056590 CLASS 100.0 48.0 X 40.0 X 27.0 122 32391,1,395.17,Other / Uncategorized,Unclassified,none
MEDICAL DEVICES NMFC 056590 CLASS 200.0 48.0 X 42.0 X 50.0 281 76639,MEDICAL DEVICES NMFC 056590 CLASS 200.0 48.0 X 42.0 X 50.0 281 76639,1,2153.56,Other / Uncategorized,Unclassified,none
MEDICAL SUPPLIES,MEDICAL SUPPLIES,2,2504.99,Other / Uncategorized,Unclassified,none
MEDICAL SUPPLIES 9880 Flat rate 1 1435.00,MEDICAL SUPPLIES 9880 Flat rate 1 1435.00,1,1435.0,Other / Uncategorized,Unclassified,none
METAL PARTS 50 2187 16.18,METAL PARTS 50 2187 16.18,1,353.86,Administrative & Service Fees,Third Party Billing,tfidf_fallback
METAL PARTS 70 1041 19.27,METAL PARTS 70 1041 19.27,1,200.6,Administrative & Service Fees,Third Party Billing,tfidf_fallback
METAL PRODUCTS 50 1182 20.54,METAL PRODUCTS 50 1182 20.54,1,242.78,Other / Uncategorized,Unclassified,none
METAL PRODUCTS 50 2902 17.31,METAL PRODUCTS 50 2902 17.31,1,502.34,Other / Uncategorized,Unclassified,none
METAL PRODUCTS 50 430 26.77,METAL PRODUCTS 50 430 26.77,1,115.11,Other / Uncategorized,Unclassified,none
METAL STAMPING 50 1000 MIN,METAL STAMPING 50 1000 MIN,1,118.25,Other / Uncategorized,Unclassified,none
METAL STAMPING 50 650 MIN,METAL STAMPING 50 650 MIN,1,118.25,Other / Uncategorized,Unclassified,none
METAL STAMPINGS 50 1000 MIN,METAL STAMPINGS 50 1000 MIN,2,236.5,Other / Uncategorized,Unclassified,none
METAL STAMPINGS 50 300 MIN,METAL STAMPINGS 50 300 MIN,1,118.25,Other / Uncategorized,Unclassified,none
METAL STAMPINGS 50 350 MIN,METAL STAMPINGS 50 350 MIN,1,118.25,Other / Uncategorized,Unclassified,none
METAL STAMPINGS 50 485 MIN,METAL STAMPINGS 50 485 MIN,1,118.25,Other / Uncategorized,Unclassified,none
METAL STAMPINGS 50 600 MIN,METAL STAMPINGS 50 600 MIN,1,118.25,Other / Uncategorized,Unclassified,none
METAL STAMPINGS 50 650 11.07,METAL STAMPINGS 50 650 11.07,1,71.96,Other / Uncategorized,Unclassified,none
METAL STAMPINGS 50 700 MIN,METAL STAMPINGS 50 700 MIN,2,236.5,Other / Uncategorized,Unclassified,none
METAL STAMPINGS 50 815 MIN,METAL STAMPINGS 50 815 MIN,1,118.25,Other / Uncategorized,Unclassified,none
METAL STAMPINGS 50 820 11.07,METAL STAMPINGS 50 820 11.07,1,90.77,Other / Uncategorized,Unclassified,none
MILE MILEAGE 2.000 2.5000,MILE MILEAGE 2.000 2.5000,1,5.0,Accessorial / Delivery Surcharge,Wait Time / Mileage / Toll,tfidf_fallback
MILE MILEAGE 82.000 2.5000,MILE MILEAGE 82.000 2.5000,1,205.0,Accessorial / Delivery Surcharge,Wait Time / Mileage / Toll,tfidf_fallback
MILIEU BIJDRAGE,MILIEU BIJDRAGE,6,15.0,Administrative & Service Fees,Package Handling / Storage,tfidf_fallback
MINIMUM REACHED CONTRACT MCADJ ADJ,MINIMUM REACHED CONTRACT MCADJ ADJ,1,124.19,Other / Uncategorized,Unclassified,none
MISCELLANEOUS BILLING,MISCELLANEOUS BILLING,3,495.0,Administrative & Service Fees,Third Party Billing,tfidf_fallback
MOBILITY PACKAGE,MOBILITY PACKAGE,3,6.129999999999999,Administrative & Service Fees,Package Handling / Storage,tfidf_fallback
MObLITY PACKAGE,MObLITY PACKAGE,1,2.07,Administrative & Service Fees,Package Handling / Storage,tfidf_fallback
MX BROKERAGE FEE-A,MX BROKERAGE FEE-A,1,95.0,Taxes & Customs,Customs / Brokerage,rule
Mailr Smart 10.5x15,Mailr Smart 10.5x15,3,13.739999999999998,Other / Uncategorized,Unclassified,none
Mailr Smart 12.5x18,Mailr Smart 12.5x18,1,17.94,Other / Uncategorized,Unclassified,none
MailrRyc 8.25x11 1Ct,MailrRyc 8.25x11 1Ct,1,2.29,Other / Uncategorized,Unclassified,none
Malr Smrt 14.25 X 19.25,Malr Smrt 14.25 X 19.25,1,6.98,Other / Uncategorized,Unclassified,none
Manifest AMS (Automated System),Manifest AMS (Automated System),2,70.0,Other / Uncategorized,Unclassified,none
Manitoba PST,Manitoba PST,2,10.12,Taxes & Customs,GST / HST,tfidf_fallback
Merchandise Processing Fee,Merchandise Processing Fee,19,815.06,Taxes & Customs,Customs / Brokerage,tfidf_fallback
Metro,Metro,6,89.95,Other / Uncategorized,Unclassified,none
Metro 1 Each $10.00,Metro 1 Each $10.00,2,20.0,Other / Uncategorized,Unclassified,none
Metro 1 Each $23.95,Metro 1 Each $23.95,1,23.95,Other / Uncategorized,Unclassified,none
Mexico IVA Freight,Mexico IVA Freight,1,18.41,Line Haul / Base Transportation,General / Mode Not Specified,rule
Minimum Charge,Minimum Charge,33,16177.83,Accessorial / Delivery Surcharge,Demand / Peak Surcharge,tfidf_fallback
Minimum Charge Minimum charge based on 341 miles,Minimum Charge Minimum charge based on 341 miles,1,195.0,Line Haul / Base Transportation,General / Mode Not Specified,tfidf_fallback
Minimum Charge Minimum charge based on 665 miles,Minimum Charge Minimum charge based on 665 miles,1,165.0,Line Haul / Base Transportation,General / Mode Not Specified,tfidf_fallback
Minumum Charge,Minumum Charge,3,582.0,Accessorial / Delivery Surcharge,Demand / Peak Surcharge,tfidf_fallback
Missing/Invalid Acct No.,Missing/Invalid Acct No.,8,202.0,Other / Uncategorized,Unclassified,none
Monitor 24x18x18,Monitor 24x18x18,1,24.21,Other / Uncategorized,Unclassified,none
NEW YORK CITY METRO DELIVERY NYCMD,NEW YORK CITY METRO DELIVERY NYCMD,6,354.0,Accessorial / Delivery Surcharge,Delivery Area Surcharge (DAS),tfidf_fallback
NEW YORK ISLAND DELIVERY NYILD,NEW YORK ISLAND DELIVERY NYILD,1,59.0,Accessorial / Delivery Surcharge,Delivery Area Surcharge (DAS),tfidf_fallback
NL-Buit,NL-Buit,1,1.05,Other / Uncategorized,Unclassified,none
NMFC 013120-06 100 535 29.04,NMFC 013120-06 100 535 29.04,1,155.36,Other / Uncategorized,Unclassified,none
NMFC 013120-07 Aluminum 92.5 466 MIN Articles;,NMFC 013120-07 Aluminum 92.5 466 MIN Articles;,1,118.25,Other / Uncategorized,Unclassified,none
NMFC 013120-07 Aluminum 92.5 480 MIN Articles;,NMFC 013120-07 Aluminum 92.5 480 MIN Articles;,1,118.25,Other / Uncategorized,Unclassified,none
NMFC 013120-08 Aluminum Articles; 85 233 MIN,NMFC 013120-08 Aluminum Articles; 85 233 MIN,1,118.25,Other / Uncategorized,Unclassified,none
NMFC 029785-03 250 175 MIN,NMFC 029785-03 250 175 MIN,1,158.29,Other / Uncategorized,Unclassified,none
NMFC 029785-03 250 285 42.13,NMFC 029785-03 250 285 42.13,1,120.07,Other / Uncategorized,Unclassified,none
NMFC 029785-03 BOXES; FIBREBOARD; o * 250 112 MIN,NMFC 029785-03 BOXES; FIBREBOARD; o * 250 112 MIN,1,118.25,Other / Uncategorized,Unclassified,none
NMFC 029785-04 O * 175 450 36.04 BOXES; FIBREBOARD;,NMFC 029785-04 O * 175 450 36.04 BOXES; FIBREBOARD;,1,162.18,Other / Uncategorized,Unclassified,none
NMFC 029785-05 O * 125 250 MIN BOXES; FIBREBOARD;,NMFC 029785-05 O * 125 250 MIN BOXES; FIBREBOARD;,1,118.25,Other / Uncategorized,Unclassified,none
NMFC 051080- 60 60 MIN Faucets; Bibcocks;,NMFC 051080- 60 60 MIN Faucets; Bibcocks;,1,118.25,Other / Uncategorized,Unclassified,none
NMFC 051080- 70 282 MIN Faucets; Bibcocks;,NMFC 051080- 70 282 MIN Faucets; Bibcocks;,1,158.29,Other / Uncategorized,Unclassified,none
NMFC 051080-03 Faucets; Bibcocks; 70 445 MIN,NMFC 051080-03 Faucets; Bibcocks; 70 445 MIN,1,158.29,Other / Uncategorized,Unclassified,none
NMFC 051080-05 70 100 MIN Faucets; Bibcocks;,NMFC 051080-05 70 100 MIN Faucets; Bibcocks;,1,173.02,Other / Uncategorized,Unclassified,none
NMFC 051080-05 70 100 MIN Faucets; Bibcocks; ...,NMFC 051080-05 70 100 MIN Faucets; Bibcocks; ...,1,173.02,Other / Uncategorized,Unclassified,none
NMFC 051080-05 70 105 MIN Faucets; Bibcocks;,NMFC 051080-05 70 105 MIN Faucets; Bibcocks;,3,474.87,Other / Uncategorized,Unclassified,none
NMFC 051080-05 70 110 MIN Faucets; Bibcocks;,NMFC 051080-05 70 110 MIN Faucets; Bibcocks;,3,474.25,Other / Uncategorized,Unclassified,none
NMFC 051080-05 70 115 MIN Faucets; Bibcocks;,NMFC 051080-05 70 115 MIN Faucets; Bibcocks;,1,158.29,Other / Uncategorized,Unclassified,none
NMFC 051080-05 70 119 MIN Faucets; Bibcocks;,NMFC 051080-05 70 119 MIN Faucets; Bibcocks;,1,173.02,Other / Uncategorized,Unclassified,none
NMFC 051080-05 70 120 MIN Faucets; Bibcocks;,NMFC 051080-05 70 120 MIN Faucets; Bibcocks;,2,316.58,Other / Uncategorized,Unclassified,none
NMFC 051080-05 70 124 MIN Faucets; Bibcocks; ...,NMFC 051080-05 70 124 MIN Faucets; Bibcocks; ...,1,118.25,Other / Uncategorized,Unclassified,none
NMFC 051080-05 70 132 MIN Faucets; Bibcocks;,NMFC 051080-05 70 132 MIN Faucets; Bibcocks;,1,158.29,Other / Uncategorized,Unclassified,none
NMFC 051080-05 70 132 MIN Faucets; Bibcocks; ...,NMFC 051080-05 70 132 MIN Faucets; Bibcocks; ...,1,173.02,Other / Uncategorized,Unclassified,none
NMFC 051080-05 70 140 MIN Faucets; Bibcocks;,NMFC 051080-05 70 140 MIN Faucets; Bibcocks;,1,118.25,Other / Uncategorized,Unclassified,none
NMFC 051080-05 70 1416 24.79 Faucets; Bibcocks; ...,NMFC 051080-05 70 1416 24.79 Faucets; Bibcocks; ...,1,351.03,Other / Uncategorized,Unclassified,none
NMFC 051080-05 70 1455 27.83 Faucets; Bibcocks;,NMFC 051080-05 70 1455 27.83 Faucets; Bibcocks;,1,404.93,Other / Uncategorized,Unclassified,none
NMFC 051080-05 70 150 MIN Faucets; Bibcocks;,NMFC 051080-05 70 150 MIN Faucets; Bibcocks;,1,173.02,Other / Uncategorized,Unclassified,none
NMFC 051080-05 70 155 MIN Faucets; Bibcocks;,NMFC 051080-05 70 155 MIN Faucets; Bibcocks;,2,291.27,Other / Uncategorized,Unclassified,none
NMFC 051080-05 70 155 MIN Faucets; Bibcocks; ...,NMFC 051080-05 70 155 MIN Faucets; Bibcocks; ...,1,158.29,Other / Uncategorized,Unclassified,none
NMFC 051080-05 70 160 MIN,NMFC 051080-05 70 160 MIN,1,158.29,Other / Uncategorized,Unclassified,none
NMFC 051080-05 70 160 MIN Faucets; Bibcocks;,NMFC 051080-05 70 160 MIN Faucets; Bibcocks;,5,916.71,Other / Uncategorized,Unclassified,none
NMFC 051080-05 70 160 MIN Faucets; Bibcocks; ...,NMFC 051080-05 70 160 MIN Faucets; Bibcocks; ...,2,316.58,Other / Uncategorized,Unclassified,none
"NMFC 051080-05 70 165 MIN Faucets, Bibcocks, ...","NMFC 051080-05 70 165 MIN Faucets, Bibcocks, ...",1,118.25,Other / Uncategorized,Unclassified,none
NMFC 051080-05 70 165 MIN Faucets; Bibcocks; ...,NMFC 051080-05 70 165 MIN Faucets; Bibcocks; ...,2,316.58,Other / Uncategorized,Unclassified,none
NMFC 051080-05 70 167 MIN Faucets; Bibcocks;,NMFC 051080-05 70 167 MIN Faucets; Bibcocks;,1,173.02,Other / Uncategorized,Unclassified,none
"NMFC 051080-05 70 170 MIN Faucets, Bibcocks, ...","NMFC 051080-05 70 170 MIN Faucets, Bibcocks, ...",1,118.25,Other / Uncategorized,Unclassified,none
NMFC 051080-05 70 170 MIN Faucets; Bibcocks;,NMFC 051080-05 70 170 MIN Faucets; Bibcocks;,1,173.02,Other / Uncategorized,Unclassified,none
"NMFC 051080-05 70 175 MIN Faucets, Bibcocks,","NMFC 051080-05 70 175 MIN Faucets, Bibcocks,",1,173.02,Other / Uncategorized,Unclassified,none
NMFC 051080-05 70 175 MIN Faucets; Bibcocks;,NMFC 051080-05 70 175 MIN Faucets; Bibcocks;,3,449.56,Other / Uncategorized,Unclassified,none
NMFC 051080-05 70 180 MIN Faucets; Bibcocks;,NMFC 051080-05 70 180 MIN Faucets; Bibcocks;,2,276.53999999999996,Other / Uncategorized,Unclassified,none
NMFC 051080-05 70 180 MIN Faucets; Bibcocks; ...,NMFC 051080-05 70 180 MIN Faucets; Bibcocks; ...,2,291.27,Other / Uncategorized,Unclassified,none
NMFC 051080-05 70 1803 30.85 Faucets; Bibcocks; ...,NMFC 051080-05 70 1803 30.85 Faucets; Bibcocks; ...,1,556.23,Other / Uncategorized,Unclassified,none
NMFC 051080-05 70 185 MIN Faucets; Bibcocks; ...,NMFC 051080-05 70 185 MIN Faucets; Bibcocks; ...,1,158.29,Other / Uncategorized,Unclassified,none
NMFC 051080-05 70 186 MIN Faucets; Bibcocks;,NMFC 051080-05 70 186 MIN Faucets; Bibcocks;,1,158.29,Other / Uncategorized,Unclassified,none
NMFC 051080-05 70 195 MIN Faucets; Bibcocks; ...,NMFC 051080-05 70 195 MIN Faucets; Bibcocks; ...,1,158.29,Other / Uncategorized,Unclassified,none
NMFC 051080-05 70 2000 40.03 Faucets; Bibcocks;,NMFC 051080-05 70 2000 40.03 Faucets; Bibcocks;,1,800.6,Other / Uncategorized,Unclassified,none
"NMFC 051080-05 70 205 MIN Faucets, Bibcocks, ...","NMFC 051080-05 70 205 MIN Faucets, Bibcocks, ...",1,118.25,Other / Uncategorized,Unclassified,none
NMFC 051080-05 70 205 MIN Faucets; Bibcocks;,NMFC 051080-05 70 205 MIN Faucets; Bibcocks;,2,291.27,Other / Uncategorized,Unclassified,none
NMFC 051080-05 70 205 MIN Faucets; Bibcocks; ...,NMFC 051080-05 70 205 MIN Faucets; Bibcocks; ...,1,158.29,Other / Uncategorized,Unclassified,none
NMFC 051080-05 70 213 MIN Faucets; Bibcocks; ...,NMFC 051080-05 70 213 MIN Faucets; Bibcocks; ...,1,173.02,Other / Uncategorized,Unclassified,none
"NMFC 051080-05 70 217 MIN Faucets, Bibcocks,","NMFC 051080-05 70 217 MIN Faucets, Bibcocks,",1,158.29,Other / Uncategorized,Unclassified,none
NMFC 051080-05 70 236 MIN Faucets; Bibcocks;,NMFC 051080-05 70 236 MIN Faucets; Bibcocks;,1,142.94,Other / Uncategorized,Unclassified,none
NMFC 051080-05 70 245 MIN Faucets; Bibcocks; ...,NMFC 051080-05 70 245 MIN Faucets; Bibcocks; ...,1,173.02,Other / Uncategorized,Unclassified,none
NMFC 051080-05 70 250 MIN Faucets; Bibcocks; ...,NMFC 051080-05 70 250 MIN Faucets; Bibcocks; ...,1,173.02,Other / Uncategorized,Unclassified,none
NMFC 051080-05 70 255 MIN Faucets; Bibcocks;,NMFC 051080-05 70 255 MIN Faucets; Bibcocks;,1,118.25,Other / Uncategorized,Unclassified,none
NMFC 051080-05 70 269 MIN Faucets; Bibcocks;,NMFC 051080-05 70 269 MIN Faucets; Bibcocks;,1,118.25,Other / Uncategorized,Unclassified,none
NMFC 051080-05 70 301 MIN Faucets; Bibcocks;,NMFC 051080-05 70 301 MIN Faucets; Bibcocks;,1,118.25,Other / Uncategorized,Unclassified,none
"NMFC 051080-05 70 315 MIN Faucets, Bibcocks,","NMFC 051080-05 70 315 MIN Faucets, Bibcocks,",1,118.25,Other / Uncategorized,Unclassified,none
NMFC 051080-05 70 315 MIN Faucets; Bibcocks;,NMFC 051080-05 70 315 MIN Faucets; Bibcocks;,1,158.29,Other / Uncategorized,Unclassified,none
NMFC 051080-05 70 320 MIN Faucets; Bibcocks;,NMFC 051080-05 70 320 MIN Faucets; Bibcocks;,1,118.25,Other / Uncategorized,Unclassified,none
NMFC 051080-05 70 3247 40.03 Faucets; Bibcocks;,NMFC 051080-05 70 3247 40.03 Faucets; Bibcocks;,1,1299.77,Other / Uncategorized,Unclassified,none
NMFC 051080-05 70 327 MIN Faucets; Bibcocks;,NMFC 051080-05 70 327 MIN Faucets; Bibcocks;,1,158.29,Other / Uncategorized,Unclassified,none
NMFC 051080-05 70 340 MIN Faucets; Bibcocks;,NMFC 051080-05 70 340 MIN Faucets; Bibcocks;,1,158.29,Other / Uncategorized,Unclassified,none
NMFC 051080-05 70 3408 40.03 Faucets; Bibcocks; ...,NMFC 051080-05 70 3408 40.03 Faucets; Bibcocks; ...,1,1364.22,Other / Uncategorized,Unclassified,none
NMFC 051080-05 70 345 46.82 Faucets; Bibcocks;,NMFC 051080-05 70 345 46.82 Faucets; Bibcocks;,1,161.53,Other / Uncategorized,Unclassified,none
NMFC 051080-05 70 362 48.98 Faucets; Bibcocks; ...,NMFC 051080-05 70 362 48.98 Faucets; Bibcocks; ...,1,177.31,Other / Uncategorized,Unclassified,none
NMFC 051080-05 70 385 MIN Faucets; Bibcocks; ...,NMFC 051080-05 70 385 MIN Faucets; Bibcocks; ...,1,118.25,Other / Uncategorized,Unclassified,none
"NMFC 051080-05 70 400 52.61 Faucets, Bibcocks,","NMFC 051080-05 70 400 52.61 Faucets, Bibcocks,",1,210.44,Other / Uncategorized,Unclassified,none
NMFC 051080-05 70 402 MIN Faucets; Bibcocks;,NMFC 051080-05 70 402 MIN Faucets; Bibcocks;,1,118.25,Other / Uncategorized,Unclassified,none
NMFC 051080-05 70 427 42.10 Faucets; Bibcocks;,NMFC 051080-05 70 427 42.10 Faucets; Bibcocks;,1,179.77,Other / Uncategorized,Unclassified,none
NMFC 051080-05 70 470 27.63 Faucets; Bibcocks; ...,NMFC 051080-05 70 470 27.63 Faucets; Bibcocks; ...,1,129.86,Other / Uncategorized,Unclassified,none
NMFC 051080-05 70 510 28.47 Faucets; Bibcocks;,NMFC 051080-05 70 510 28.47 Faucets; Bibcocks;,1,145.2,Other / Uncategorized,Unclassified,none
NMFC 051080-05 70 520 MIN Faucets; Bibcocks;,NMFC 051080-05 70 520 MIN Faucets; Bibcocks;,1,158.29,Other / Uncategorized,Unclassified,none
NMFC 051080-05 70 5413 31.77 Faucets; Bibcocks; ...,NMFC 051080-05 70 5413 31.77 Faucets; Bibcocks; ...,1,1719.71,Other / Uncategorized,Unclassified,none
NMFC 051080-05 70 555 21.82 Faucets; Bibcocks;,NMFC 051080-05 70 555 21.82 Faucets; Bibcocks;,1,121.1,Other / Uncategorized,Unclassified,none
NMFC 051080-05 70 560 34.07 Faucets; Bibcocks;,NMFC 051080-05 70 560 34.07 Faucets; Bibcocks;,1,190.79,Other / Uncategorized,Unclassified,none
NMFC 051080-05 70 580 24.73 Faucets; Bibcocks; ...,NMFC 051080-05 70 580 24.73 Faucets; Bibcocks; ...,1,143.43,Other / Uncategorized,Unclassified,none
NMFC 051080-05 70 669 MIN Faucets; Bibcocks;,NMFC 051080-05 70 669 MIN Faucets; Bibcocks;,1,118.25,Other / Uncategorized,Unclassified,none
NMFC 051080-05 70 670 46.40 Faucets; Bibcocks;,NMFC 051080-05 70 670 46.40 Faucets; Bibcocks;,1,310.88,Other / Uncategorized,Unclassified,none
NMFC 051080-05 70 724 30.39 Faucets; Bibcocks;,NMFC 051080-05 70 724 30.39 Faucets; Bibcocks;,1,220.02,Other / Uncategorized,Unclassified,none
NMFC 051080-05 70 745 43.06 Faucets; Bibcocks;,NMFC 051080-05 70 745 43.06 Faucets; Bibcocks;,1,320.8,Other / Uncategorized,Unclassified,none
NMFC 051080-05 70 784 19.80 Faucets; Bibcocks; ...,NMFC 051080-05 70 784 19.80 Faucets; Bibcocks; ...,1,155.23,Other / Uncategorized,Unclassified,none
NMFC 051080-05 70 793 53.98 Faucets; Bibcocks;,NMFC 051080-05 70 793 53.98 Faucets; Bibcocks;,1,428.06,Other / Uncategorized,Unclassified,none
NMFC 051080-05 70 86 MIN Faucets; Bibcocks;,NMFC 051080-05 70 86 MIN Faucets; Bibcocks;,1,142.94,Other / Uncategorized,Unclassified,none
NMFC 051080-05 70 880 35.16 Faucets; Bibcocks;,NMFC 051080-05 70 880 35.16 Faucets; Bibcocks;,1,309.41,Other / Uncategorized,Unclassified,none
"NMFC 051080-05 70 90 MIN Faucets, Bibcocks,","NMFC 051080-05 70 90 MIN Faucets, Bibcocks,",1,158.29,Other / Uncategorized,Unclassified,none
"NMFC 051080-05 70 90 MIN Faucets, Bibcocks, ...","NMFC 051080-05 70 90 MIN Faucets, Bibcocks, ...",1,173.02,Other / Uncategorized,Unclassified,none
NMFC 051080-05 70 90 MIN Faucets; Bibcocks;,NMFC 051080-05 70 90 MIN Faucets; Bibcocks;,3,530.63,Other / Uncategorized,Unclassified,none
NMFC 051080-05 70 945 24.79 Faucets; Bibcocks; ...,NMFC 051080-05 70 945 24.79 Faucets; Bibcocks; ...,1,234.27,Other / Uncategorized,Unclassified,none
NMFC 051080-05 70 95 MIN Faucets; Bibcocks;,NMFC 051080-05 70 95 MIN Faucets; Bibcocks;,1,173.02,Other / Uncategorized,Unclassified,none
NMFC 051080-05 70 95 MIN Faucets; Bibcocks; ...,NMFC 051080-05 70 95 MIN Faucets; Bibcocks; ...,2,331.31,Other / Uncategorized,Unclassified,none
NMFC 051080-05 70 960 50.72 Faucets; Bibcocks; ...,NMFC 051080-05 70 960 50.72 Faucets; Bibcocks; ...,1,486.91,Other / Uncategorized,Unclassified,none
NMFC 051080-05 70 968 19.00 Faucets; Bibcocks;,NMFC 051080-05 70 968 19.00 Faucets; Bibcocks;,1,183.92,Other / Uncategorized,Unclassified,none
NMFC 051080-05 70 MIN Faucets; Bibcocks; 90,NMFC 051080-05 70 MIN Faucets; Bibcocks; 90,2,276.53999999999996,Other / Uncategorized,Unclassified,none
NMFC 051080-05 85 120 MIN Faucets; Bibcocks;,NMFC 051080-05 85 120 MIN Faucets; Bibcocks;,1,158.29,Other / Uncategorized,Unclassified,none
"NMFC 051080-05 Faucets, Bibcocks, 70 160 MIN","NMFC 051080-05 Faucets, Bibcocks, 70 160 MIN",2,276.53999999999996,Other / Uncategorized,Unclassified,none
"NMFC 051080-05 Faucets, Bibcocks, 70 170 MIN","NMFC 051080-05 Faucets, Bibcocks, 70 170 MIN",3,449.56,Other / Uncategorized,Unclassified,none
"NMFC 051080-05 Faucets, Bibcocks, 70 175 MIN","NMFC 051080-05 Faucets, Bibcocks, 70 175 MIN",1,118.25,Other / Uncategorized,Unclassified,none
"NMFC 051080-05 Faucets, Bibcocks, 70 180 MIN","NMFC 051080-05 Faucets, Bibcocks, 70 180 MIN",1,118.25,Other / Uncategorized,Unclassified,none
"NMFC 051080-05 Faucets, Bibcocks, 70 230 MIN","NMFC 051080-05 Faucets, Bibcocks, 70 230 MIN",1,173.02,Other / Uncategorized,Unclassified,none
"NMFC 051080-05 Faucets, Bibcocks, 70 235 MIN","NMFC 051080-05 Faucets, Bibcocks, 70 235 MIN",1,254.09,Other / Uncategorized,Unclassified,none
"NMFC 051080-05 Faucets, Bibcocks, 70 255 MIN","NMFC 051080-05 Faucets, Bibcocks, 70 255 MIN",1,158.29,Other / Uncategorized,Unclassified,none
"NMFC 051080-05 Faucets, Bibcocks, 70 265 MIN","NMFC 051080-05 Faucets, Bibcocks, 70 265 MIN",1,173.02,Other / Uncategorized,Unclassified,none
"NMFC 051080-05 Faucets, Bibcocks, 70 90 MIN","NMFC 051080-05 Faucets, Bibcocks, 70 90 MIN",1,158.29,Other / Uncategorized,Unclassified,none
NMFC 051080-05 Faucets; Bibcocks; ... 70 105 MIN,NMFC 051080-05 Faucets; Bibcocks; ... 70 105 MIN,1,158.29,Other / Uncategorized,Unclassified,none
NMFC 051080-05 Faucets; Bibcocks; ... 70 282 MIN,NMFC 051080-05 Faucets; Bibcocks; ... 70 282 MIN,1,158.29,Other / Uncategorized,Unclassified,none
NMFC 051080-05 Faucets; Bibcocks; 70 100 MIN,NMFC 051080-05 Faucets; Bibcocks; 70 100 MIN,3,545.36,Other / Uncategorized,Unclassified,none
NMFC 051080-05 Faucets; Bibcocks; 70 1000 16.79,NMFC 051080-05 Faucets; Bibcocks; 70 1000 16.79,1,167.9,Other / Uncategorized,Unclassified,none
NMFC 051080-05 Faucets; Bibcocks; 70 1005 18.94,NMFC 051080-05 Faucets; Bibcocks; 70 1005 18.94,1,190.35,Other / Uncategorized,Unclassified,none
NMFC 051080-05 Faucets; Bibcocks; 70 1025 21.87,NMFC 051080-05 Faucets; Bibcocks; 70 1025 21.87,1,224.17,Other / Uncategorized,Unclassified,none
NMFC 051080-05 Faucets; Bibcocks; 70 105 MIN,NMFC 051080-05 Faucets; Bibcocks; 70 105 MIN,6,964.47,Other / Uncategorized,Unclassified,none
NMFC 051080-05 Faucets; Bibcocks; 70 1070 16.30,NMFC 051080-05 Faucets; Bibcocks; 70 1070 16.30,1,174.41,Other / Uncategorized,Unclassified,none
NMFC 051080-05 Faucets; Bibcocks; 70 110 MIN,NMFC 051080-05 Faucets; Bibcocks; 70 110 MIN,1,158.29,Other / Uncategorized,Unclassified,none
NMFC 051080-05 Faucets; Bibcocks; 70 114 MIN,NMFC 051080-05 Faucets; Bibcocks; 70 114 MIN,1,118.25,Other / Uncategorized,Unclassified,none
NMFC 051080-05 Faucets; Bibcocks; 70 115 MIN,NMFC 051080-05 Faucets; Bibcocks; 70 115 MIN,1,173.02,Other / Uncategorized,Unclassified,none
NMFC 051080-05 Faucets; Bibcocks; 70 120 MIN,NMFC 051080-05 Faucets; Bibcocks; 70 120 MIN,2,236.5,Other / Uncategorized,Unclassified,none
NMFC 051080-05 Faucets; Bibcocks; 70 125 MIN,NMFC 051080-05 Faucets; Bibcocks; 70 125 MIN,1,118.25,Other / Uncategorized,Unclassified,none
NMFC 051080-05 Faucets; Bibcocks; 70 128 MIN,NMFC 051080-05 Faucets; Bibcocks; 70 128 MIN,1,158.29,Other / Uncategorized,Unclassified,none
NMFC 051080-05 Faucets; Bibcocks; 70 129 MIN,NMFC 051080-05 Faucets; Bibcocks; 70 129 MIN,1,173.02,Other / Uncategorized,Unclassified,none
NMFC 051080-05 Faucets; Bibcocks; 70 1452 19.68,NMFC 051080-05 Faucets; Bibcocks; 70 1452 19.68,1,285.75,Other / Uncategorized,Unclassified,none
NMFC 051080-05 Faucets; Bibcocks; 70 150 MIN,NMFC 051080-05 Faucets; Bibcocks; 70 150 MIN,1,158.29,Other / Uncategorized,Unclassified,none
NMFC 051080-05 Faucets; Bibcocks; 70 151 MIN,NMFC 051080-05 Faucets; Bibcocks; 70 151 MIN,1,118.25,Other / Uncategorized,Unclassified,none
NMFC 051080-05 Faucets; Bibcocks; 70 155 MIN,NMFC 051080-05 Faucets; Bibcocks; 70 155 MIN,3,504.33000000000004,Other / Uncategorized,Unclassified,none
NMFC 051080-05 Faucets; Bibcocks; 70 160 MIN,NMFC 051080-05 Faucets; Bibcocks; 70 160 MIN,2,372.34000000000003,Other / Uncategorized,Unclassified,none
NMFC 051080-05 Faucets; Bibcocks; 70 165 MIN,NMFC 051080-05 Faucets; Bibcocks; 70 165 MIN,2,261.19,Other / Uncategorized,Unclassified,none
NMFC 051080-05 Faucets; Bibcocks; 70 170 MIN,NMFC 051080-05 Faucets; Bibcocks; 70 170 MIN,5,795.6,Other / Uncategorized,Unclassified,none
NMFC 051080-05 Faucets; Bibcocks; 70 175 MIN,NMFC 051080-05 Faucets; Bibcocks; 70 175 MIN,5,861.94,Other / Uncategorized,Unclassified,none
NMFC 051080-05 Faucets; Bibcocks; 70 180 MIN,NMFC 051080-05 Faucets; Bibcocks; 70 180 MIN,2,412.38,Other / Uncategorized,Unclassified,none
NMFC 051080-05 Faucets; Bibcocks; 70 185 MIN,NMFC 051080-05 Faucets; Bibcocks; 70 185 MIN,2,316.58,Other / Uncategorized,Unclassified,none
NMFC 051080-05 Faucets; Bibcocks; 70 190 MIN,NMFC 051080-05 Faucets; Bibcocks; 70 190 MIN,3,490.59000000000003,Other / Uncategorized,Unclassified,none
NMFC 051080-05 Faucets; Bibcocks; 70 191 MIN,NMFC 051080-05 Faucets; Bibcocks; 70 191 MIN,1,142.94,Other / Uncategorized,Unclassified,none
NMFC 051080-05 Faucets; Bibcocks; 70 1935 17.60,NMFC 051080-05 Faucets; Bibcocks; 70 1935 17.60,1,340.56,Other / Uncategorized,Unclassified,none
NMFC 051080-05 Faucets; Bibcocks; 70 195 MIN,NMFC 051080-05 Faucets; Bibcocks; 70 195 MIN,1,173.02,Other / Uncategorized,Unclassified,none
NMFC 051080-05 Faucets; Bibcocks; 70 205 MIN,NMFC 051080-05 Faucets; Bibcocks; 70 205 MIN,1,118.25,Other / Uncategorized,Unclassified,none
NMFC 051080-05 Faucets; Bibcocks; 70 210 MIN,NMFC 051080-05 Faucets; Bibcocks; 70 210 MIN,1,158.29,Other / Uncategorized,Unclassified,none
NMFC 051080-05 Faucets; Bibcocks; 70 225 MIN,NMFC 051080-05 Faucets; Bibcocks; 70 225 MIN,1,158.29,Other / Uncategorized,Unclassified,none
NMFC 051080-05 Faucets; Bibcocks; 70 229 MIN,NMFC 051080-05 Faucets; Bibcocks; 70 229 MIN,1,142.94,Other / Uncategorized,Unclassified,none
NMFC 051080-05 Faucets; Bibcocks; 70 235 MIN,NMFC 051080-05 Faucets; Bibcocks; 70 235 MIN,1,158.29,Other / Uncategorized,Unclassified,none
NMFC 051080-05 Faucets; Bibcocks; 70 240 MIN,NMFC 051080-05 Faucets; Bibcocks; 70 240 MIN,1,254.09,Other / Uncategorized,Unclassified,none
NMFC 051080-05 Faucets; Bibcocks; 70 245 MIN,NMFC 051080-05 Faucets; Bibcocks; 70 245 MIN,1,254.09,Other / Uncategorized,Unclassified,none
NMFC 051080-05 Faucets; Bibcocks; 70 250 MIN,NMFC 051080-05 Faucets; Bibcocks; 70 250 MIN,1,158.29,Other / Uncategorized,Unclassified,none
NMFC 051080-05 Faucets; Bibcocks; 70 256 MIN,NMFC 051080-05 Faucets; Bibcocks; 70 256 MIN,1,173.02,Other / Uncategorized,Unclassified,none
NMFC 051080-05 Faucets; Bibcocks; 70 260 MIN,NMFC 051080-05 Faucets; Bibcocks; 70 260 MIN,1,173.02,Other / Uncategorized,Unclassified,none
NMFC 051080-05 Faucets; Bibcocks; 70 270 MIN,NMFC 051080-05 Faucets; Bibcocks; 70 270 MIN,2,236.5,Other / Uncategorized,Unclassified,none
NMFC 051080-05 Faucets; Bibcocks; 70 279 MIN,NMFC 051080-05 Faucets; Bibcocks; 70 279 MIN,1,158.29,Other / Uncategorized,Unclassified,none
NMFC 051080-05 Faucets; Bibcocks; 70 2916 18.02,NMFC 051080-05 Faucets; Bibcocks; 70 2916 18.02,1,525.46,Other / Uncategorized,Unclassified,none
NMFC 051080-05 Faucets; Bibcocks; 70 295 MIN,NMFC 051080-05 Faucets; Bibcocks; 70 295 MIN,1,158.29,Other / Uncategorized,Unclassified,none
NMFC 051080-05 Faucets; Bibcocks; 70 298 MIN,NMFC 051080-05 Faucets; Bibcocks; 70 298 MIN,1,158.29,Other / Uncategorized,Unclassified,none
NMFC 051080-05 Faucets; Bibcocks; 70 299 52.84,NMFC 051080-05 Faucets; Bibcocks; 70 299 52.84,1,157.99,Other / Uncategorized,Unclassified,none
NMFC 051080-05 Faucets; Bibcocks; 70 305 MIN,NMFC 051080-05 Faucets; Bibcocks; 70 305 MIN,1,118.25,Other / Uncategorized,Unclassified,none
NMFC 051080-05 Faucets; Bibcocks; 70 310 MIN,NMFC 051080-05 Faucets; Bibcocks; 70 310 MIN,1,118.25,Other / Uncategorized,Unclassified,none
NMFC 051080-05 Faucets; Bibcocks; 70 335 MIN,NMFC 051080-05 Faucets; Bibcocks; 70 335 MIN,2,331.31,Other / Uncategorized,Unclassified,none
NMFC 051080-05 Faucets; Bibcocks; 70 345 MIN,NMFC 051080-05 Faucets; Bibcocks; 70 345 MIN,1,118.25,Other / Uncategorized,Unclassified,none
NMFC 051080-05 Faucets; Bibcocks; 70 355 MIN,NMFC 051080-05 Faucets; Bibcocks; 70 355 MIN,2,276.53999999999996,Other / Uncategorized,Unclassified,none
NMFC 051080-05 Faucets; Bibcocks; 70 365 MIN,NMFC 051080-05 Faucets; Bibcocks; 70 365 MIN,1,158.29,Other / Uncategorized,Unclassified,none
NMFC 051080-05 Faucets; Bibcocks; 70 369 33.43,NMFC 051080-05 Faucets; Bibcocks; 70 369 33.43,1,123.36,Other / Uncategorized,Unclassified,none
NMFC 051080-05 Faucets; Bibcocks; 70 377 32.51,NMFC 051080-05 Faucets; Bibcocks; 70 377 32.51,1,122.56,Other / Uncategorized,Unclassified,none
NMFC 051080-05 Faucets; Bibcocks; 70 3881 34.22,NMFC 051080-05 Faucets; Bibcocks; 70 3881 34.22,1,1328.08,Other / Uncategorized,Unclassified,none
NMFC 051080-05 Faucets; Bibcocks; 70 400 40.28,NMFC 051080-05 Faucets; Bibcocks; 70 400 40.28,1,161.12,Other / Uncategorized,Unclassified,none
NMFC 051080-05 Faucets; Bibcocks; 70 404 25.67,NMFC 051080-05 Faucets; Bibcocks; 70 404 25.67,1,103.71,Other / Uncategorized,Unclassified,none
NMFC 051080-05 Faucets; Bibcocks; 70 415 39.18,NMFC 051080-05 Faucets; Bibcocks; 70 415 39.18,1,162.6,Other / Uncategorized,Unclassified,none
NMFC 051080-05 Faucets; Bibcocks; 70 444 MIN,NMFC 051080-05 Faucets; Bibcocks; 70 444 MIN,1,158.29,Other / Uncategorized,Unclassified,none
NMFC 051080-05 Faucets; Bibcocks; 70 450 MIN,NMFC 051080-05 Faucets; Bibcocks; 70 450 MIN,1,158.29,Other / Uncategorized,Unclassified,none
NMFC 051080-05 Faucets; Bibcocks; 70 470 MIN,NMFC 051080-05 Faucets; Bibcocks; 70 470 MIN,1,118.25,Other / Uncategorized,Unclassified,none
NMFC 051080-05 Faucets; Bibcocks; 70 505 MIN,NMFC 051080-05 Faucets; Bibcocks; 70 505 MIN,1,118.25,Other / Uncategorized,Unclassified,none
NMFC 051080-05 Faucets; Bibcocks; 70 515 MIN,NMFC 051080-05 Faucets; Bibcocks; 70 515 MIN,1,158.29,Other / Uncategorized,Unclassified,none
NMFC 051080-05 Faucets; Bibcocks; 70 520 42.10,NMFC 051080-05 Faucets; Bibcocks; 70 520 42.10,1,218.92,Other / Uncategorized,Unclassified,none
NMFC 051080-05 Faucets; Bibcocks; 70 571 MIN,NMFC 051080-05 Faucets; Bibcocks; 70 571 MIN,1,158.29,Other / Uncategorized,Unclassified,none
NMFC 051080-05 Faucets; Bibcocks; 70 5848 37.09,NMFC 051080-05 Faucets; Bibcocks; 70 5848 37.09,1,2169.02,Other / Uncategorized,Unclassified,none
NMFC 051080-05 Faucets; Bibcocks; 70 655 29.68,NMFC 051080-05 Faucets; Bibcocks; 70 655 29.68,1,194.4,Other / Uncategorized,Unclassified,none
NMFC 051080-05 Faucets; Bibcocks; 70 660 56.83,NMFC 051080-05 Faucets; Bibcocks; 70 660 56.83,1,375.08,Other / Uncategorized,Unclassified,none
NMFC 051080-05 Faucets; Bibcocks; 70 670 39.78,NMFC 051080-05 Faucets; Bibcocks; 70 670 39.78,1,266.53,Other / Uncategorized,Unclassified,none
NMFC 051080-05 Faucets; Bibcocks; 70 715 28.49,NMFC 051080-05 Faucets; Bibcocks; 70 715 28.49,1,203.7,Other / Uncategorized,Unclassified,none
NMFC 051080-05 Faucets; Bibcocks; 70 73 MIN,NMFC 051080-05 Faucets; Bibcocks; 70 73 MIN,1,173.02,Other / Uncategorized,Unclassified,none
NMFC 051080-05 Faucets; Bibcocks; 70 735 23.89,NMFC 051080-05 Faucets; Bibcocks; 70 735 23.89,1,175.59,Other / Uncategorized,Unclassified,none
NMFC 051080-05 Faucets; Bibcocks; 70 76 MIN,NMFC 051080-05 Faucets; Bibcocks; 70 76 MIN,1,158.29,Other / Uncategorized,Unclassified,none
NMFC 051080-05 Faucets; Bibcocks; 70 80 MIN,NMFC 051080-05 Faucets; Bibcocks; 70 80 MIN,1,118.25,Other / Uncategorized,Unclassified,none
NMFC 051080-05 Faucets; Bibcocks; 70 820 55.98,NMFC 051080-05 Faucets; Bibcocks; 70 820 55.98,1,459.04,Other / Uncategorized,Unclassified,none
NMFC 051080-05 Faucets; Bibcocks; 70 85 MIN,NMFC 051080-05 Faucets; Bibcocks; 70 85 MIN,2,291.27,Other / Uncategorized,Unclassified,none
NMFC 051080-05 Faucets; Bibcocks; 70 8805 25.34,NMFC 051080-05 Faucets; Bibcocks; 70 8805 25.34,1,2231.19,Other / Uncategorized,Unclassified,none
NMFC 051080-05 Faucets; Bibcocks; 70 90 MIN,NMFC 051080-05 Faucets; Bibcocks; 70 90 MIN,2,331.31,Other / Uncategorized,Unclassified,none
NMFC 051080-05 Faucets; Bibcocks; 70 95 MIN,NMFC 051080-05 Faucets; Bibcocks; 70 95 MIN,3,530.63,Other / Uncategorized,Unclassified,none
NMFC 051080-06 Faucets; Bibcocks; 70 595 MIN,NMFC 051080-06 Faucets; Bibcocks; 70 595 MIN,1,158.29,Other / Uncategorized,Unclassified,none
NMFC 061700-08 ELECTRICAL APPLIANCE * 85 535 32.46,NMFC 061700-08 ELECTRICAL APPLIANCE * 85 535 32.46,1,173.66,Other / Uncategorized,Unclassified,none
NMFC 095190-03 NOI * 250 500 MIN HARDWARE;,NMFC 095190-03 NOI * 250 500 MIN HARDWARE;,1,118.25,Other / Uncategorized,Unclassified,none
NMFC 133300-02 250 94 MIN,NMFC 133300-02 250 94 MIN,1,173.02,Other / Uncategorized,Unclassified,none
NMFC 133300-02 MACHINERY; NOI; OR * 250 11 MIN,NMFC 133300-02 MACHINERY; NOI; OR * 250 11 MIN,1,142.94,Other / Uncategorized,Unclassified,none
NMFC 133300-02 MACHINERY; NOI; OR * 250 77 MIN,NMFC 133300-02 MACHINERY; NOI; OR * 250 77 MIN,1,173.02,Other / Uncategorized,Unclassified,none
NMFC 133300-02 OR * 250 145 MIN MACHINERY; NOI;,NMFC 133300-02 OR * 250 145 MIN MACHINERY; NOI;,1,142.94,Other / Uncategorized,Unclassified,none
NMFC 133300-02 OR * 250 227 MIN MACHINERY; NOI;,NMFC 133300-02 OR * 250 227 MIN MACHINERY; NOI;,1,173.02,Other / Uncategorized,Unclassified,none
NMFC 133300-02 OR * 250 252 MIN MACHINERY; NOI;,NMFC 133300-02 OR * 250 252 MIN MACHINERY; NOI;,1,158.29,Other / Uncategorized,Unclassified,none
NMFC 133300-02 OR * 250 266 MIN MACHINERY; NOI;,NMFC 133300-02 OR * 250 266 MIN MACHINERY; NOI;,1,158.29,Other / Uncategorized,Unclassified,none
NMFC 133300-02 OR * 250 43 MIN MACHINERY; NOI;,NMFC 133300-02 OR * 250 43 MIN MACHINERY; NOI;,1,158.29,Other / Uncategorized,Unclassified,none
NMFC 133300-02 OR * 250 465 60.53 MACHINERY; NOI;,NMFC 133300-02 OR * 250 465 60.53 MACHINERY; NOI;,1,281.46,Other / Uncategorized,Unclassified,none
NMFC 133300-02 OR * 250 635 64.74 MACHINERY; NOI;,NMFC 133300-02 OR * 250 635 64.74 MACHINERY; NOI;,1,411.1,Other / Uncategorized,Unclassified,none
NMFC 133300-03 125 102 MIN,NMFC 133300-03 125 102 MIN,1,254.09,Other / Uncategorized,Unclassified,none
NMFC 133300-03 125 1940 23.20,NMFC 133300-03 125 1940 23.20,1,450.08,Other / Uncategorized,Unclassified,none
NMFC 133300-03 125 454 35.62,NMFC 133300-03 125 454 35.62,1,161.71,Other / Uncategorized,Unclassified,none
NMFC 133300-03 125 5192 26.23,NMFC 133300-03 125 5192 26.23,1,1361.86,Other / Uncategorized,Unclassified,none
NMFC 133300-03 125 90 MIN,NMFC 133300-03 125 90 MIN,1,158.29,Other / Uncategorized,Unclassified,none
NMFC 133300-03 MACHINERY; NOI; OR * 125 71 MIN,NMFC 133300-03 MACHINERY; NOI; OR * 125 71 MIN,1,158.29,Other / Uncategorized,Unclassified,none
NMFC 133300-03 OR * 125 103 MIN MACHINERY; NOI;,NMFC 133300-03 OR * 125 103 MIN MACHINERY; NOI;,1,173.02,Other / Uncategorized,Unclassified,none
NMFC 133300-03 OR * 125 1045 38.56 MACHINERY; NOI;,NMFC 133300-03 OR * 125 1045 38.56 MACHINERY; NOI;,1,402.95,Other / Uncategorized,Unclassified,none
"NMFC 133300-03 OR * 125 126 MIN MACHINERY, NOI,","NMFC 133300-03 OR * 125 126 MIN MACHINERY, NOI,",1,158.29,Other / Uncategorized,Unclassified,none
NMFC 133300-03 OR * 125 190 MIN MACHINERY; NOI;,NMFC 133300-03 OR * 125 190 MIN MACHINERY; NOI;,1,158.29,Other / Uncategorized,Unclassified,none
NMFC 133300-03 OR * 125 244 MIN MACHINERY; NOI;,NMFC 133300-03 OR * 125 244 MIN MACHINERY; NOI;,2,316.58,Other / Uncategorized,Unclassified,none
NMFC 133300-03 OR * 125 250 MIN MACHINERY; NOI;,NMFC 133300-03 OR * 125 250 MIN MACHINERY; NOI;,1,158.29,Other / Uncategorized,Unclassified,none
"NMFC 133300-03 OR * 125 390 70.14 MACHINERY, NOI,","NMFC 133300-03 OR * 125 390 70.14 MACHINERY, NOI,",1,273.55,Other / Uncategorized,Unclassified,none
NMFC 133300-03 OR * 125 85 MIN MACHINERY; NOI;,NMFC 133300-03 OR * 125 85 MIN MACHINERY; NOI;,1,254.09,Other / Uncategorized,Unclassified,none
NMFC 133300-04 85 592 31.83,NMFC 133300-04 85 592 31.83,1,188.43,Other / Uncategorized,Unclassified,none
NMFC 133300-04 OR * 85 105 MIN,NMFC 133300-04 OR * 85 105 MIN,1,173.02,Other / Uncategorized,Unclassified,none
NMFC 133300-04 OR * 85 2998 31.91 MACHINERY; NOI;,NMFC 133300-04 OR * 85 2998 31.91 MACHINERY; NOI;,1,956.66,Other / Uncategorized,Unclassified,none
NMFC 133300-05 MACHINERY; NOI; OR * 65 420 MIN,NMFC 133300-05 MACHINERY; NOI; OR * 65 420 MIN,2,316.58,Other / Uncategorized,Unclassified,none
NMFC 133300-05 MACHINERY; NOI; OR * 65 525 32.46,NMFC 133300-05 MACHINERY; NOI; OR * 65 525 32.46,1,170.42,Other / Uncategorized,Unclassified,none
NMFC 150005-07 PAINT AND RELATED M * 92.5 440 25.21,NMFC 150005-07 PAINT AND RELATED M * 92.5 440 25.21,1,110.92,Other / Uncategorized,Unclassified,none
NMFC 156240-00 Liquid; NOI; other 60 5196 6.85,NMFC 156240-00 Liquid; NOI; other 60 5196 6.85,2,711.86,Other / Uncategorized,Unclassified,none
NMFC 156600-02 Articles; see Notes; item 300 85 100.23,NMFC 156600-02 Articles; see Notes; item 300 85 100.23,1,85.2,Other / Uncategorized,Unclassified,none
NMFC 156600-03 item 250 117 33.41 Articles; see Notes;,NMFC 156600-03 item 250 117 33.41 Articles; see Notes;,1,39.09,Other / Uncategorized,Unclassified,none
NMFC 156600-04 PLASTIC O * 175 227 MIN ARTICLES;,NMFC 156600-04 PLASTIC O * 175 227 MIN ARTICLES;,1,118.25,Other / Uncategorized,Unclassified,none
NMFC 156600-06 PLASTIC O * 100 498 MIN ARTICLES;,NMFC 156600-06 PLASTIC O * 100 498 MIN ARTICLES;,1,118.25,Other / Uncategorized,Unclassified,none
NMFC 156830- Film or Sheeting; 55 394 6.85,NMFC 156830- Film or Sheeting; 55 394 6.85,1,26.99,Other / Uncategorized,Unclassified,none
NMFC 156830- Film or Sheeting; 55 394 MIN,NMFC 156830- Film or Sheeting; 55 394 MIN,1,118.25,Other / Uncategorized,Unclassified,none
NMFC 156830-08 Film or Sheeting; 55 394 6.85,NMFC 156830-08 Film or Sheeting; 55 394 6.85,1,26.99,Other / Uncategorized,Unclassified,none
NMFC 158880-04 PLUMBERS NOI * 175 70 MIN GOODS;,NMFC 158880-04 PLUMBERS NOI * 175 70 MIN GOODS;,1,158.29,Other / Uncategorized,Unclassified,none
NMFC 95190-08 HARDWARE NOI 85 4890 13.98,NMFC 95190-08 HARDWARE NOI 85 4890 13.98,1,683.62,Other / Uncategorized,Unclassified,none
NO SHIPMENT TENDERED,NO SHIPMENT TENDERED,2,194.0,Other / Uncategorized,Unclassified,none
NON-CONVEYABLE PIECE - IRREGULAR,NON-CONVEYABLE PIECE - IRREGULAR,1,20.0,Accessorial / Delivery Surcharge,Additional Handling,rule
NON-CONVEYABLE PIECE - WEIGHT,NON-CONVEYABLE PIECE - WEIGHT,26,840.0,Accessorial / Delivery Surcharge,Additional Handling,rule
NOTIFICATION/SUSPENSION OF SVC CHARGE FLAT,NOTIFICATION/SUSPENSION OF SVC CHARGE FLAT,1,10.76,Other / Uncategorized,Unclassified,none
NOTIFY CHARGE,NOTIFY CHARGE,2,81.44,Accessorial / Delivery Surcharge,Demand / Peak Surcharge,tfidf_fallback
NOTIFY PRIOR TO DELIVERY CHARGE SP,NOTIFY PRIOR TO DELIVERY CHARGE SP,1,15.0,Accessorial / Delivery Surcharge,Delivery Area Surcharge (DAS),tfidf_fallback
NWCARB FLAT,NWCARB FLAT,2,190.48000000000002,Other / Uncategorized,Unclassified,none
NWCARBCTED CITY FEE FLAT,NWCARBCTED CITY FEE FLAT,1,77.0,Other / Uncategorized,Unclassified,none
NYHULL-BEND TESTER OR# HARDWARE *FXF 100001/05/26 ILC 11080,NYHULL-BEND TESTER OR# HARDWARE *FXF 100001/05/26 ILC 11080,1,2617.55,Other / Uncategorized,Unclassified,none
Next Day Air Early Residential,Next Day Air Early Residential,1,42.76,Line Haul / Base Transportation,Air Freight,rule
Next Day Air Early Residential Third Party,Next Day Air Early Residential Third Party,1,31.59,Line Haul / Base Transportation,Air Freight,rule
Next Day Air Hundredweight,Next Day Air Hundredweight,73,6502.53,Line Haul / Base Transportation,Air Freight,rule
Next Day Air Hundredweight Collect,Next Day Air Hundredweight Collect,15,2130.4900000000002,Line Haul / Base Transportation,Air Freight,rule
Next Day Air Residential,Next Day Air Residential,95,4932.3099999999995,Line Haul / Base Transportation,Air Freight,rule
Next Day Air Saver Residential,Next Day Air Saver Residential,4,131.79,Line Haul / Base Transportation,Air Freight,rule
Non-Taxable Broker Fee,Non-Taxable Broker Fee,1,22.3,Other / Uncategorized,Unclassified,none
Not Previously Billed Canada Residential Surcharge,Not Previously Billed Canada Residential Surcharge,1,6.45,Accessorial / Delivery Surcharge,Residential Delivery/Surcharge,rule
Not Previously Billed Delivery Area Surcharge,Not Previously Billed Delivery Area Surcharge,2,5.62,Accessorial / Delivery Surcharge,Delivery Area Surcharge (DAS),rule
Not Previously Billed Delivery Area Surcharge - Extended,Not Previously Billed Delivery Area Surcharge - Extended,2,6.84,Accessorial / Delivery Surcharge,Delivery Area Surcharge (DAS),rule
Not Previously Billed Fuel Surcharge,Not Previously Billed Fuel Surcharge,19,73.29,Fuel Surcharge,Domestic Fuel Surcharge,rule
Not Previously Billed Missing PLD Fee,Not Previously Billed Missing PLD Fee,25,117.5,Other / Uncategorized,Unclassified,none
Not Previously Billed Saturday Delivery,Not Previously Billed Saturday Delivery,4,41.6,Accessorial / Delivery Surcharge,Saturday / After Hours / Holiday,rule
Not Previously Billed Shipping Correction Fee,Not Previously Billed Shipping Correction Fee,14,23.099999999999998,Administrative & Service Fees,Billing Adjustment / Correction,tfidf_fallback
Not Provided,Not Provided,4,4500.0,Other / Uncategorized,Unclassified,none
Notification Fee,Notification Fee,1,5.0,Administrative & Service Fees,Document Fee,tfidf_fallback
Notification Prior to Delivery,Notification Prior to Delivery,1,10.0,Accessorial / Delivery Surcharge,Delivery Area Surcharge (DAS),tfidf_fallback
OCEAN FREIGHT,OCEAN FREIGHT,2,5600.0,Line Haul / Base Transportation,Ocean Freight,rule
OCEAN IMPORT ENTRY,OCEAN IMPORT ENTRY,5,475.0,Line Haul / Base Transportation,International / Export / Import Freight,rule
OILS NMFC 145100 S2,OILS NMFC 145100 S2,1,673.46,Other / Uncategorized,Unclassified,none
OK2FWD destination EBL ,OK2FWD destination EBL ,1,55.0,Taxes & Customs,Customs / Brokerage,tfidf_fallback
OLA ORIG LIMITED ACCESS PICKUP M,OLA ORIG LIMITED ACCESS PICKUP M,2,360.0,Administrative & Service Fees,Pickup Service,rule
OVER DIM - 264 IN,OVER DIM - 264 IN,2,2674.0,Other / Uncategorized,Unclassified,none
OVER DIM - 78 IN,OVER DIM - 78 IN,1,151.0,Other / Uncategorized,Unclassified,none
OVER DIM - 84.51 IN,OVER DIM - 84.51 IN,1,151.0,Other / Uncategorized,Unclassified,none
OVER DIM 240 IN,OVER DIM 240 IN,1,1337.0,Other / Uncategorized,Unclassified,none
OVERSIZE PIECE,OVERSIZE PIECE,1,20.0,Other / Uncategorized,Unclassified,none
OVERTIME,OVERTIME,1,65.0,Accessorial / Delivery Surcharge,Wait Time / Mileage / Toll,tfidf_fallback
OVERWEIGHT PIECE,OVERWEIGHT PIECE,4,500.0,Line Haul / Base Transportation,General / Mode Not Specified,tfidf_fallback
Order Lane Charge,Order Lane Charge,116,51543.76,Other / Uncategorized,Unclassified,none
Org. Administrative Handlind,Org. Administrative Handlind,1,20.0,Accessorial / Delivery Surcharge,Additional Handling,tfidf_fallback
Org. Administrative Handling,Org. Administrative Handling,27,540.0,Accessorial / Delivery Surcharge,Additional Handling,tfidf_fallback
Org. Administrative Handling Base Rate EUR 20;00 Zero Rated 1.,Org. Administrative Handling Base Rate EUR 20;00 Zero Rated 1.,1,20.0,Line Haul / Base Transportation,General / Mode Not Specified,rule
Org. Airport Fees,Org. Airport Fees,1,39.47,Taxes & Customs,Duty & Import Tax,tfidf_fallback
Org. Cargo Screening,Org. Cargo Screening,24,1179.65,Accessorial / Delivery Surcharge,Security Surcharge,rule
Org. Cargo Screening 0;10/KG,Org. Cargo Screening 0;10/KG,2,39.400000000000006,Accessorial / Delivery Surcharge,Security Surcharge,rule
Org. Cargo Screening 1412;5 Kilogram(s) 0;10/KG,Org. Cargo Screening 1412;5 Kilogram(s) 0;10/KG,1,141.25,Accessorial / Delivery Surcharge,Security Surcharge,rule
Org. Cargo Screening 87 Kilogram(s),Org. Cargo Screening 87 Kilogram(s),1,8.7,Accessorial / Delivery Surcharge,Security Surcharge,rule
Org. Document Handover,Org. Document Handover,1,6.0,Administrative & Service Fees,Document Fee,tfidf_fallback
Org. Terminal Handling,Org. Terminal Handling,5,166.82999999999998,Accessorial / Delivery Surcharge,Additional Handling,tfidf_fallback
Org. Terminal Handling-Forwarden,Org. Terminal Handling-Forwarden,1,30.0,Accessorial / Delivery Surcharge,Additional Handling,tfidf_fallback
Org. Terminal Handling-Forwarden Greater Rate EUR 15;00; 648 Kilogram(s) @ EUR,Org. Terminal Handling-Forwarden Greater Rate EUR 15;00; 648 Kilogram(s) @ EUR,1,64.8,Accessorial / Delivery Surcharge,Additional Handling,tfidf_fallback
Org. Terminal Handling-Forwarden Greater of,Org. Terminal Handling-Forwarden Greater of,1,70.62,Accessorial / Delivery Surcharge,Additional Handling,tfidf_fallback
Org. Terminal Handling-Forwarden Greater of (Min,Org. Terminal Handling-Forwarden Greater of (Min,1,30.0,Accessorial / Delivery Surcharge,Additional Handling,tfidf_fallback
Org. Terminal Handling-Forwarden Greater of (Min Rate EUR 15;00; 1412;5 Kilogram(s) @ EUR 0;10/KG),Org. Terminal Handling-Forwarden Greater of (Min Rate EUR 15;00; 1412;5 Kilogram(s) @ EUR 0;10/KG),1,141.25,Accessorial / Delivery Surcharge,Additional Handling,tfidf_fallback
Org. Terminal Handling-Forwarden Rate EUR 15;00; 95;5 Kilogram(s) @,Org. Terminal Handling-Forwarden Rate EUR 15;00; 95;5 Kilogram(s) @,1,15.0,Accessorial / Delivery Surcharge,Additional Handling,tfidf_fallback
Org. Terminal Handling-Forwarder,Org. Terminal Handling-Forwarder,4,106.96000000000001,Accessorial / Delivery Surcharge,Additional Handling,tfidf_fallback
Org. Terminal Handling-Forwarder 224 0;12/KG,Org. Terminal Handling-Forwarder 224 0;12/KG,1,26.88,Accessorial / Delivery Surcharge,Additional Handling,tfidf_fallback
Org. Terminal Handling-Forwarder Greater of (Min,Org. Terminal Handling-Forwarder Greater of (Min,1,39.36,Accessorial / Delivery Surcharge,Additional Handling,tfidf_fallback
Org. Terminal Handling-Forwarder Greater of (Min Rate EUR 15;00; 87 Kilogram(s) @ EUR 0;10/KG),Org. Terminal Handling-Forwarder Greater of (Min Rate EUR 15;00; 87 Kilogram(s) @ EUR 0;10/KG),1,15.0,Accessorial / Delivery Surcharge,Additional Handling,tfidf_fallback
Org. Terminal Handling-Forwarder Greater of (Min Rate EUR 30;00; 122;5 Kilogram(s) @ EUR 0;12/KG),Org. Terminal Handling-Forwarder Greater of (Min Rate EUR 30;00; 122;5 Kilogram(s) @ EUR 0;12/KG),1,30.0,Accessorial / Delivery Surcharge,Additional Handling,tfidf_fallback
Org. Terminal Handling-Forwarder Greater of Rate EUR 15;00; 274 Kilogram(s) @ EUR 0;10/KG),Org. Terminal Handling-Forwarder Greater of Rate EUR 15;00; 274 Kilogram(s) @ EUR 0;10/KG),1,27.4,Accessorial / Delivery Surcharge,Additional Handling,tfidf_fallback
Org. Terminal Handling-Forwarder Greater of Rate EUR 15;00; 290 Kilogram(s) @ EUR 0;10/KG),Org. Terminal Handling-Forwarder Greater of Rate EUR 15;00; 290 Kilogram(s) @ EUR 0;10/KG),1,29.0,Accessorial / Delivery Surcharge,Additional Handling,tfidf_fallback
Org. Terminal Handling-Forwarder Greater of Rate EUR 15;00; 625 Kilogram(s) @ EUR 0;10/KG),Org. Terminal Handling-Forwarder Greater of Rate EUR 15;00; 625 Kilogram(s) @ EUR 0;10/KG),1,62.5,Accessorial / Delivery Surcharge,Additional Handling,tfidf_fallback
Org. Terminal Handling-Forwarder Greater of Rate EUR 30;00; 22 Kilogram(s) @ EUR 0;12/KG),Org. Terminal Handling-Forwarder Greater of Rate EUR 30;00; 22 Kilogram(s) @ EUR 0;12/KG),1,30.0,Accessorial / Delivery Surcharge,Additional Handling,tfidf_fallback
Org. Terminal Handling-Forwarder Greater of Rate EUR 30;00; 308 Kilogram(s) @ EUR 0;12/KG),Org. Terminal Handling-Forwarder Greater of Rate EUR 30;00; 308 Kilogram(s) @ EUR 0;12/KG),1,36.96,Accessorial / Delivery Surcharge,Additional Handling,tfidf_fallback
Org. Terminal Handling-Forwarder Greater of Rate EUR 30;00; 493 Kilogram(s) @ EUR 0;12/KG),Org. Terminal Handling-Forwarder Greater of Rate EUR 30;00; 493 Kilogram(s) @ EUR 0;12/KG),1,59.16,Accessorial / Delivery Surcharge,Additional Handling,tfidf_fallback
Org. Terminal Handling-Forwarder Greater of Rate EUR 30;00; 504 Kilogram(s) @ EUR 0;12/KG),Org. Terminal Handling-Forwarder Greater of Rate EUR 30;00; 504 Kilogram(s) @ EUR 0;12/KG),1,60.48,Accessorial / Delivery Surcharge,Additional Handling,tfidf_fallback
Org. Terminal Handling-Forwarder Greater of Rate EUR 30;00; 850 Kilogram(s) @ EUR 0;12/KG),Org. Terminal Handling-Forwarder Greater of Rate EUR 30;00; 850 Kilogram(s) @ EUR 0;12/KG),1,102.0,Accessorial / Delivery Surcharge,Additional Handling,tfidf_fallback
Org. Terminal Handling-Forwarder Rate EUR 15;00; 298;5 Kilogram(s) @,Org. Terminal Handling-Forwarder Rate EUR 15;00; 298;5 Kilogram(s) @,1,29.85,Accessorial / Delivery Surcharge,Additional Handling,tfidf_fallback
Origin Charges,Origin Charges,2,724.46,Other / Uncategorized,Unclassified,none
Origin Charges Per Kilo,Origin Charges Per Kilo,5,605.6800000000001,Other / Uncategorized,Unclassified,none
Origin Charges Per Shipment,Origin Charges Per Shipment,19,2291.0,Administrative & Service Fees,Billing Adjustment / Correction,tfidf_fallback
Origin Container Demurrage,Origin Container Demurrage,5,770.0,Administrative & Service Fees,Package Handling / Storage,tfidf_fallback
Origin Container Drayage,Origin Container Drayage,2,2655.0,Other / Uncategorized,Unclassified,none
Origin Documentation Fee,Origin Documentation Fee,3,202.0,Administrative & Service Fees,Document Fee,tfidf_fallback
Origin Handling,Origin Handling,14,1408.0,Accessorial / Delivery Surcharge,Additional Handling,tfidf_fallback
Origin Handling Fee,Origin Handling Fee,13,340.0,Accessorial / Delivery Surcharge,Additional Handling,tfidf_fallback
Origin Handling Fee Busan port charge,Origin Handling Fee Busan port charge,1,140.0,Accessorial / Delivery Surcharge,Additional Handling,tfidf_fallback
Origin Terminal Handling,Origin Terminal Handling,5,182.95,Accessorial / Delivery Surcharge,Additional Handling,tfidf_fallback
Origin Terminal Handling Charge (THC),Origin Terminal Handling Charge (THC),2,2033.5,Accessorial / Delivery Surcharge,Additional Handling,tfidf_fallback
Origin Terminal Handling charge,Origin Terminal Handling charge,1,54.0,Accessorial / Delivery Surcharge,Additional Handling,tfidf_fallback
Origin Transfer Fee,Origin Transfer Fee,12,2183.76,Other / Uncategorized,Unclassified,none
Origin Warehouse Services,Origin Warehouse Services,1,119.98,Administrative & Service Fees,Package Handling / Storage,tfidf_fallback
Original VAT,Original VAT,23,8758.34,Taxes & Customs,VAT,rule
Other Charges,Other Charges,1,1051.0,Other / Uncategorized,Unclassified,none
Other Government Agency Fee,Other Government Agency Fee,23,283.68,Other / Uncategorized,Unclassified,none
Out of Delivery Area Tier B,Out of Delivery Area Tier B,7,343.0,Accessorial / Delivery Surcharge,Delivery Area Surcharge (DAS),tfidf_fallback
Out of Pickup Area Tier B,Out of Pickup Area Tier B,2,98.0,Administrative & Service Fees,Pickup Service,rule
Overlength Article,Overlength Article,3,1485.0,Other / Uncategorized,Unclassified,none
Oversize Charge,Oversize Charge,16,2330.5,Accessorial / Delivery Surcharge,Delivery Area Surcharge (DAS),tfidf_fallback
PACSU PACKING SUPPLIES,PACSU PACKING SUPPLIES,8,263.53999999999996,Other / Uncategorized,Unclassified,none
PACSU PACKING SUPPLIES DTW STORAGE,PACSU PACKING SUPPLIES DTW STORAGE,5,300.0,Administrative & Service Fees,Package Handling / Storage,rule
PACSU PACKING SUPPLIES UN LABELS,PACSU PACKING SUPPLIES UN LABELS,2,20.0,Administrative & Service Fees,Returns / Print Label Fee,tfidf_fallback
PACSU PACKING SUPPLIES UN LABELS 2.000 10.0000,PACSU PACKING SUPPLIES UN LABELS 2.000 10.0000,1,20.0,Administrative & Service Fees,Returns / Print Label Fee,tfidf_fallback
PAIL UN1688; SODIUM CACODYLATE; 6.1; PG 85.0 551 186.65,PAIL UN1688; SODIUM CACODYLATE; 6.1; PG 85.0 551 186.65,1,1028.44,Other / Uncategorized,Unclassified,none
PALLET CHARGEABLE WEIGHT 100 44 29.04,PALLET CHARGEABLE WEIGHT 100 44 29.04,1,12.78,Line Haul / Base Transportation,General / Mode Not Specified,tfidf_fallback
PALLET FILM OR SHEETING NOI - DENSITY 30 o 55.0 971 107.35,PALLET FILM OR SHEETING NOI - DENSITY 30 o 55.0 971 107.35,1,1042.37,Other / Uncategorized,Unclassified,none
PALLET I168920-6 DVDS 15 BLT22.5 PCF 100.0 266 399.36,PALLET I168920-6 DVDS 15 BLT22.5 PCF 100.0 266 399.36,1,1062.3,Other / Uncategorized,Unclassified,none
PALLET MACHINERY 5 BLT 10 PCF 125.0 200 F/C,PALLET MACHINERY 5 BLT 10 PCF 125.0 200 F/C,1,134.0,Other / Uncategorized,Unclassified,none
PALLET STEEL EXPANSION TANK - OTHER THAN B 150.0 167 F/C,PALLET STEEL EXPANSION TANK - OTHER THAN B 150.0 167 F/C,1,134.0,Other / Uncategorized,Unclassified,none
PALLET WEIGHT CL50 50 700 15.43,PALLET WEIGHT CL50 50 700 15.43,1,108.01,Line Haul / Base Transportation,General / Mode Not Specified,tfidf_fallback
PALLET WEIGHT CL50 60 300 FLAT,PALLET WEIGHT CL50 60 300 FLAT,1,539.67,Line Haul / Base Transportation,General / Mode Not Specified,tfidf_fallback
PALLET WEIGHT CL50 60 50 FLAT,PALLET WEIGHT CL50 60 50 FLAT,1,174.53,Line Haul / Base Transportation,General / Mode Not Specified,tfidf_fallback
PALLETS 70 380 32.50 (PLASTIC),PALLETS 70 380 32.50 (PLASTIC),1,123.5,Other / Uncategorized,Unclassified,none
PAPER CORES OR TUBES 1 Each $1;143.33,PAPER CORES OR TUBES 1 Each $1;143.33,1,1143.33,Other / Uncategorized,Unclassified,none
PARK PARKING FEES,PARK PARKING FEES,15,45.75,Administrative & Service Fees,Third Party Billing,tfidf_fallback
PARK PARKING FEES @ PU,PARK PARKING FEES @ PU,1,2.0,Administrative & Service Fees,Third Party Billing,tfidf_fallback
PARKING,PARKING,9,75.0,Other / Uncategorized,Unclassified,none
PARTS 70 1945 16.18,PARTS 70 1945 16.18,1,314.7,Administrative & Service Fees,Third Party Billing,tfidf_fallback
PARTS 70 2000 16.18,PARTS 70 2000 16.18,1,323.6,Administrative & Service Fees,Third Party Billing,tfidf_fallback
PGA Disclaim Fee,PGA Disclaim Fee,118,1469.1,Discounts,General Discount,tfidf_fallback
PGA FILING,PGA FILING,85,2550.0,Accessorial / Delivery Surcharge,Additional Handling,tfidf_fallback
PGA LINES,PGA LINES,27,418.0,Other / Uncategorized,Unclassified,none
PGA Processing Fee,PGA Processing Fee,185,2360.8,Taxes & Customs,Customs / Brokerage,tfidf_fallback
PI CKUP,PI CKUP,5,249.02,Administrative & Service Fees,Pickup Service,tfidf_fallback
PI CKUP E,PI CKUP E,10,768.95,Administrative & Service Fees,Pickup Service,tfidf_fallback
PI CKUP Z,PI CKUP Z,1,110.45,Administrative & Service Fees,Pickup Service,tfidf_fallback
PI I CKUP E,PI I CKUP E,1,81.77,Administrative & Service Fees,Pickup Service,tfidf_fallback
PICK UP,PICK UP,18,4083.79,Administrative & Service Fees,Pickup Service,tfidf_fallback
PICK-UP SEFL,PICK-UP SEFL,1,255.0,Administrative & Service Fees,Pickup Service,tfidf_fallback
PICK-UP TRUCK OPS CARRIER,PICK-UP TRUCK OPS CARRIER,1,320.0,Credits,Credit From Carrier,tfidf_fallback
PICKUP,PICKUP,125,20078.51,Administrative & Service Fees,Pickup Service,rule
PIECE CABLE OR WIRE 040/36/53 1 PC 70.0 640 122.00,PIECE CABLE OR WIRE 040/36/53 1 PC 70.0 640 122.00,1,780.8,Other / Uncategorized,Unclassified,none
PIECE CABLE OR WIRE 042/42/26 1 PC 70.0 696 122.00,PIECE CABLE OR WIRE 042/42/26 1 PC 70.0 696 122.00,1,849.12,Other / Uncategorized,Unclassified,none
PIECE FILM OR SHEETING LT 15 PCF 048/40/ 110.0 225 F/C,PIECE FILM OR SHEETING LT 15 PCF 048/40/ 110.0 225 F/C,1,134.0,Other / Uncategorized,Unclassified,none
PIECE FILM OR SHEETING NOI - DENSITY LESS 92.5 122 F/C,PIECE FILM OR SHEETING NOI - DENSITY LESS 92.5 122 F/C,1,151.0,Other / Uncategorized,Unclassified,none
PIECE FUME HOOD 038/30/34 1,PIECE FUME HOOD 038/30/34 1,1,626.39,Other / Uncategorized,Unclassified,none
PIECE FUME HOOD 081/31/73 1,PIECE FUME HOOD 081/31/73 1,1,2436.52,Other / Uncategorized,Unclassified,none
PIECE FUME HOOD 081/31/73 1 PC,PIECE FUME HOOD 081/31/73 1 PC,1,2430.35,Other / Uncategorized,Unclassified,none
PIECE FURNE HOOD 055/36/85 1,PIECE FURNE HOOD 055/36/85 1,1,1970.8,Other / Uncategorized,Unclassified,none
PIECE MEDICAL SUPPLIES NOI - DENSITY 6 BU 125.0 157 F/C,PIECE MEDICAL SUPPLIES NOI - DENSITY 6 BU 125.0 157 F/C,1,139.0,Other / Uncategorized,Unclassified,none
PIECE MEDICAL SUPPLIES NOI DENSITY 6 BUT 125.0 250 F/C,PIECE MEDICAL SUPPLIES NOI DENSITY 6 BUT 125.0 250 F/C,1,128.0,Other / Uncategorized,Unclassified,none
PIECE STEEL EXPANSION TANK OTHER THAN BOX 150.0 1;352 147.69,PIECE STEEL EXPANSION TANK OTHER THAN BOX 150.0 1;352 147.69,1,1996.77,Other / Uncategorized,Unclassified,none
PLASTIC ARTICLES 100 378 MIN,PLASTIC ARTICLES 100 378 MIN,1,118.25,Other / Uncategorized,Unclassified,none
PLASTIC ARTICLES NMFC,PLASTIC ARTICLES NMFC,1,3813.09,Other / Uncategorized,Unclassified,none
PLASTIC ARTICLES ,PLASTIC ARTICLES ,1,1396.14,Other / Uncategorized,Unclassified,none
PLASTIC PARTS,PLASTIC PARTS,4,6160.209999999999,Administrative & Service Fees,Third Party Billing,tfidf_fallback
PLASTIC PARTS DIMENSIONS: 48X 40 X 24,PLASTIC PARTS DIMENSIONS: 48X 40 X 24,1,1704.52,Other / Uncategorized,Unclassified,none
PORT CHARGE,PORT CHARGE,1,75.0,Line Haul / Base Transportation,General / Mode Not Specified,tfidf_fallback
PPS Critical (American Airlines),PPS Critical (American Airlines),38,3314.35,Other / Uncategorized,Unclassified,none
PR Std Lg 20x20x12,PR Std Lg 20x20x12,1,11.99,Other / Uncategorized,Unclassified,none
PRE-MANIFEST FEE,PRE-MANIFEST FEE,1,15.0,Other / Uncategorized,Unclassified,none
PREMIUM 12:00,PREMIUM 12:00,235,1175.0,Other / Uncategorized,Unclassified,none
PREPULL,PREPULL,1,175.0,Other / Uncategorized,Unclassified,none
PREVALIDATION (PRV),PREVALIDATION (PRV),1,21.91,Other / Uncategorized,Unclassified,none
PRINTED LABELS 55 514 23.23,PRINTED LABELS 55 514 23.23,1,119.4,Administrative & Service Fees,Returns / Print Label Fee,rule
PRINTED LABELS 55 549 23.23,PRINTED LABELS 55 549 23.23,1,127.53,Administrative & Service Fees,Returns / Print Label Fee,rule
PRINTED LABELS 55 685 23.23,PRINTED LABELS 55 685 23.23,1,159.13,Administrative & Service Fees,Returns / Print Label Fee,rule
PRINTED LABELS 55 840 17.56,PRINTED LABELS 55 840 17.56,1,147.5,Administrative & Service Fees,Returns / Print Label Fee,rule
PRINTED LABELS 55 951 17.56,PRINTED LABELS 55 951 17.56,1,167.0,Administrative & Service Fees,Returns / Print Label Fee,rule
PRINTED MATERIAL,PRINTED MATERIAL,2,2106.0,Administrative & Service Fees,Returns / Print Label Fee,tfidf_fallback
PROCOMER FEE,PROCOMER FEE,8,387.0,Other / Uncategorized,Unclassified,none
PROCOMER FEE (FACTURA CONSOLIDADA DUAS LOCALES),PROCOMER FEE (FACTURA CONSOLIDADA DUAS LOCALES),1,51.0,Other / Uncategorized,Unclassified,none
PT OTHERS,PT OTHERS,5,16645.9,Other / Uncategorized,Unclassified,none
Package Tape HeavyDutyGreener,Package Tape HeavyDutyGreener,1,3.99,Taxes & Customs,Duty & Import Tax,rule
Pallet 1/1 US/CA uses only 085 545 84447,Pallet 1/1 US/CA uses only 085 545 84447,1,4602.36,Other / Uncategorized,Unclassified,none
Pallet 1/1 US/CA uses only 100 381 55025,Pallet 1/1 US/CA uses only 100 381 55025,1,2096.45,Other / Uncategorized,Unclassified,none
Pallet Palstic Articles Density,Pallet Palstic Articles Density,1,134.0,Other / Uncategorized,Unclassified,none
Paper Goods or Articles; viz. 085 455 40832,Paper Goods or Articles; viz. 085 455 40832,1,1857.86,Other / Uncategorized,Unclassified,none
Paper Goods or Articles; viz. 092 1510 29055,Paper Goods or Articles; viz. 092 1510 29055,1,4387.31,Other / Uncategorized,Unclassified,none
Parking,Parking,1,2.0,Other / Uncategorized,Unclassified,none
Peak Season Surcharge,Peak Season Surcharge,10,2189.87,Accessorial / Delivery Surcharge,Demand / Peak Surcharge,rule
Per invoice pay $281.20,Per invoice pay $281.20,1,281.2,Other / Uncategorized,Unclassified,none
Performance Pricing,Performance Pricing,118,-2522.82,Other / Uncategorized,Unclassified,none
Pharma check,Pharma check,3,145.0,Other / Uncategorized,Unclassified,none
Pharma check 0,Pharma check 0,3,265.0,Other / Uncategorized,Unclassified,none
Pharma check ,Pharma check ,3,175.0,Other / Uncategorized,Unclassified,none
Pick & Hold Car,Pick & Hold Car,31,1153.25,Administrative & Service Fees,Pickup Service,tfidf_fallback
Pick Up Cartage,Pick Up Cartage,24,11511.9,Administrative & Service Fees,Pickup Service,tfidf_fallback
Pick Up via Truck,Pick Up via Truck,5,1055.0,Administrative & Service Fees,Pickup Service,tfidf_fallback
Pick Up via Truck 1 Shipment,Pick Up via Truck 1 Shipment,2,330.0,Administrative & Service Fees,Pickup Service,tfidf_fallback
Pick Up via Truck 224,Pick Up via Truck 224,1,22.4,Administrative & Service Fees,Pickup Service,tfidf_fallback
Pick Up via Truck Greater of (Min Rate 290 Kilogram(s) @ EUR 0;10/KG),Pick Up via Truck Greater of (Min Rate 290 Kilogram(s) @ EUR 0;10/KG),1,29.0,Administrative & Service Fees,Pickup Service,tfidf_fallback
Pick Up via Truck Greater of (Min Rate 80 Kilogram(s) @ EUR 0;10/KG),Pick Up via Truck Greater of (Min Rate 80 Kilogram(s) @ EUR 0;10/KG),1,15.0,Administrative & Service Fees,Pickup Service,tfidf_fallback
Pick Up via Truck Greater of (Min Rate EUR 15;00; 100 KG @ EUR 0;10/KG),Pick Up via Truck Greater of (Min Rate EUR 15;00; 100 KG @ EUR 0;10/KG),1,15.0,Administrative & Service Fees,Pickup Service,tfidf_fallback
Pick Up via Truck Greater of (Min Rate EUR 15;00; 123;5 Kilogram(s) @ EUR 0;10/KG),Pick Up via Truck Greater of (Min Rate EUR 15;00; 123;5 Kilogram(s) @ EUR 0;10/KG),1,15.0,Administrative & Service Fees,Pickup Service,tfidf_fallback
Pick Up via Truck Greater of (Min Rate EUR 15;00; 1412;5 Kilogram(s) @ EUR 0;10/KG),Pick Up via Truck Greater of (Min Rate EUR 15;00; 1412;5 Kilogram(s) @ EUR 0;10/KG),1,141.25,Administrative & Service Fees,Pickup Service,tfidf_fallback
Pick Up via Truck Greater of (Min Rate EUR 15;00; 22 Kilogram(s) @ EUR 0;10/KG),Pick Up via Truck Greater of (Min Rate EUR 15;00; 22 Kilogram(s) @ EUR 0;10/KG),1,15.0,Administrative & Service Fees,Pickup Service,tfidf_fallback
Pick Up via Truck Greater of (Min Rate EUR 15;00; 250 Kilogram(s) @ EUR 0;10/KG),Pick Up via Truck Greater of (Min Rate EUR 15;00; 250 Kilogram(s) @ EUR 0;10/KG),1,25.0,Administrative & Service Fees,Pickup Service,tfidf_fallback
Pick Up via Truck Greater of (Min Rate EUR 15;00; 274 Kilogram(s) @ EUR 0;10/KG),Pick Up via Truck Greater of (Min Rate EUR 15;00; 274 Kilogram(s) @ EUR 0;10/KG),1,27.4,Administrative & Service Fees,Pickup Service,tfidf_fallback
Pick Up via Truck Greater of (Min Rate EUR 15;00; 298;5 Kilogram(s) @ EUR 0;10/KG),Pick Up via Truck Greater of (Min Rate EUR 15;00; 298;5 Kilogram(s) @ EUR 0;10/KG),1,29.85,Administrative & Service Fees,Pickup Service,tfidf_fallback
Pick Up via Truck Greater of (Min Rate EUR 15;00; 308 Kilogram(s) @ EUR 0;10/KG),Pick Up via Truck Greater of (Min Rate EUR 15;00; 308 Kilogram(s) @ EUR 0;10/KG),1,30.8,Administrative & Service Fees,Pickup Service,tfidf_fallback
Pick Up via Truck Greater of (Min Rate EUR 15;00; 493 Kilogram(s) @ EUR 0;10/KG),Pick Up via Truck Greater of (Min Rate EUR 15;00; 493 Kilogram(s) @ EUR 0;10/KG),1,49.3,Administrative & Service Fees,Pickup Service,tfidf_fallback
Pick Up via Truck Greater of (Min Rate EUR 15;00; 504 Kilogram(s) @ EUR 0;10/KG),Pick Up via Truck Greater of (Min Rate EUR 15;00; 504 Kilogram(s) @ EUR 0;10/KG),1,50.4,Administrative & Service Fees,Pickup Service,tfidf_fallback
Pick Up via Truck Greater of (Min Rate EUR 15;00; 588;5 Kilogram(s) @ EUR 0;10/KG),Pick Up via Truck Greater of (Min Rate EUR 15;00; 588;5 Kilogram(s) @ EUR 0;10/KG),1,58.85,Administrative & Service Fees,Pickup Service,tfidf_fallback
Pick Up via Truck Greater of (Min Rate EUR 15;00; 625 Kilogram(s) @ EUR 0;10/KG),Pick Up via Truck Greater of (Min Rate EUR 15;00; 625 Kilogram(s) @ EUR 0;10/KG),1,62.5,Administrative & Service Fees,Pickup Service,tfidf_fallback
Pick Up via Truck Greater of (Min Rate EUR 15;00; 648 Kilogram(s) @ EUR 0;10/KG),Pick Up via Truck Greater of (Min Rate EUR 15;00; 648 Kilogram(s) @ EUR 0;10/KG),1,64.8,Administrative & Service Fees,Pickup Service,tfidf_fallback
Pick Up via Truck Greater of (Min Rate EUR 15;00; 70 Kilogram(s) @ EUR 0;10/KG),Pick Up via Truck Greater of (Min Rate EUR 15;00; 70 Kilogram(s) @ EUR 0;10/KG),1,15.0,Administrative & Service Fees,Pickup Service,tfidf_fallback
Pick Up via Truck Greater of (Min Rate EUR 15;00; 850 Kilogram(s) @ EUR 0;10/KG),Pick Up via Truck Greater of (Min Rate EUR 15;00; 850 Kilogram(s) @ EUR 0;10/KG),1,85.0,Administrative & Service Fees,Pickup Service,tfidf_fallback
Pick Up via Truck Greater of (Min Rate EUR 15;00; 87 Kilogram(s) @ EUR 0;10/KG),Pick Up via Truck Greater of (Min Rate EUR 15;00; 87 Kilogram(s) @ EUR 0;10/KG),1,15.0,Administrative & Service Fees,Pickup Service,tfidf_fallback
Pick Up via Truck Greater of (Min Rate EUR 15;00; Zero Rated 1.,Pick Up via Truck Greater of (Min Rate EUR 15;00; Zero Rated 1.,1,15.0,Administrative & Service Fees,Pickup Service,tfidf_fallback
Pick Up via Truck Greater of (Min Rate EUR 95;5 Kilogram(s) @ EUR 0;10/KG),Pick Up via Truck Greater of (Min Rate EUR 95;5 Kilogram(s) @ EUR 0;10/KG),1,15.0,Administrative & Service Fees,Pickup Service,tfidf_fallback
Pick Up via Truck ,Pick Up via Truck ,1,660.0,Administrative & Service Fees,Pickup Service,tfidf_fallback
Pick Up/Collection,Pick Up/Collection,3,224.19,Administrative & Service Fees,Pickup Service,tfidf_fallback
Pickup,Pickup,3,896.3199999999999,Administrative & Service Fees,Pickup Service,rule
Pickup Area Surcharge,Pickup Area Surcharge,6,37.2,Administrative & Service Fees,Pickup Service,rule
Pickup Cartage Attempt,Pickup Cartage Attempt,1,40.0,Administrative & Service Fees,Pickup Service,rule
Pickup Charge,Pickup Charge,3,925.0,Administrative & Service Fees,Pickup Service,rule
Port Congestion Fee,Port Congestion Fee,1,10.0,Taxes & Customs,Duty & Import Tax,tfidf_fallback
Pps Critical (American Airlines),Pps Critical (American Airlines),308,26965.399999999998,Other / Uncategorized,Unclassified,none
Pre Release Notification,Pre Release Notification,1,25.0,Other / Uncategorized,Unclassified,none
Pre-Release Notification Surcharge,Pre-Release Notification Surcharge,47,1000.38,Accessorial / Delivery Surcharge,Demand / Peak Surcharge,tfidf_fallback
Pre-vrijgave bericht toeslag,Pre-vrijgave bericht toeslag,3,57.75,Other / Uncategorized,Unclassified,none
Print Documents,Print Documents,19,246.2,Administrative & Service Fees,Document Fee,tfidf_fallback
Print Label,Print Label,21,27.599999999999998,Administrative & Service Fees,Returns / Print Label Fee,rule
Print Return Label,Print Return Label,69,72.45,Administrative & Service Fees,Returns / Print Label Fee,rule
Priority Alert,Priority Alert,5,90.0,Other / Uncategorized,Unclassified,none
Processing Fee,Processing Fee,1,92.04,Taxes & Customs,Customs / Brokerage,tfidf_fallback
ProvincialTax,ProvincialTax,20,130.16,Other / Uncategorized,Unclassified,none
Pst Quebec,Pst Quebec,1,42.79,Taxes & Customs,GST / HST,tfidf_fallback
QST,QST,60,178.19,Taxes & Customs,GST / HST,tfidf_fallback
Quebec PST,Quebec PST,22,162.28,Taxes & Customs,GST / HST,tfidf_fallback
R&L'S DISCOUNT SAVES YOU,R&L'S DISCOUNT SAVES YOU,21,-4089.73,Discounts,General Discount,rule
RAW CASTINGS 50 330 MIN,RAW CASTINGS 50 330 MIN,1,118.25,Other / Uncategorized,Unclassified,none
RAW CASTINGS 50 332 MIN,RAW CASTINGS 50 332 MIN,1,118.25,Other / Uncategorized,Unclassified,none
RAW CASTINGS 60 373 MIN,RAW CASTINGS 60 373 MIN,1,118.25,Other / Uncategorized,Unclassified,none
RD2 DEST REDELIVERY ATTEMPT 2 M,RD2 DEST REDELIVERY ATTEMPT 2 M,1,175.5,Accessorial / Delivery Surcharge,Delivery Area Surcharge (DAS),tfidf_fallback
RECH PU AND HOLD,RECH PU AND HOLD,8,400.0,Other / Uncategorized,Unclassified,none
RECH RECOVER AND HOLD,RECH RECOVER AND HOLD,1,50.0,Other / Uncategorized,Unclassified,none
RECONSIGNMENT,RECONSIGNMENT,1,1228.41,Other / Uncategorized,Unclassified,none
RECONSIGNMENT CHARGES AT DESTN RECD,RECONSIGNMENT CHARGES AT DESTN RECD,4,984.6700000000001,Other / Uncategorized,Unclassified,none
REDELIVERY CHARGES RDEL,REDELIVERY CHARGES RDEL,3,460.0,Accessorial / Delivery Surcharge,Delivery Area Surcharge (DAS),tfidf_fallback
REGULATORY FEE,REGULATORY FEE,3,990.83,Other / Uncategorized,Unclassified,none
REMOTE AREA DELIVERY,REMOTE AREA DELIVERY,12,288.0,Accessorial / Delivery Surcharge,Delivery Area Surcharge (DAS),tfidf_fallback
REMOTE LOCATIONS SURCHARGE DESTN RMLOCD,REMOTE LOCATIONS SURCHARGE DESTN RMLOCD,4,236.0,Accessorial / Delivery Surcharge,Demand / Peak Surcharge,tfidf_fallback
REMOTE TABLE M,REMOTE TABLE M,1,40.0,Other / Uncategorized,Unclassified,none
RESIDENTIAL DELIVERY,RESIDENTIAL DELIVERY,1,64.63,Accessorial / Delivery Surcharge,Residential Delivery/Surcharge,rule
RESIDENTIAL PICKUP CHARGE,RESIDENTIAL PICKUP CHARGE,1,105.0,Accessorial / Delivery Surcharge,Residential Delivery/Surcharge,rule
RESTRICTED DESTINATION,RESTRICTED DESTINATION,4,120.0,Other / Uncategorized,Unclassified,none
RETURN,RETURN,1,300.0,Administrative & Service Fees,Returns / Print Label Fee,tfidf_fallback
REUSABLE BOXES 70 250 MIN,REUSABLE BOXES 70 250 MIN,1,158.29,Other / Uncategorized,Unclassified,none
REUSABLE BOXES 70 90 MIN,REUSABLE BOXES 70 90 MIN,1,158.29,Other / Uncategorized,Unclassified,none
REUSABLE CRATES 70 400 24.73,REUSABLE CRATES 70 400 24.73,1,98.92,Other / Uncategorized,Unclassified,none
REUSABLE WOODEN CRATES 125 250 MIN,REUSABLE WOODEN CRATES 125 250 MIN,1,158.29,Other / Uncategorized,Unclassified,none
REUSABLE WOODEN CRATES 70 250 MIN,REUSABLE WOODEN CRATES 70 250 MIN,3,474.87,Other / Uncategorized,Unclassified,none
REUSABLE WOODEN CRATES 70 500 MIN,REUSABLE WOODEN CRATES 70 500 MIN,2,316.58,Other / Uncategorized,Unclassified,none
REUSABLE WOODEN CRATES 70 750 30.74,REUSABLE WOODEN CRATES 70 750 30.74,1,230.55,Other / Uncategorized,Unclassified,none
REWEIGH FEE,REWEIGH FEE,1,40.0,Other / Uncategorized,Unclassified,none
REWEIGH OR RECLASSIFY 850,REWEIGH OR RECLASSIFY 850,1,39.0,Other / Uncategorized,Unclassified,none
ROUGH IRON CASTINGS NOIBN 50 13505 7.44,ROUGH IRON CASTINGS NOIBN 50 13505 7.44,1,1004.77,Other / Uncategorized,Unclassified,none
"Rated As, Deficit Weight","Rated As, Deficit Weight",2,1108.5,Line Haul / Base Transportation,General / Mode Not Specified,tfidf_fallback
Rated As; Deficit Weight,Rated As; Deficit Weight,4,2191.28,Line Haul / Base Transportation,General / Mode Not Specified,tfidf_fallback
Rebill Duty,Rebill Duty,1,163.6,Taxes & Customs,Duty & Import Tax,rule
Rebill Fee,Rebill Fee,47,1198.5,Administrative & Service Fees,Billing Adjustment / Correction,rule
Reclass,Reclass,1,93.29,Other / Uncategorized,Unclassified,none
Regularly Scheduled Pickup Mon-Fri,Regularly Scheduled Pickup Mon-Fri,94,3119.0,Administrative & Service Fees,Pickup Service,rule
Regularly Scheduled Pickup Sat,Regularly Scheduled Pickup Sat,8,96.0,Administrative & Service Fees,Pickup Service,rule
Remittance Charge,Remittance Charge,1,7.74,Accessorial / Delivery Surcharge,Demand / Peak Surcharge,tfidf_fallback
Remote Area Surcharge,Remote Area Surcharge,21,524.75,Accessorial / Delivery Surcharge,Delivery Area Surcharge (DAS),tfidf_fallback
Reroute - Web Request,Reroute - Web Request,9,162.0,Other / Uncategorized,Unclassified,none
Residential,Residential,9,43.56,Accessorial / Delivery Surcharge,Residential Delivery/Surcharge,rule
Residential Adjustment,Residential Adjustment,26,49.6,Accessorial / Delivery Surcharge,Residential Delivery/Surcharge,rule
Residential Delivery,Residential Delivery,3528,18797.079999999998,Accessorial / Delivery Surcharge,Residential Delivery/Surcharge,rule
Residential On-Call Pickup Surcharge,Residential On-Call Pickup Surcharge,28,166.6,Accessorial / Delivery Surcharge,Residential Delivery/Surcharge,rule
Residential Surcharge,Residential Surcharge,1006,3445.62,Accessorial / Delivery Surcharge,Residential Delivery/Surcharge,rule
Residential Surcharge Adjustment,Residential Surcharge Adjustment,34,120.9,Accessorial / Delivery Surcharge,Residential Delivery/Surcharge,rule
Residentieel,Residentieel,53,222.60000000000002,Accessorial / Delivery Surcharge,Residential Delivery/Surcharge,tfidf_fallback
Retourzendingen 3 UPS Ophaalpogingen,Retourzendingen 3 UPS Ophaalpogingen,67,794.1999999999999,Other / Uncategorized,Unclassified,none
Retourzendingen Additionele afhandelingskosten,Retourzendingen Additionele afhandelingskosten,2,69.25,Other / Uncategorized,Unclassified,none
Retourzendingen Brandstof toeslag,Retourzendingen Brandstof toeslag,78,1271.51,Fuel Surcharge,Domestic Fuel Surcharge,rule
Retourzendingen Brokerage Fees,Retourzendingen Brokerage Fees,2,30.39,Taxes & Customs,Customs / Brokerage,rule
Retourzendingen Extra Tariefposten,Retourzendingen Extra Tariefposten,1,44.0,Other / Uncategorized,Unclassified,none
Retourzendingen Inklaringstoeslag,Retourzendingen Inklaringstoeslag,22,161.7,Other / Uncategorized,Unclassified,none
Retourzendingen Invoerrecht,Retourzendingen Invoerrecht,20,696.77,Other / Uncategorized,Unclassified,none
Retourzendingen Label Print,Retourzendingen Label Print,16,41.8,Administrative & Service Fees,Returns / Print Label Fee,rule
Retourzendingen Pre-vrijgave bericht toeslag,Retourzendingen Pre-vrijgave bericht toeslag,38,731.5,Other / Uncategorized,Unclassified,none
Retourzendingen TB Express Saver,Retourzendingen TB Express Saver,13,449.3,Line Haul / Base Transportation,International / Export / Import Freight,tfidf_fallback
Retourzendingen TB Standard,Retourzendingen TB Standard,21,600.03,Other / Uncategorized,Unclassified,none
Retourzendingen Uitbetalingskosten,Retourzendingen Uitbetalingskosten,22,363.96000000000004,Other / Uncategorized,Unclassified,none
Retourzendingen Uitzonderlijke toeslag  Zakelijk,Retourzendingen Uitzonderlijke toeslag  Zakelijk,13,41.77,Other / Uncategorized,Unclassified,none
Retourzendingen WW Express Saver,Retourzendingen WW Express Saver,27,2932.23,Line Haul / Base Transportation,International / Export / Import Freight,rule
Retourzendingen WW Standard,Retourzendingen WW Standard,17,289.74,Other / Uncategorized,Unclassified,none
Return To Sender - Web Request,Return To Sender - Web Request,3,54.0,Administrative & Service Fees,Returns / Print Label Fee,tfidf_fallback
Returns / Undeliverables,Returns / Undeliverables,2,20.0,Accessorial / Delivery Surcharge,Delivery Area Surcharge (DAS),tfidf_fallback
Returns 2nd Day Air,Returns 2nd Day Air,14,352.52,Line Haul / Base Transportation,Air Freight,rule
Returns 3 UPS Pickup Attempts,Returns 3 UPS Pickup Attempts,2,20.9,Administrative & Service Fees,Pickup Service,rule
Returns Additional Handling Charge,Returns Additional Handling Charge,2,60.1,Accessorial / Delivery Surcharge,Additional Handling,rule
Returns Addl. Handling weight,Returns Addl. Handling weight,3,64.6,Accessorial / Delivery Surcharge,Additional Handling,tfidf_fallback
Returns Declared Value,Returns Declared Value,2,6.72,Administrative & Service Fees,Declared Value / Insurance,rule
Returns EPA Processing Fee,Returns EPA Processing Fee,1,26.0,Administrative & Service Fees,Returns / Print Label Fee,tfidf_fallback
Returns Electronic Label,Returns Electronic Label,5,5.75,Administrative & Service Fees,Returns / Print Label Fee,tfidf_fallback
Returns Extended Area P/U Surcharge-Origin,Returns Extended Area P/U Surcharge-Origin,1,60.0,Accessorial / Delivery Surcharge,Delivery Area Surcharge (DAS),tfidf_fallback
Returns FDA Clearance,Returns FDA Clearance,2,52.0,Administrative & Service Fees,Returns / Print Label Fee,tfidf_fallback
Returns Freight,Returns Freight,1,580.04,Line Haul / Base Transportation,General / Mode Not Specified,rule
Returns Fuel Surcharge,Returns Fuel Surcharge,165,1099.35,Fuel Surcharge,Domestic Fuel Surcharge,rule
Returns International Processing Fee,Returns International Processing Fee,24,60.0,Taxes & Customs,Customs / Brokerage,rule
Returns Next Day Air,Returns Next Day Air,10,411.33,Line Haul / Base Transportation,Air Freight,rule
Returns PGA Disclaim Fee,Returns PGA Disclaim Fee,23,185.0,Administrative & Service Fees,Returns / Print Label Fee,tfidf_fallback
Returns Pre-Release Notification Surcharge,Returns Pre-Release Notification Surcharge,1,25.0,Administrative & Service Fees,Returns / Print Label Fee,tfidf_fallback
Returns Print Label,Returns Print Label,159,186.29999999999998,Administrative & Service Fees,Returns / Print Label Fee,rule
Returns Surge Emergency Fee - Com,Returns Surge Emergency Fee - Com,2,15.68,Accessorial / Delivery Surcharge,Demand / Peak Surcharge,rule
Returns TB Express Saver,Returns TB Express Saver,1,16.69,Line Haul / Base Transportation,International / Export / Import Freight,tfidf_fallback
Returns WW Express,Returns WW Express,25,1950.79,Line Haul / Base Transportation,International / Export / Import Freight,rule
Revalidation - Service Fee,Revalidation - Service Fee,2,68.03,Other / Uncategorized,Unclassified,none
Reweigh,Reweigh,1,76.47,Other / Uncategorized,Unclassified,none
Reweigh to 5000lbs ,Reweigh to 5000lbs ,1,331.8,Other / Uncategorized,Unclassified,none
Road international (Export),Road international (Export),2,11380.0,Line Haul / Base Transportation,International / Export / Import Freight,rule
Road international (Export) -,Road international (Export) -,6,35500.0,Line Haul / Base Transportation,International / Export / Import Freight,rule
Road international (Export) -Belarus -,Road international (Export) -Belarus -,1,300.0,Line Haul / Base Transportation,International / Export / Import Freight,rule
Road transport,Road transport,3,747.66,Line Haul / Base Transportation,General / Mode Not Specified,tfidf_fallback
Road transport 0,Road transport 0,5,746.65,Line Haul / Base Transportation,General / Mode Not Specified,tfidf_fallback
Road transport charges,Road transport charges,4,9525.0,Line Haul / Base Transportation,General / Mode Not Specified,tfidf_fallback
Road transport ,Road transport ,3,133.26,Line Haul / Base Transportation,General / Mode Not Specified,tfidf_fallback
Rolls,Rolls,1,900.0,Other / Uncategorized,Unclassified,none
SAF Contribution 0 Charge,SAF Contribution 0 Charge,1,2.8,Other / Uncategorized,Unclassified,none
SCHEDULED APPOINTMENT DELIVERY ,SCHEDULED APPOINTMENT DELIVERY ,1,10.0,Accessorial / Delivery Surcharge,Delivery Area Surcharge (DAS),tfidf_fallback
SCREENING,SCREENING,28,902.69,Accessorial / Delivery Surcharge,Security Surcharge,rule
SEALED AIR CORP PRODUCT 60 2323 9.97,SEALED AIR CORP PRODUCT 60 2323 9.97,1,231.6,Other / Uncategorized,Unclassified,none
SECURED LOCATIONS FEE,SECURED LOCATIONS FEE,1,25.0,Other / Uncategorized,Unclassified,none
SECURITY,SECURITY,1,50.0,Accessorial / Delivery Surcharge,Security Surcharge,tfidf_fallback
SECURITY FEE,SECURITY FEE,38,6297.47,Accessorial / Delivery Surcharge,Security Surcharge,tfidf_fallback
SECURITY FEE E,SECURITY FEE E,12,312.52,Accessorial / Delivery Surcharge,Security Surcharge,tfidf_fallback
SECURITY SURCHARGE,SECURITY SURCHARGE,4,60.0,Accessorial / Delivery Surcharge,Security Surcharge,rule
SECURITY \ SCREENING FEE 1;600 0.17,SECURITY \ SCREENING FEE 1;600 0.17,1,272.0,Accessorial / Delivery Surcharge,Security Surcharge,rule
SECURITY \ SCREENING FEE ,SECURITY \ SCREENING FEE ,1,76.84,Accessorial / Delivery Surcharge,Security Surcharge,rule
SERVICE RETURN TO WAREHOUSE,SERVICE RETURN TO WAREHOUSE,1,246.0,Administrative & Service Fees,Package Handling / Storage,tfidf_fallback
SHIPPING CHARGE CORRECTION AUDIT FEE,SHIPPING CHARGE CORRECTION AUDIT FEE,82,8511.61,Administrative & Service Fees,Billing Adjustment / Correction,rule
SHIPPING CORRECTION AUDIT FEE,SHIPPING CORRECTION AUDIT FEE,1,75.0,Administrative & Service Fees,Billing Adjustment / Correction,tfidf_fallback
SKD MEDICAL DEVICES CLASS 175.0 48.0 X 40.0 X 43.0 271 81785,SKD MEDICAL DEVICES CLASS 175.0 48.0 X 40.0 X 43.0 271 81785,1,2216.37,Other / Uncategorized,Unclassified,none
SMC MINIMUM ADJUSTMENT MCADJ ADJ,SMC MINIMUM ADJUSTMENT MCADJ ADJ,28,3069.61,Administrative & Service Fees,Billing Adjustment / Correction,tfidf_fallback
SPECIAL HANDLING - ORIG,SPECIAL HANDLING - ORIG,1,91.7,Accessorial / Delivery Surcharge,Additional Handling,tfidf_fallback
SPECIAL SERVICES (NO ADVANCES) AES,SPECIAL SERVICES (NO ADVANCES) AES,2,40.0,Other / Uncategorized,Unclassified,none
SPPU SPECIAL PICKUP,SPPU SPECIAL PICKUP,1,350.0,Administrative & Service Fees,Pickup Service,rule
SPRINTER VAN,SPRINTER VAN,1,400.0,Administrative & Service Fees,Returns / Print Label Fee,tfidf_fallback
SPSH HOLIDAY,SPSH HOLIDAY,3,300.0,Accessorial / Delivery Surcharge,Saturday / After Hours / Holiday,rule
SS,SS,4,167.18,Other / Uncategorized,Unclassified,none
SS E,SS E,2,121.28,Other / Uncategorized,Unclassified,none
STAINLESS SHAFTS 150 324 MIN,STAINLESS SHAFTS 150 324 MIN,1,118.25,Other / Uncategorized,Unclassified,none
STAMPED PARTS 70 1000 19.27,STAMPED PARTS 70 1000 19.27,3,578.0999999999999,Administrative & Service Fees,Third Party Billing,tfidf_fallback
STAMPED PARTS 70 2000 16.18,STAMPED PARTS 70 2000 16.18,2,647.2,Administrative & Service Fees,Third Party Billing,tfidf_fallback
STAMPED PARTS 70 2450 16.18,STAMPED PARTS 70 2450 16.18,1,396.41,Administrative & Service Fees,Third Party Billing,tfidf_fallback
STAMPED PARTS 70 3860 16.18,STAMPED PARTS 70 3860 16.18,1,624.55,Administrative & Service Fees,Third Party Billing,tfidf_fallback
STAMPED PTS 70 2000 16.18,STAMPED PTS 70 2000 16.18,1,323.6,Other / Uncategorized,Unclassified,none
STC 1 PC 65 1255 34.41,STC 1 PC 65 1255 34.41,1,431.85,Other / Uncategorized,Unclassified,none
STC 13 BXS 70 255 MIN,STC 13 BXS 70 255 MIN,1,173.02,Other / Uncategorized,Unclassified,none
STC 16BX 70 324 MIN,STC 16BX 70 324 MIN,1,173.02,Other / Uncategorized,Unclassified,none
STC 18BX 70 359 MIN,STC 18BX 70 359 MIN,1,173.02,Other / Uncategorized,Unclassified,none
STC 22 BXS 70 391 MIN,STC 22 BXS 70 391 MIN,1,173.02,Other / Uncategorized,Unclassified,none
STC 22BX 70 428 40.81,STC 22BX 70 428 40.81,1,174.67,Other / Uncategorized,Unclassified,none
STC 29BX 70 926 29.65,STC 29BX 70 926 29.65,1,274.56,Other / Uncategorized,Unclassified,none
STEEL NOI 50 470 MIN,STEEL NOI 50 470 MIN,1,118.25,Other / Uncategorized,Unclassified,none
STEEL RODS 50 625 28.78,STEEL RODS 50 625 28.78,1,179.88,Other / Uncategorized,Unclassified,none
STEEL RODS 50 632 28.78,STEEL RODS 50 632 28.78,1,181.89,Other / Uncategorized,Unclassified,none
STORAGE,STORAGE,14,2012.64,Administrative & Service Fees,Package Handling / Storage,rule
STORAGE CHARGES DESTINATION STGD 6000,STORAGE CHARGES DESTINATION STGD 6000,1,1140.0,Administrative & Service Fees,Package Handling / Storage,rule
STORAGE CHARGES STGC,STORAGE CHARGES STGC,1,2416.19,Administrative & Service Fees,Package Handling / Storage,rule
STORAGE PAID ON BEHALF,STORAGE PAID ON BEHALF,2,599.37,Administrative & Service Fees,Package Handling / Storage,rule
STRAIGHT TRUCK,STRAIGHT TRUCK,10,9750.0,Line Haul / Base Transportation,Ground,tfidf_fallback
SUBTOTAL *** WEIGHT & CHARGE,SUBTOTAL *** WEIGHT & CHARGE,5,588.82,Line Haul / Base Transportation,General / Mode Not Specified,tfidf_fallback
SWC DEST SUFFERANCE WAREHOUSE; GRP 1 M,SWC DEST SUFFERANCE WAREHOUSE; GRP 1 M,1,50.35,Administrative & Service Fees,Package Handling / Storage,tfidf_fallback
SWISS CUSTOMS FORM,SWISS CUSTOMS FORM,2,218.22,Taxes & Customs,Customs / Brokerage,rule
SYMPHONY - VISIBILITY,SYMPHONY - VISIBILITY,4,30.54,Other / Uncategorized,Unclassified,none
Sales Tax,Sales Tax,91,97.08,Taxes & Customs,Sales / General Tax,rule
Same Day OC Pickup Mon-Fri (CS),Same Day OC Pickup Mon-Fri (CS),2,25.81,Administrative & Service Fees,Pickup Service,rule
Same Day OC Pickup Mon-Fri (Online),Same Day OC Pickup Mon-Fri (Online),7,9.24,Administrative & Service Fees,Pickup Service,rule
Same Day Pickup - Web Request,Same Day Pickup - Web Request,2,31.5,Administrative & Service Fees,Pickup Service,rule
Saturday Delivery,Saturday Delivery,307,2513.18,Accessorial / Delivery Surcharge,Saturday / After Hours / Holiday,rule
Scheduled Appointment Delivery,Scheduled Appointment Delivery,1,10.0,Accessorial / Delivery Surcharge,Delivery Area Surcharge (DAS),tfidf_fallback
Seafreight 40' High,Seafreight 40' High,3,12735.0,Line Haul / Base Transportation,General / Mode Not Specified,tfidf_fallback
Seafreight 40' high,Seafreight 40' high,4,16680.0,Line Haul / Base Transportation,General / Mode Not Specified,tfidf_fallback
Seasonal Surcharge,Seasonal Surcharge,11,3275.76,Accessorial / Delivery Surcharge,Demand / Peak Surcharge,tfidf_fallback
Seasonal Surcharge ,Seasonal Surcharge ,1,593.75,Accessorial / Delivery Surcharge,Demand / Peak Surcharge,tfidf_fallback
Security Fees,Security Fees,4,432.95,Accessorial / Delivery Surcharge,Security Surcharge,tfidf_fallback
Security Surcharge,Security Surcharge,211,3497.4,Accessorial / Delivery Surcharge,Security Surcharge,rule
Security Surcharge - Greater of (Min Rate EUR 0;10;,Security Surcharge - Greater of (Min Rate EUR 0;10;,1,85.0,Accessorial / Delivery Surcharge,Security Surcharge,rule
Security Surcharge - Greater of (Min Rate EUR 0;10; 123;5 Kilogram(s) @ EUR 0;10/KG),Security Surcharge - Greater of (Min Rate EUR 0;10; 123;5 Kilogram(s) @ EUR 0;10/KG),1,12.35,Accessorial / Delivery Surcharge,Security Surcharge,rule
Security Surcharge - Greater of (Min Rate EUR 0;10; 22 Kilogram(s) @ EUR 0;10/KG),Security Surcharge - Greater of (Min Rate EUR 0;10; 22 Kilogram(s) @ EUR 0;10/KG),1,2.2,Accessorial / Delivery Surcharge,Security Surcharge,rule
Security Surcharge - Greater of (Min Rate EUR 0;10; 298.5 Kilogram(s) @ EUR 0;10/KG),Security Surcharge - Greater of (Min Rate EUR 0;10; 298.5 Kilogram(s) @ EUR 0;10/KG),1,29.85,Accessorial / Delivery Surcharge,Security Surcharge,rule
Security Surcharge - Greater of (Min Rate EUR 0;10; 493Kilogram(s) @ EUR 0;10/KG),Security Surcharge - Greater of (Min Rate EUR 0;10; 493Kilogram(s) @ EUR 0;10/KG),1,49.3,Accessorial / Delivery Surcharge,Security Surcharge,rule
Security Surcharge - Greater of (Min Rate EUR 0;10; 648 Kilogram(s) @ EUR 0;10/KG),Security Surcharge - Greater of (Min Rate EUR 0;10; 648 Kilogram(s) @ EUR 0;10/KG),1,64.8,Accessorial / Delivery Surcharge,Security Surcharge,rule
Security Surcharge Greater of (Min 290 Kilogram(s) @ EUR 0;10/KG),Security Surcharge Greater of (Min 290 Kilogram(s) @ EUR 0;10/KG),1,29.0,Accessorial / Delivery Surcharge,Security Surcharge,rule
Security Surcharge Greater of (Min 625 Kilogram(s) @ EUR 0;10/KG),Security Surcharge Greater of (Min 625 Kilogram(s) @ EUR 0;10/KG),1,62.5,Accessorial / Delivery Surcharge,Security Surcharge,rule
Security Surcharge Greater of (Min Rate,Security Surcharge Greater of (Min Rate,1,27.4,Accessorial / Delivery Surcharge,Security Surcharge,rule
Security Surcharge Greater of (Min Rate EUR 0;10;,Security Surcharge Greater of (Min Rate EUR 0;10;,2,149.95,Accessorial / Delivery Surcharge,Security Surcharge,rule
Security Surcharge Greater of (Min Rate EUR 0;10; 504 Kilogram(s) @ EUR 0;10/KG),Security Surcharge Greater of (Min Rate EUR 0;10; 504 Kilogram(s) @ EUR 0;10/KG),1,50.4,Accessorial / Delivery Surcharge,Security Surcharge,rule
Security Surcharge Greater of (Min Rate EUR 0;10; 588;5 Kilogram(s) @ EUR 0;10/KG),Security Surcharge Greater of (Min Rate EUR 0;10; 588;5 Kilogram(s) @ EUR 0;10/KG),1,58.85,Accessorial / Delivery Surcharge,Security Surcharge,rule
Security Surcharge Greater of (Min Rate EUR 0;10; 80 Kilogram(s) @ EUR 0;10/KG),Security Surcharge Greater of (Min Rate EUR 0;10; 80 Kilogram(s) @ EUR 0;10/KG),1,8.0,Accessorial / Delivery Surcharge,Security Surcharge,rule
Security Surcharge Greater of (Min Rate EUR 0;10; Zero Rated 1.,Security Surcharge Greater of (Min Rate EUR 0;10; Zero Rated 1.,1,10.0,Accessorial / Delivery Surcharge,Security Surcharge,rule
Security Surcharge Greater of (Min Rate EUR 122;5 Kilogram(s) @ EUR 0;10/KG),Security Surcharge Greater of (Min Rate EUR 122;5 Kilogram(s) @ EUR 0;10/KG),1,12.25,Accessorial / Delivery Surcharge,Security Surcharge,rule
Security Surcharge Greater of (Min Rate EUR 328 Kilogram(s) @ EUR 0;10/KG),Security Surcharge Greater of (Min Rate EUR 328 Kilogram(s) @ EUR 0;10/KG),1,32.8,Accessorial / Delivery Surcharge,Security Surcharge,rule
Security Surcharge Greater of (Min Rate EUR 95;5 Kilogram(s) @ EUR 0;10/KG),Security Surcharge Greater of (Min Rate EUR 95;5 Kilogram(s) @ EUR 0;10/KG),1,9.55,Accessorial / Delivery Surcharge,Security Surcharge,rule
Security Surcharge ,Security Surcharge ,1,30.8,Accessorial / Delivery Surcharge,Security Surcharge,rule
Security surcharge,Security surcharge,2,90.0,Accessorial / Delivery Surcharge,Security Surcharge,rule
Security surcharge 0,Security surcharge 0,5,225.0,Accessorial / Delivery Surcharge,Security Surcharge,rule
Security surcharge ,Security surcharge ,2,90.0,Accessorial / Delivery Surcharge,Security Surcharge,rule
Service Charge,Service Charge,90,3469.0,Other / Uncategorized,Unclassified,none
Setup Clearance,Setup Clearance,4,224.0,Other / Uncategorized,Unclassified,none
Shipping Charge Correction 2nd Day Air,Shipping Charge Correction 2nd Day Air,90,731.65,Administrative & Service Fees,Billing Adjustment / Correction,rule
Shipping Charge Correction 2nd Day Air A.M.,Shipping Charge Correction 2nd Day Air A.M.,3,97.84,Administrative & Service Fees,Billing Adjustment / Correction,rule
Shipping Charge Correction 3 Day Select,Shipping Charge Correction 3 Day Select,12,452.28000000000003,Administrative & Service Fees,Billing Adjustment / Correction,rule
Shipping Charge Correction Additional Handling,Shipping Charge Correction Additional Handling,90,1614.37,Accessorial / Delivery Surcharge,Additional Handling,rule
Shipping Charge Correction Additional Handling - Cubic Volume,Shipping Charge Correction Additional Handling - Cubic Volume,23,824.75,Accessorial / Delivery Surcharge,Additional Handling,rule
Shipping Charge Correction Additional Handling - Length+Girth,Shipping Charge Correction Additional Handling - Length+Girth,24,86.13,Accessorial / Delivery Surcharge,Additional Handling,rule
Shipping Charge Correction Addl. Handling weight,Shipping Charge Correction Addl. Handling weight,4,-82.25,Administrative & Service Fees,Billing Adjustment / Correction,rule
Shipping Charge Correction Demand Surcharge-Addl Handling,Shipping Charge Correction Demand Surcharge-Addl Handling,30,90.0,Accessorial / Delivery Surcharge,Additional Handling,rule
Shipping Charge Correction Expedited,Shipping Charge Correction Expedited,2,-9.44,Administrative & Service Fees,Billing Adjustment / Correction,rule
Shipping Charge Correction Express,Shipping Charge Correction Express,19,221.47,Administrative & Service Fees,Billing Adjustment / Correction,rule
Shipping Charge Correction Express Early,Shipping Charge Correction Express Early,2,144.2,Administrative & Service Fees,Billing Adjustment / Correction,rule
Shipping Charge Correction Express Saver,Shipping Charge Correction Express Saver,4,27.7,Administrative & Service Fees,Billing Adjustment / Correction,rule
Shipping Charge Correction Fuel Surcharge,Shipping Charge Correction Fuel Surcharge,4929,4833.13,Fuel Surcharge,Fuel Surcharge Correction,rule
Shipping Charge Correction Large Package Surcharge - Length + Girth,Shipping Charge Correction Large Package Surcharge - Length + Girth,6,1177.5,Administrative & Service Fees,Billing Adjustment / Correction,rule
Shipping Charge Correction Large Package Surcharge Comm - Cubic Volume,Shipping Charge Correction Large Package Surcharge Comm - Cubic Volume,4,533.0,Administrative & Service Fees,Billing Adjustment / Correction,rule
Shipping Charge Correction Next Day Air,Shipping Charge Correction Next Day Air,291,4660.08,Administrative & Service Fees,Billing Adjustment / Correction,rule
Shipping Charge Correction Next Day Air Early,Shipping Charge Correction Next Day Air Early,15,186.67,Administrative & Service Fees,Billing Adjustment / Correction,rule
Shipping Charge Correction Next Day Air Saver,Shipping Charge Correction Next Day Air Saver,11,100.13,Administrative & Service Fees,Billing Adjustment / Correction,rule
Shipping Charge Correction Standard,Shipping Charge Correction Standard,11,405.58,Administrative & Service Fees,Billing Adjustment / Correction,rule
Shipping Charge Correction Third Party Billing Service,Shipping Charge Correction Third Party Billing Service,75,21.09,Administrative & Service Fees,Billing Adjustment / Correction,rule
Shipping Charge Correction Worldwide Saver,Shipping Charge Correction Worldwide Saver,2,30.48,Administrative & Service Fees,Billing Adjustment / Correction,rule
Shipping correction charges,Shipping correction charges,1,41.77,Administrative & Service Fees,Billing Adjustment / Correction,tfidf_fallback
Skid/Pallet Weight 50 lbs. 24~ L X 31~ W X 25~ H Cnt,Skid/Pallet Weight 50 lbs. 24~ L X 31~ W X 25~ H Cnt,1,517.92,Line Haul / Base Transportation,General / Mode Not Specified,tfidf_fallback
Special Assessment Charge,Special Assessment Charge,4,72.22,Other / Uncategorized,Unclassified,none
Special DL,Special DL,1,65.0,Accessorial / Delivery Surcharge,Commercial / Business Delivery Surcharge,tfidf_fallback
Special Express Clearance,Special Express Clearance,1,54.62,Line Haul / Base Transportation,International / Export / Import Freight,tfidf_fallback
Special Services,Special Services,1,1.16,Accessorial / Delivery Surcharge,Commercial / Business Delivery Surcharge,tfidf_fallback
Standard,Standard,28,923.04,Other / Uncategorized,Unclassified,none
Standard Shipment,Standard Shipment,3,430.78,Other / Uncategorized,Unclassified,none
Standard to Canada,Standard to Canada,63,2662.05,Other / Uncategorized,Unclassified,none
Standard- Golf Bag Box,Standard- Golf Bag Box,1,26.99,Other / Uncategorized,Unclassified,none
Standard- Ground Brown Box,Standard- Ground Brown Box,3,16.47,Line Haul / Base Transportation,Ground,rule
Standard- Heavy Materials,Standard- Heavy Materials,1,13.99,Other / Uncategorized,Unclassified,none
"Standard- Large, 20x20x12","Standard- Large, 20x20x12",6,89.94,Other / Uncategorized,Unclassified,none
"Standard- Large, 20x20x20","Standard- Large, 20x20x20",2,35.98,Other / Uncategorized,Unclassified,none
"Standard- Large, 23x17x12","Standard- Large, 23x17x12",3,57.96,Other / Uncategorized,Unclassified,none
"Standard- Large, 24x24x24","Standard- Large, 24x24x24",1,21.99,Other / Uncategorized,Unclassified,none
"Standard- Medium, 16x16x16","Standard- Medium, 16x16x16",4,53.96,Other / Uncategorized,Unclassified,none
"Standard- Medium, 17x17x7","Standard- Medium, 17x17x7",3,34.47,Other / Uncategorized,Unclassified,none
"Standard- Small, 11x11x11","Standard- Small, 11x11x11",3,23.97,Other / Uncategorized,Unclassified,none
"Standard- Small, 12x12x18","Standard- Small, 12x12x18",3,31.47,Other / Uncategorized,Unclassified,none
"Standard- Small, 12x9x6","Standard- Small, 12x9x6",3,20.97,Other / Uncategorized,Unclassified,none
"Standard- Small, 13x9x11","Standard- Small, 13x9x11",7,55.93,Other / Uncategorized,Unclassified,none
"Standard- Small, 8x8x8","Standard- Small, 8x8x8",1,5.49,Other / Uncategorized,Unclassified,none
Standard-Large Slick Mailer,Standard-Large Slick Mailer,1,3.49,Other / Uncategorized,Unclassified,none
Std 28x28x28 275 lb Double Wall Boxes,Std 28x28x28 275 lb Double Wall Boxes,3,80.97,Other / Uncategorized,Unclassified,none
Storage,Storage,3,788.0,Administrative & Service Fees,Package Handling / Storage,rule
Storage Fee,Storage Fee,2,27910.64,Administrative & Service Fees,Package Handling / Storage,rule
Storage cool/freeze,Storage cool/freeze,1,103.27,Administrative & Service Fees,Package Handling / Storage,rule
Storage cool/freeze - dnata,Storage cool/freeze - dnata,1,103.27,Administrative & Service Fees,Package Handling / Storage,rule
Storage cool/freeze DNATA 0,Storage cool/freeze DNATA 0,1,103.27,Administrative & Service Fees,Package Handling / Storage,rule
Storage cool/freeze ,Storage cool/freeze ,1,103.27,Administrative & Service Fees,Package Handling / Storage,rule
Sunday Pickup,Sunday Pickup,1,250.0,Administrative & Service Fees,Pickup Service,rule
Surge Emergency Fee - Com,Surge Emergency Fee - Com,42,698.88,Accessorial / Delivery Surcharge,Demand / Peak Surcharge,rule
Surge Emergency Fee - Residential,Surge Emergency Fee - Residential,7,25.6,Accessorial / Delivery Surcharge,Residential Delivery/Surcharge,rule
Surge Fee - Addl Handling,Surge Fee - Addl Handling,27,306.25,Accessorial / Delivery Surcharge,Additional Handling,rule
Surge Fee - Large Package,Surge Fee - Large Package,13,2208.0,Administrative & Service Fees,Package Handling / Storage,tfidf_fallback
T/C,T/C,45,4082.4,Other / Uncategorized,Unclassified,none
T/C 7,T/C 7,1,23.05,Other / Uncategorized,Unclassified,none
TB Express,TB Express,79,1709.45,Line Haul / Base Transportation,International / Export / Import Freight,tfidf_fallback
TB Express Saver,TB Express Saver,1556,33877.06,Line Haul / Base Transportation,International / Export / Import Freight,tfidf_fallback
TB Standard Undeliverable Return,TB Standard Undeliverable Return,5,614.4900000000001,Accessorial / Delivery Surcharge,Delivery Area Surcharge (DAS),tfidf_fallback
TC PI CKUP,TC PI CKUP,1,500.0,Administrative & Service Fees,Pickup Service,tfidf_fallback
TC PICKUP,TC PICKUP,4,1289.66,Administrative & Service Fees,Pickup Service,rule
TELEX RELEASE FEE,TELEX RELEASE FEE,1,25.0,Other / Uncategorized,Unclassified,none
TERMINAL CHARGE,TERMINAL CHARGE,6,605.7,Accessorial / Delivery Surcharge,Demand / Peak Surcharge,tfidf_fallback
TERMINAL CHARGES,TERMINAL CHARGES,35,1225.0,Other / Uncategorized,Unclassified,none
TERMINAL HANDLING,TERMINAL HANDLING,1,280.0,Accessorial / Delivery Surcharge,Additional Handling,tfidf_fallback
TERMINAL HANDLING CH,TERMINAL HANDLING CH,1,165.0,Accessorial / Delivery Surcharge,Additional Handling,tfidf_fallback
TERMINAL HANDLING CHARGE - DEST,TERMINAL HANDLING CHARGE - DEST,3,576.53,Accessorial / Delivery Surcharge,Additional Handling,tfidf_fallback
TERMINAL HANDLING CHARGE-ORIG,TERMINAL HANDLING CHARGE-ORIG,13,520.0,Accessorial / Delivery Surcharge,Additional Handling,tfidf_fallback
TERMINAL HANDLING SECURITY FEE,TERMINAL HANDLING SECURITY FEE,2,297.15,Accessorial / Delivery Surcharge,Additional Handling,tfidf_fallback
TERMINAL HDLG DEST,TERMINAL HDLG DEST,36,6812.0,Taxes & Customs,GST / HST,tfidf_fallback
TERMINAL SECURITY FEE - ORIG,TERMINAL SECURITY FEE - ORIG,1,55.02,Accessorial / Delivery Surcharge,Security Surcharge,tfidf_fallback
TERMINAL SERVICE CHARGE,TERMINAL SERVICE CHARGE,6,1203.81,Other / Uncategorized,Unclassified,none
TERMINAL TRANSFER ON AIRPORT,TERMINAL TRANSFER ON AIRPORT,3,66.06,Line Haul / Base Transportation,Air Freight,tfidf_fallback
TERMINAL/HANDLING,TERMINAL/HANDLING,3,150.0,Accessorial / Delivery Surcharge,Additional Handling,tfidf_fallback
THC,THC,1,81.18,Other / Uncategorized,Unclassified,none
THC (Terminal - Handling Charge) Import,THC (Terminal - Handling Charge) Import,1,135.0,Line Haul / Base Transportation,International / Export / Import Freight,rule
THC (Terminal Handling Charge) - Export,THC (Terminal Handling Charge) - Export,3,217.13,Line Haul / Base Transportation,International / Export / Import Freight,rule
THC (Terminal Handling charge) - Import,THC (Terminal Handling charge) - Import,1,135.0,Line Haul / Base Transportation,International / Export / Import Freight,rule
THOMPSON INVESTMENT CASTING PRODUCT 60 115 MIN,THOMPSON INVESTMENT CASTING PRODUCT 60 115 MIN,1,118.25,Other / Uncategorized,Unclassified,none
THOMPSON INVESTMENT CASTING PRODUCT 60 127 MIN,THOMPSON INVESTMENT CASTING PRODUCT 60 127 MIN,1,118.25,Other / Uncategorized,Unclassified,none
TICA FEE,TICA FEE,1,40.0,Other / Uncategorized,Unclassified,none
TIME CRITICAL GTD - NOON,TIME CRITICAL GTD - NOON,4,600.0,Accessorial / Delivery Surcharge,Wait Time / Mileage / Toll,tfidf_fallback
TIME CRITICAL GTD LTL STD,TIME CRITICAL GTD LTL STD,1,75.0,Line Haul / Base Transportation,Ground,rule
TIME CRITICAL GTD LTL STDÃƒÂ‚Ã‚Â ,TIME CRITICAL GTD LTL STDÃƒÂ‚Ã‚Â ,1,75.0,Line Haul / Base Transportation,Ground,rule
TIME CRITICAL GTD ,TIME CRITICAL GTD ,1,150.0,Accessorial / Delivery Surcharge,Wait Time / Mileage / Toll,tfidf_fallback
TOL NEDERLAND,TOL NEDERLAND,1,0.44,Other / Uncategorized,Unclassified,none
TOLL,TOLL,1,1.04,Accessorial / Delivery Surcharge,Wait Time / Mileage / Toll,rule
TOLL TOLL CHARGES,TOLL TOLL CHARGES,74,520.7,Accessorial / Delivery Surcharge,Wait Time / Mileage / Toll,rule
TONU,TONU,1,97.0,Other / Uncategorized,Unclassified,none
TOTAL LINE HAUL,TOTAL LINE HAUL,1,508.57,Line Haul / Base Transportation,General / Mode Not Specified,rule
TRANSPORTATION COORD USD,TRANSPORTATION COORD USD,1,3350.0,Line Haul / Base Transportation,General / Mode Not Specified,tfidf_fallback
TRUCK CONGESTION,TRUCK CONGESTION,1,30.0,Line Haul / Base Transportation,Ground,tfidf_fallback
TRUCKING FEE,TRUCKING FEE,2,445.0,Line Haul / Base Transportation,Ground,tfidf_fallback
Tariff Update,Tariff Update,1,10.22,Other / Uncategorized,Unclassified,none
Taxes,Taxes,73,19918.0,Taxes & Customs,Sales / General Tax,rule
Third Party Billing,Third Party Billing,450,1282.04,Administrative & Service Fees,Third Party Billing,rule
Third Party Billing Service,Third Party Billing Service,419,486.03000000000003,Administrative & Service Fees,Third Party Billing,rule
Third Party Billing Service Adjustment,Third Party Billing Service Adjustment,2,0.56,Administrative & Service Fees,Third Party Billing,rule
Tijdlevering,Tijdlevering,2,150.0,Other / Uncategorized,Unclassified,none
Toeslag afgelegen gebied,Toeslag afgelegen gebied,7,265.3,Other / Uncategorized,Unclassified,none
Toeslag afh. afgel. gebied-bestem.,Toeslag afh. afgel. gebied-bestem.,40,1262.0,Other / Uncategorized,Unclassified,none
Toeslag fact. IR/BTW aan verzender,Toeslag fact. IR/BTW aan verzender,1,23.45,Taxes & Customs,VAT,rule
Toeslag groot pakket,Toeslag groot pakket,22,973.61,Other / Uncategorized,Unclassified,none
Toeslag voor papier handelsfacturen,Toeslag voor papier handelsfacturen,11,377.29999999999995,Other / Uncategorized,Unclassified,none
Tolgelden ,Tolgelden ,1,1.33,Other / Uncategorized,Unclassified,none
Toll,Toll,610,3333.31,Accessorial / Delivery Surcharge,Wait Time / Mileage / Toll,rule
Toll (distance based) ,Toll (distance based) ,1,3.84,Accessorial / Delivery Surcharge,Wait Time / Mileage / Toll,rule
Toll charge,Toll charge,2,7.85,Accessorial / Delivery Surcharge,Wait Time / Mileage / Toll,rule
Toll charge (distance based,Toll charge (distance based,1,6.2,Accessorial / Delivery Surcharge,Wait Time / Mileage / Toll,rule
Toll charge ,Toll charge ,1,2.81,Accessorial / Delivery Surcharge,Wait Time / Mileage / Toll,rule
Totaal excl. BTW EUR :,Totaal excl. BTW EUR :,1,45.0,Taxes & Customs,VAT,rule
Transport to Port,Transport to Port,6,3000.0,Line Haul / Base Transportation,Ocean Freight,rule
Transport to port,Transport to port,8,4000.0,Line Haul / Base Transportation,Ocean Freight,rule
Transportation Charge,Transportation Charge,38322,3609934.7600000002,Line Haul / Base Transportation,General / Mode Not Specified,rule
Transportation Charges,Transportation Charges,2,-14432.33,Line Haul / Base Transportation,General / Mode Not Specified,rule
Truck,Truck,3,1750.0,Line Haul / Base Transportation,Ground,tfidf_fallback
UNAUTHORIZED CBS PACKAGE CHRG,UNAUTHORIZED CBS PACKAGE CHRG,10,457.44,Administrative & Service Fees,Package Handling / Storage,tfidf_fallback
UNKNOWN PRODUCT NO DESCRIPTION GIVEN 150 190 MIN -,UNKNOWN PRODUCT NO DESCRIPTION GIVEN 150 190 MIN -,1,158.29,Other / Uncategorized,Unclassified,none
UPS Carbon Offsets,UPS Carbon Offsets,3,0.15000000000000002,Administrative & Service Fees,Sustainability / Carbon Fee,tfidf_fallback
UPS WorldEase Duty and Tax Forwarding Surcharge,UPS WorldEase Duty and Tax Forwarding Surcharge,22,330.0,Taxes & Customs,Duty & Import Tax,rule
UPS WorldEase Fuel Surcharge,UPS WorldEase Fuel Surcharge,1117,8173.78,Fuel Surcharge,International Fuel Surcharge,rule
UPS WorldEase Large Package Surcharge - Length + Girth,UPS WorldEase Large Package Surcharge - Length + Girth,3,705.0,Line Haul / Base Transportation,International / Export / Import Freight,rule
UPS WorldEase Remote Area Surcharge,UPS WorldEase Remote Area Surcharge,4,243.0,Line Haul / Base Transportation,International / Export / Import Freight,rule
UPS WorldEase Residential Surcharge,UPS WorldEase Residential Surcharge,19,123.75,Accessorial / Delivery Surcharge,Residential Delivery/Surcharge,rule
UPS WorldEase Standard to Canada Shipment,UPS WorldEase Standard to Canada Shipment,1116,48077.58,Line Haul / Base Transportation,International / Export / Import Freight,rule
UPS WorldEase Surge Fee - Large Package,UPS WorldEase Surge Fee - Large Package,3,288.0,Line Haul / Base Transportation,International / Export / Import Freight,rule
UPS WorldEase Worldwide Saver Shipment,UPS WorldEase Worldwide Saver Shipment,1,71.84,Line Haul / Base Transportation,International / Export / Import Freight,rule
US EXPORT COMPLIANCE FEE,US EXPORT COMPLIANCE FEE,3,45.0,Line Haul / Base Transportation,International / Export / Import Freight,rule
US Inbound Processing Fee,US Inbound Processing Fee,159,452.27,Taxes & Customs,Customs / Brokerage,tfidf_fallback
Uitzonderlijke toeslag  Zakelijk,Uitzonderlijke toeslag  Zakelijk,8,148.27,Other / Uncategorized,Unclassified,none
VALVE 60 50 MIN,VALVE 60 50 MIN,1,118.25,Administrative & Service Fees,Declared Value / Insurance,tfidf_fallback
VALVES 60 80 MIN,VALVES 60 80 MIN,1,118.25,Other / Uncategorized,Unclassified,none
VALVES 70 100 MIN,VALVES 70 100 MIN,1,158.29,Other / Uncategorized,Unclassified,none
VALVES 70 124 MIN,VALVES 70 124 MIN,1,118.25,Other / Uncategorized,Unclassified,none
VALVES 70 161 MIN,VALVES 70 161 MIN,1,118.25,Other / Uncategorized,Unclassified,none
VALVES 70 260 MIN,VALVES 70 260 MIN,1,118.25,Other / Uncategorized,Unclassified,none
VALVES 70 285 MIN,VALVES 70 285 MIN,1,118.25,Other / Uncategorized,Unclassified,none
VALVES 70 350 75.96,VALVES 70 350 75.96,1,265.86,Administrative & Service Fees,Declared Value / Insurance,tfidf_fallback
VALVES 70 540 56.83,VALVES 70 540 56.83,1,306.88,Administrative & Service Fees,Declared Value / Insurance,tfidf_fallback
VALVES 70 614 46.16,VALVES 70 614 46.16,1,283.42,Administrative & Service Fees,Declared Value / Insurance,tfidf_fallback
VAT,VAT,4193,32075.99,Taxes & Customs,VAT,rule
VAT on Ancillary,VAT on Ancillary,1,9.08,Taxes & Customs,VAT,rule
VAT on Disbursement Fee,VAT on Disbursement Fee,2,3.04,Taxes & Customs,VAT,rule
VGM FEE,VGM FEE,2,50.0,Other / Uncategorized,Unclassified,none
VGM PROCESSING FEE,VGM PROCESSING FEE,2,45.0,Taxes & Customs,Customs / Brokerage,tfidf_fallback
VGM/SOLAS Fee,VGM/SOLAS Fee,2,45.0,Other / Uncategorized,Unclassified,none
VPG VPG OCEAN BUNKR & PORT SECURTY CHRG,VPG VPG OCEAN BUNKR & PORT SECURTY CHRG,3,118.80000000000001,Line Haul / Base Transportation,Ocean Freight,rule
VPK DEST OCEAN CHARGE-NVOCC,VPK DEST OCEAN CHARGE-NVOCC,3,371.25,Line Haul / Base Transportation,Ocean Freight,rule
VPM DEST P.R. DELIVERY CHARGE,VPM DEST P.R. DELIVERY CHARGE,3,217.8,Accessorial / Delivery Surcharge,Delivery Area Surcharge (DAS),tfidf_fallback
VPQ VPQ DEST P.R. DOCUMENT CHARGE,VPQ VPQ DEST P.R. DOCUMENT CHARGE,3,99.0,Administrative & Service Fees,Document Fee,tfidf_fallback
VRACHTKOSTEN,VRACHTKOSTEN,2,1197.0,Other / Uncategorized,Unclassified,none
Value Added Tax,Value Added Tax,12,663.28,Taxes & Customs,Sales / General Tax,rule
Vervoer,Vervoer,21,212.4,Other / Uncategorized,Unclassified,none
Verzendcorrectiekosten,Verzendcorrectiekosten,213,476.26,Administrative & Service Fees,Billing Adjustment / Correction,rule
Voor U doen laten vervoeren ,Voor U doen laten vervoeren ,3,1335.0,Other / Uncategorized,Unclassified,none
Vrachtkosten,Vrachtkosten,7,3306.0,Other / Uncategorized,Unclassified,none
Vrachtkosten ,Vrachtkosten ,3,865.0,Other / Uncategorized,Unclassified,none
VrachtkostenÂ ,VrachtkostenÂ ,1,465.0,Other / Uncategorized,Unclassified,none
W&I FEE,W&I FEE,1,13.5,Other / Uncategorized,Unclassified,none
W&I FEE 1 Each $13.50,W&I FEE 1 Each $13.50,2,27.0,Other / Uncategorized,Unclassified,none
W/C,W/C,45,6804.0,Other / Uncategorized,Unclassified,none
WAIT WAIT TIME,WAIT WAIT TIME,34,730.53,Accessorial / Delivery Surcharge,Wait Time / Mileage / Toll,rule
WAIT WAIT TIME @ ATTEMPT,WAIT WAIT TIME @ ATTEMPT,1,75.0,Accessorial / Delivery Surcharge,Wait Time / Mileage / Toll,rule
WAIT WAIT TIME @ DELIVERY,WAIT WAIT TIME @ DELIVERY,2,41.62,Accessorial / Delivery Surcharge,Wait Time / Mileage / Toll,rule
WAIT WAIT TIME @ PU,WAIT WAIT TIME @ PU,21,267.38,Accessorial / Delivery Surcharge,Wait Time / Mileage / Toll,rule
WAIT WAIT TIME @ RECOVERY,WAIT WAIT TIME @ RECOVERY,26,1273.03,Accessorial / Delivery Surcharge,Wait Time / Mileage / Toll,rule
WAIT WAIT TIME @ RECOVERY 1051327,WAIT WAIT TIME @ RECOVERY 1051327,1,68.0,Accessorial / Delivery Surcharge,Wait Time / Mileage / Toll,rule
WAIT WAIT TIME @ RECOVERY ATTEMPT,WAIT WAIT TIME @ RECOVERY ATTEMPT,1,108.0,Accessorial / Delivery Surcharge,Wait Time / Mileage / Toll,rule
WAIT WAIT TIME @ TENDER,WAIT WAIT TIME @ TENDER,91,2964.41,Accessorial / Delivery Surcharge,Wait Time / Mileage / Toll,rule
WAIT WAIT TIME @ TENDER 1058034,WAIT WAIT TIME @ TENDER 1058034,1,78.57,Accessorial / Delivery Surcharge,Wait Time / Mileage / Toll,rule
WAIT WAIT TIME PU/TENDER,WAIT WAIT TIME PU/TENDER,1,120.0,Accessorial / Delivery Surcharge,Wait Time / Mileage / Toll,rule
WAIT WAIT TIME RECOVERY,WAIT WAIT TIME RECOVERY,1,346.0,Accessorial / Delivery Surcharge,Wait Time / Mileage / Toll,rule
WAIT WAITING TIME @ PU,WAIT WAITING TIME @ PU,3,59.3,Accessorial / Delivery Surcharge,Wait Time / Mileage / Toll,tfidf_fallback
WAIT WAITING TIME @ RECOVERY,WAIT WAITING TIME @ RECOVERY,3,119.72,Accessorial / Delivery Surcharge,Wait Time / Mileage / Toll,tfidf_fallback
WAIT WAITING TIME @ TENDER,WAIT WAITING TIME @ TENDER,1,7.5,Accessorial / Delivery Surcharge,Wait Time / Mileage / Toll,tfidf_fallback
WAITING TIME,WAITING TIME,6,175.0,Accessorial / Delivery Surcharge,Wait Time / Mileage / Toll,tfidf_fallback
WARREN CONTROLS CORP PRODUCT 60 125 MIN,WARREN CONTROLS CORP PRODUCT 60 125 MIN,1,142.94,Other / Uncategorized,Unclassified,none
WARREN CONTROLS PRODUCT 70 195 MIN,WARREN CONTROLS PRODUCT 70 195 MIN,1,173.02,Other / Uncategorized,Unclassified,none
WEEKLY PRINTER SERVICE FEE,WEEKLY PRINTER SERVICE FEE,18,359.64,Administrative & Service Fees,Returns / Print Label Fee,tfidf_fallback
WEIGHT VALIDATION FEE,WEIGHT VALIDATION FEE,2,62.64,Line Haul / Base Transportation,General / Mode Not Specified,tfidf_fallback
WGT. DEFICIT CHARGE 70 100 33.87,WGT. DEFICIT CHARGE 70 100 33.87,1,33.87,Accessorial / Delivery Surcharge,Demand / Peak Surcharge,tfidf_fallback
WGT. DEFICIT CHARGE 70 128 34.77,WGT. DEFICIT CHARGE 70 128 34.77,1,44.51,Accessorial / Delivery Surcharge,Demand / Peak Surcharge,tfidf_fallback
WID TSP 7/01/26 DIMENSIONER INSPEC Rated As; Deficit Weight,WID TSP 7/01/26 DIMENSIONER INSPEC Rated As; Deficit Weight,1,635.93,Other / Uncategorized,Unclassified,none
WKND WEEKEND,WKND WEEKEND,7,350.0,Other / Uncategorized,Unclassified,none
WKND WEEKEND DEL,WKND WEEKEND DEL,2,100.0,Other / Uncategorized,Unclassified,none
WKND WEEKEND PU,WKND WEEKEND PU,3,150.0,Other / Uncategorized,Unclassified,none
WOODEN CRATES 70 250 MIN,WOODEN CRATES 70 250 MIN,2,316.58,Other / Uncategorized,Unclassified,none
WOODEN CRATES 70 500 MIN,WOODEN CRATES 70 500 MIN,1,158.29,Other / Uncategorized,Unclassified,none
WTAH AFTER HOURS RECOVERY,WTAH AFTER HOURS RECOVERY,1,100.0,Accessorial / Delivery Surcharge,Saturday / After Hours / Holiday,rule
WTAH AFTERHOURS RECOVERY,WTAH AFTERHOURS RECOVERY,1,25.0,Accessorial / Delivery Surcharge,Saturday / After Hours / Holiday,tfidf_fallback
WW Expedited,WW Expedited,21,6552.9,Line Haul / Base Transportation,International / Export / Import Freight,tfidf_fallback
WW Express,WW Express,606,15058.26,Line Haul / Base Transportation,International / Export / Import Freight,rule
WW Express Saver,WW Express Saver,747,18959.23,Line Haul / Base Transportation,International / Export / Import Freight,rule
WW Express Saver Aanpassing,WW Express Saver Aanpassing,9,49.6,Line Haul / Base Transportation,International / Export / Import Freight,rule
WW Saver,WW Saver,15,6665.11,Other / Uncategorized,Unclassified,none
Wait Time,Wait Time,7,205.0,Accessorial / Delivery Surcharge,Wait Time / Mileage / Toll,rule
Wait Time (D),Wait Time (D),60,2961.62,Accessorial / Delivery Surcharge,Wait Time / Mileage / Toll,rule
Wait Time (P),Wait Time (P),439,6683.900000000001,Accessorial / Delivery Surcharge,Wait Time / Mileage / Toll,rule
Wait Time DL,Wait Time DL,2,100.0,Accessorial / Delivery Surcharge,Wait Time / Mileage / Toll,rule
Waiting hours,Waiting hours,1,300.0,Accessorial / Delivery Surcharge,Saturday / After Hours / Holiday,tfidf_fallback
Waiting time- Pickup,Waiting time- Pickup,1,200.0,Administrative & Service Fees,Pickup Service,rule
Waiting time-Delivery,Waiting time-Delivery,2,425.0,Accessorial / Delivery Surcharge,Delivery Area Surcharge (DAS),tfidf_fallback
War Surcharge 0,War Surcharge 0,2,43.54,Accessorial / Delivery Surcharge,Demand / Peak Surcharge,tfidf_fallback
Warehouse Fees,Warehouse Fees,6,401.34,Administrative & Service Fees,Package Handling / Storage,tfidf_fallback
Warehouse Storage,Warehouse Storage,1,105.0,Administrative & Service Fees,Package Handling / Storage,rule
Weekend Charge,Weekend Charge,85,2348.5699999999997,Accessorial / Delivery Surcharge,Demand / Peak Surcharge,tfidf_fallback
Weight Validation Fee,Weight Validation Fee,1,22.64,Line Haul / Base Transportation,General / Mode Not Specified,tfidf_fallback
Weight/Inspection,Weight/Inspection,1,35.0,Fuel Surcharge,Fuel Surcharge Correction,tfidf_fallback
WeightCharge,WeightCharge,18,980.0,Line Haul / Base Transportation,General / Mode Not Specified,tfidf_fallback
Worldwide Expedited,Worldwide Expedited,45,7557.76,Line Haul / Base Transportation,International / Export / Import Freight,tfidf_fallback
Worldwide Expedited Shipment,Worldwide Expedited Shipment,8,7807.63,Line Haul / Base Transportation,International / Export / Import Freight,tfidf_fallback
Worldwide Expedited Third Party,Worldwide Expedited Third Party,3,302.28,Administrative & Service Fees,Third Party Billing,tfidf_fallback
Worldwide Express,Worldwide Express,233,31251.23,Line Haul / Base Transportation,International / Export / Import Freight,rule
Worldwide Express Saver,Worldwide Express Saver,1,143.58,Line Haul / Base Transportation,International / Export / Import Freight,rule
Worldwide Express Shipment,Worldwide Express Shipment,22,23589.66,Line Haul / Base Transportation,International / Export / Import Freight,rule
Worldwide Saver,Worldwide Saver,73,11857.24,Line Haul / Base Transportation,International / Export / Import Freight,tfidf_fallback
Worldwide Saver Shipment,Worldwide Saver Shipment,8,9103.16,Line Haul / Base Transportation,International / Export / Import Freight,tfidf_fallback
X 40.0 X 57.0 275 87606,X 40.0 X 57.0 275 87606,1,2409.17,Other / Uncategorized,Unclassified,none
YARD PULL,YARD PULL,1,150.0,Other / Uncategorized,Unclassified,none
YARD STORAGE,YARD STORAGE,2,245.0,Administrative & Service Fees,Package Handling / Storage,rule
ZINC DIECAST PARTS 85 782 30.08,ZINC DIECAST PARTS 85 782 30.08,1,235.23,Administrative & Service Fees,Third Party Billing,tfidf_fallback
ZONE ADJUSTMENT 2nd Day Air,ZONE ADJUSTMENT 2nd Day Air,1,5.94,Line Haul / Base Transportation,Air Freight,rule
ZONE ADJUSTMENT Fuel Surcharge,ZONE ADJUSTMENT Fuel Surcharge,2,-0.72,Fuel Surcharge,Domestic Fuel Surcharge,rule
| SS E,| SS E,1,19.5,Other / Uncategorized,Unclassified,none
,,44,1676.5,Other / Uncategorized,Unclassified,none
